year,insurance_type,region,earned_premium,incurred_loss
2023,Accident Insurance,New Jersey,4505648,2792401
2015,Dental & Vision,Missouri,4158946,3017332
2017,Indemnity Health,New York,9418688,9612118
2023,Accident Insurance,Michigan,4957417,4182086
2020,Accident Insurance,Virginia,5208873,3467327
2022,Dental & Vision,New York,12665387,12805106
2021,Long-term Care,Maryland,4487532,5782735
2017,Indemnity Health,Florida,7731798,6936396
2021,Dental & Vision,Tennessee,2802381,2180281
2015,Accident Insurance,New Jersey,5753267,4295978
2015,Indemnity Health,Wisconsin,3935869,3201424
2015,Cancer Insurance,Michigan,4150925,3712559
2017,Critical Illness,Arizona,3091895,2253813
2021,Cancer Insurance,Indiana,3304380,2179708
2015,Indemnity Health,Indiana,3337901,2704442
2021,Accident Insurance,Florida,6741900,5803520
2024,Long-term Care,Tennessee,3814073,4770487
2021,Indemnity Health,California,14651472,15440755
2015,Accident Insurance,Indiana,2358784,2074013
2017,Indemnity Health,California,11419340,8807812
2020,Long-term Care,Virginia,3226168,3576853
2021,Indemnity Health,Florida,6710559,5467150
2016,Long-term Care,Maryland,4739447,4775093
2021,Cancer Insurance,Massachusetts,5773521,4798444
2019,Dental & Vision,Pennsylvania,6283675,5719014
2016,Indemnity Health,Arizona,4384598,3985805
2018,Cancer Insurance,New Jersey,5078143,3785233
2021,Dental & Vision,California,11619456,9483322
2022,Indemnity Health,Illinois,6240728,5237113
2015,Indemnity Health,New York,11132478,9651906
2023,Critical Illness,Massachusetts,5413439,3208840
2017,Long-term Care,Florida,7211224,7068789
2015,Cancer Insurance,Ohio,4855633,4223616
2016,Cancer Insurance,Wisconsin,3109641,2665179
2024,Indemnity Health,Texas,10296009,10250336
2019,Accident Insurance,Wisconsin,3223316,2233639
2022,Indemnity Health,Arizona,4942725,3741666
2024,Long-term Care,Indiana,3688433,4121609
2017,Accident Insurance,Missouri,3312060,2450698
2018,Accident Insurance,Virginia,5484411,4564152
2022,Indemnity Health,Washington,4228724,3898641
2020,Accident Insurance,Maryland,4995835,5108103
2015,Critical Illness,Maryland,4193204,2979326
2022,Long-term Care,Washington,5767476,6369860
2024,Critical Illness,Virginia,4630328,3707814
2021,Cancer Insurance,Washington,5124212,4763044
2020,Dental & Vision,Washington,5536444,4205291
2024,Cancer Insurance,Illinois,4512222,3395274
2024,Cancer Insurance,Maryland,3666493,2865122
2015,Critical Illness,Massachusetts,5438852,3928117
2020,Cancer Insurance,Virginia,5034854,4589991
2024,Indemnity Health,Pennsylvania,5264080,5071847
2017,Accident Insurance,Florida,7824925,5302485
2015,Dental & Vision,Ohio,4889449,4149966
2024,Cancer Insurance,Missouri,2745496,1798872
2024,Long-term Care,New Jersey,4206332,4170184
2019,Indemnity Health,Arizona,3045728,2300415
2020,Cancer Insurance,Illinois,5292622,3938933
2018,Dental & Vision,New Jersey,4624373,3337615
2020,Dental & Vision,Georgia,4589069,4036045
2019,Critical Illness,Florida,7253660,5765244
2017,Indemnity Health,Georgia,3081703,2952357
2018,Accident Insurance,Florida,6846156,5310515
2017,Long-term Care,Washington,4595301,4248544
2018,Cancer Insurance,Ohio,5161972,4380957
2021,Indemnity Health,Florida,6197341,6992148
2018,Indemnity Health,Georgia,5489724,5312808
2016,Critical Illness,Pennsylvania,6074526,2942163
2020,Dental & Vision,Tennessee,4195495,3717330
2024,Cancer Insurance,Wisconsin,3575538,2908220
2017,Cancer Insurance,Indiana,2855437,2383218
2021,Indemnity Health,Washington,3508808,2641723
2015,Cancer Insurance,Arizona,4909163,3961457
2022,Long-term Care,Florida,9959511,12423627
2018,Long-term Care,Washington,4751853,5855023
2016,Critical Illness,Florida,7766797,4209210
2021,Dental & Vision,Georgia,5358089,4851466
2015,Dental & Vision,Missouri,2948628,2508771
2015,Long-term Care,New Jersey,5745153,6563914
2023,Indemnity Health,Maryland,3666427,3889554
2024,Critical Illness,Wisconsin,2986426,2232148
2019,Dental & Vision,Missouri,3734742,2686885
2016,Critical Illness,California,13345256,8627254
2020,Accident Insurance,Washington,5945926,6117578
2016,Critical Illness,Massachusetts,3675895,2385059
2024,Dental & Vision,California,14050797,13433484
2018,Dental & Vision,Virginia,4341317,2872076
2021,Cancer Insurance,Wisconsin,3308291,2765918
2021,Dental & Vision,Washington,5790772,5032723
2018,Accident Insurance,Michigan,4196533,3079328
2016,Indemnity Health,Illinois,5120523,4379209
2015,Indemnity Health,Pennsylvania,4690538,4271577
2018,Dental & Vision,Ohio,5902743,4693274
2024,Long-term Care,Virginia,3749431,4125889
2018,Indemnity Health,North Carolina,5143503,5505472
2020,Critical Illness,Michigan,4588424,4055574
2023,Long-term Care,Virginia,3835125,3902610
2023,Dental & Vision,Illinois,6595588,4320779
2016,Indemnity Health,Illinois,5197777,4579153
2020,Cancer Insurance,Florida,7020918,5295512
2019,Critical Illness,Illinois,5867462,4528037
2020,Indemnity Health,Tennessee,2873955,2576968
2015,Cancer Insurance,New York,11125988,9364103
2016,Indemnity Health,Wisconsin,2870783,1942765
2021,Accident Insurance,California,12751911,9985328
2017,Accident Insurance,Texas,10419505,7637394
2016,Cancer Insurance,Texas,8741964,4887956
2022,Accident Insurance,Missouri,2425242,1968249
2021,Long-term Care,Illinois,6498247,8171118
2016,Cancer Insurance,Illinois,7220522,4192159
2023,Cancer Insurance,Georgia,3403906,2943672
2022,Dental & Vision,North Carolina,3227806,3047904
2024,Accident Insurance,Arizona,4869536,3340166
2023,Accident Insurance,Ohio,5137324,4301745
2019,Long-term Care,Missouri,3310163,3887481
2022,Accident Insurance,Washington,4713018,3368042
2015,Accident Insurance,Wisconsin,2534128,2104362
2017,Cancer Insurance,New York,10688993,9534161
2015,Cancer Insurance,New Jersey,5219970,4130740
2018,Accident Insurance,Washington,4826166,3037253
2018,Cancer Insurance,Maryland,3131697,1835534
2022,Cancer Insurance,Wisconsin,2484494,1716425
2022,Indemnity Health,Texas,8532623,6758299
2016,Long-term Care,Washington,4471275,5483206
2019,Indemnity Health,California,13356261,9948213
2016,Cancer Insurance,Missouri,2500636,1962527
2023,Cancer Insurance,Indiana,2511042,1644434
2020,Long-term Care,Virginia,3729568,3742337
2020,Indemnity Health,Missouri,3922440,3928341
2021,Indemnity Health,Indiana,3442722,3345918
2022,Long-term Care,Texas,11025732,12281496
2018,Indemnity Health,Georgia,4024606,3100708
2021,Accident Insurance,Wisconsin,2872163,2469042
2020,Long-term Care,Texas,7772903,9030376
2023,Accident Insurance,Maryland,4175032,4021036
2021,Critical Illness,Illinois,6654470,5847210
2015,Long-term Care,California,10244230,8670677
2024,Accident Insurance,Florida,8027390,8250288
2018,Accident Insurance,Florida,7814019,7854161
2018,Cancer Insurance,Washington,4741818,3772795
2018,Long-term Care,Michigan,3862965,4136638
2021,Cancer Insurance,North Carolina,3794110,3539635
2022,Dental & Vision,Texas,8977430,6888219
2019,Indemnity Health,Georgia,5184202,4953097
2017,Long-term Care,Arizona,3121299,3011249
2023,Indemnity Health,Virginia,3970845,3171257
2021,Long-term Care,Missouri,3648096,3984745
2023,Dental & Vision,Massachusetts,3836583,3826775
2016,Cancer Insurance,North Carolina,5522010,4932062
2024,Dental & Vision,Arizona,4268070,3737388
2015,Indemnity Health,Massachusetts,5489594,5416806
2019,Dental & Vision,Missouri,3882051,2968132
2022,Critical Illness,Arizona,3735692,2656702
2019,Dental & Vision,Florida,7724172,5968627
2016,Cancer Insurance,Georgia,3427265,2683706
2017,Accident Insurance,Washington,3562973,2342078
2024,Cancer Insurance,Missouri,2568734,2631502
2022,Dental & Vision,Virginia,3530175,3305495
2022,Indemnity Health,Missouri,3033111,2556477
2019,Long-term Care,Arizona,4428664,3772728
2017,Dental & Vision,New York,9579836,8725061
2020,Cancer Insurance,Massachusetts,5048902,4548932
2016,Long-term Care,Ohio,3716090,3864487
2017,Long-term Care,Wisconsin,2644344,2950361
2021,Dental & Vision,Ohio,5279824,5081395
2016,Cancer Insurance,California,9370459,8428793
2020,Dental & Vision,Washington,5561034,4843262
2019,Accident Insurance,Tennessee,4371083,4349808
2022,Accident Insurance,Ohio,5888647,5971833
2016,Indemnity Health,New Jersey,6224868,6126302
2021,Dental & Vision,Texas,8105866,6495258
2016,Dental & Vision,Illinois,5411232,4814427
2022,Long-term Care,Michigan,3370064,4046976
2015,Dental & Vision,Wisconsin,2885433,2582717
2019,Accident Insurance,Missouri,3927269,2798256
2024,Dental & Vision,Maryland,4261447,3124963
2016,Critical Illness,Texas,10734570,6185699
2020,Long-term Care,Texas,10237688,8765003
2021,Critical Illness,North Carolina,4176225,2991622
2019,Indemnity Health,Arizona,3003301,2595448
2021,Critical Illness,Virginia,4972384,3130997
2024,Long-term Care,North Carolina,4914970,5353112
2024,Indemnity Health,New York,10157241,10865953
2020,Dental & Vision,New Jersey,5684420,4599807
2017,Long-term Care,Ohio,5587409,4530456
2018,Accident Insurance,Illinois,4769332,4570696
2023,Dental & Vision,Michigan,4650928,4769978
2023,Dental & Vision,Georgia,5426865,5110526
2019,Cancer Insurance,Arizona,4314399,3364984
2023,Dental & Vision,North Carolina,5088289,3503515
2023,Long-term Care,Arizona,4252870,5076973
2018,Long-term Care,Virginia,5148476,6365275
2021,Cancer Insurance,New York,10630529,6501645
2024,Dental & Vision,New York,10299247,9329215
2018,Accident Insurance,Florida,8384017,7365044
2017,Critical Illness,Michigan,3826418,2158670
2016,Dental & Vision,Ohio,4408790,3981212
2015,Long-term Care,Maryland,3312345,2873997
2018,Indemnity Health,Michigan,3448269,3278123
2020,Dental & Vision,Massachusetts,5650564,4282262
2018,Accident Insurance,Indiana,2803563,1887284
2022,Accident Insurance,California,12272000,9706482
2024,Indemnity Health,Ohio,4813707,4428197
2022,Indemnity Health,Ohio,4773779,3695420
2022,Cancer Insurance,North Carolina,5376809,5192199
2023,Cancer Insurance,North Carolina,4579716,2683901
2018,Critical Illness,Michigan,3396663,2770009
2024,Dental & Vision,Maryland,4362716,3844054
2020,Cancer Insurance,Massachusetts,3936813,2997709
2022,Critical Illness,Indiana,3127159,2795136
2023,Indemnity Health,Ohio,3645933,3278840
2017,Accident Insurance,Illinois,5993385,4947029
2024,Critical Illness,North Carolina,4563196,3865452
2021,Long-term Care,Missouri,3321813,2961895
2019,Dental & Vision,Pennsylvania,4916087,3537146
2022,Indemnity Health,Arizona,4497284,3555549
2024,Accident Insurance,Texas,11307009,10014324
2016,Dental & Vision,Massachusetts,3607040,2706892
2021,Indemnity Health,Florida,9162134,8227814
2022,Indemnity Health,Pennsylvania,5518074,4521431
2015,Long-term Care,Ohio,3831161,4000278
2018,Indemnity Health,Georgia,4892250,4184861
2017,Long-term Care,Tennessee,3042452,3752799
2015,Accident Insurance,Washington,4733899,3132651
2023,Cancer Insurance,Arizona,4678076,4136005
2020,Indemnity Health,New York,9152210,8842885
2015,Critical Illness,Florida,8450186,4725832
2018,Dental & Vision,California,10030752,6559447
2024,Critical Illness,Florida,6242338,4978178
2017,Critical Illness,Ohio,5442822,4198743
2020,Cancer Insurance,Texas,11186729,11157262
2020,Critical Illness,Michigan,4732371,3464839
2019,Critical Illness,North Carolina,5161860,4260643
2018,Indemnity Health,Florida,7980623,7839561
2019,Critical Illness,New York,8462834,7560783
2020,Cancer Insurance,Arizona,2853021,1825769
2016,Dental & Vision,Georgia,4570865,3442881
2018,Critical Illness,Virginia,5486730,4974857
2024,Critical Illness,Missouri,3909780,2504629
2018,Indemnity Health,Texas,10448027,11282111
2024,Indemnity Health,Arizona,3464191,3046846
2022,Accident Insurance,North Carolina,4892392,4084302
2017,Cancer Insurance,Tennessee,3542960,2396196
2024,Accident Insurance,Georgia,3140752,3169871
2020,Long-term Care,Arizona,4044869,4075325
2020,Long-term Care,Tennessee,2808711,3261557
2017,Accident Insurance,Massachusetts,4035523,3308782
2021,Cancer Insurance,Washington,4315475,2359839
2023,Indemnity Health,California,9087770,7302338
2019,Dental & Vision,Illinois,7273779,6166920
2022,Indemnity Health,Florida,6976058,7719944
2016,Long-term Care,Washington,4684480,5598349
2024,Dental & Vision,New York,9449660,7643104
2022,Dental & Vision,Tennessee,2867520,2838136
2018,Cancer Insurance,Michigan,3272610,2091245
2015,Dental & Vision,New York,8775644,7340844
2019,Cancer Insurance,Missouri,3677452,2363152
2021,Dental & Vision,Michigan,3123464,2037456
2015,Accident Insurance,Ohio,4275275,2855356
2015,Critical Illness,Arizona,2834884,2097143
2021,Dental & Vision,Wisconsin,4087212,3591389
2024,Critical Illness,Missouri,3243913,2882157
2019,Long-term Care,New Jersey,6313649,7353569
2018,Critical Illness,New York,11792673,8194522
2024,Long-term Care,Virginia,5187450,5874322
2015,Cancer Insurance,Missouri,3924466,3127097
2019,Critical Illness,Tennessee,3354865,2890281
2019,Dental & Vision,Tennessee,3178902,3136037
2019,Critical Illness,Georgia,5018640,3710646
2016,Accident Insurance,Michigan,3474018,2327673
2019,Dental & Vision,North Carolina,4283002,2849878
2018,Cancer Insurance,Michigan,3326215,2085194
2015,Long-term Care,Georgia,4155170,4195851
2019,Dental & Vision,Arizona,4226998,3183660
2021,Indemnity Health,Indiana,3715687,4219563
2016,Cancer Insurance,Tennessee,4028611,3180338
2015,Cancer Insurance,Massachusetts,4911066,4060974
2021,Accident Insurance,Wisconsin,3424612,3012629
2022,Accident Insurance,Wisconsin,2798459,1969846
2024,Dental & Vision,Massachusetts,5528174,4966026
2024,Indemnity Health,Wisconsin,2963825,2310269
2023,Accident Insurance,Michigan,4120455,2860766
2015,Long-term Care,New York,9470956,9652949
2016,Indemnity Health,Washington,5593419,4734058
2021,Cancer Insurance,Illinois,5034038,3983351
2022,Critical Illness,Georgia,3248285,2508737
2023,Long-term Care,Michigan,4426814,5202790
2018,Critical Illness,Wisconsin,3742904,2096669
2018,Cancer Insurance,Wisconsin,3272402,2871032
2020,Indemnity Health,Wisconsin,3851028,3097027
2016,Accident Insurance,Illinois,5158475,4567553
2018,Long-term Care,Florida,6675273,7600315
2020,Accident Insurance,Michigan,4823513,4231840
2023,Critical Illness,Florida,6492007,4072379
2023,Cancer Insurance,Pennsylvania,6356012,4219852
2020,Indemnity Health,Washington,3832366,3954585
2016,Cancer Insurance,Michigan,3058492,2673286
2023,Indemnity Health,Maryland,3970832,3088165
2018,Accident Insurance,Georgia,3936750,2504444
2015,Long-term Care,Illinois,6099897,5921745
2016,Cancer Insurance,California,13134240,12293459
2020,Accident Insurance,New Jersey,5902517,4461114
2019,Dental & Vision,Michigan,4013878,3617397
2016,Accident Insurance,New Jersey,6150848,4824456
2023,Accident Insurance,Florida,6340647,6534626
2016,Accident Insurance,Wisconsin,2726947,2130419
2019,Cancer Insurance,California,10941250,9428932
2021,Indemnity Health,North Carolina,3596602,3172013
2018,Critical Illness,Indiana,2533305,1387612
2022,Cancer Insurance,Georgia,5392016,4417728
2020,Indemnity Health,New York,8216359,9541039
2021,Long-term Care,Texas,9385969,11038382
2017,Critical Illness,Michigan,4876356,4144785
2024,Accident Insurance,Michigan,3959384,2723567
2019,Dental & Vision,California,9633474,8495570
2016,Indemnity Health,North Carolina,5268002,5179884
2022,Critical Illness,Virginia,4828570,2959228
2017,Cancer Insurance,Missouri,2629207,2108131
2016,Cancer Insurance,Washington,3600902,2998195
2016,Dental & Vision,Pennsylvania,4662415,3471937
2015,Critical Illness,Washington,3900781,2160936
2020,Indemnity Health,Indiana,3575599,3056706
2024,Dental & Vision,Ohio,5832854,5065022
2024,Critical Illness,Washington,5763719,3127874
2020,Cancer Insurance,California,12982485,10789960
2016,Long-term Care,Texas,11824570,12566864
2018,Critical Illness,Ohio,3775104,2507568
2021,Indemnity Health,Missouri,3783034,4270727
2016,Accident Insurance,Indiana,3892663,3428768
2019,Critical Illness,Indiana,2527328,1848886
2020,Cancer Insurance,Michigan,4738423,3989516
2021,Indemnity Health,Washington,5264620,5390010
2017,Dental & Vision,Wisconsin,3794624,2663738
2019,Long-term Care,Tennessee,2598835,3033368
2017,Critical Illness,Missouri,4111148,2849777
2020,Accident Insurance,Indiana,3545676,2483257
2016,Indemnity Health,Illinois,5908771,4969307
2015,Critical Illness,Georgia,4419511,3511454
2024,Critical Illness,Missouri,3157963,1723303
2020,Long-term Care,Illinois,6325115,7981755
2020,Critical Illness,Virginia,5147217,2727097
2022,Accident Insurance,Maryland,4216167,3564985
2024,Indemnity Health,Texas,7556168,6344726
2019,Long-term Care,Indiana,3819977,4413536
2018,Indemnity Health,North Carolina,3905685,3152419
2020,Cancer Insurance,Illinois,6012933,3294767
2022,Dental & Vision,Wisconsin,3576197,3035737
2019,Dental & Vision,Washington,5065388,4515349
2018,Cancer Insurance,Florida,8284870,6572954
2019,Critical Illness,Florida,9269252,8101447
2024,Long-term Care,Washington,5157177,5360309
2016,Long-term Care,Missouri,3990178,4295533
2021,Accident Insurance,Arizona,4070173,2860806
2018,Critical Illness,New Jersey,4449101,3797995
2015,Indemnity Health,Pennsylvania,6429258,5755215
2015,Critical Illness,Texas,10779883,8865591
2016,Accident Insurance,Illinois,5382747,3752866
2015,Long-term Care,Washington,5191947,4251717
2017,Long-term Care,Tennessee,3594133,3938191
2024,Critical Illness,Arizona,3775294,3467548
2021,Critical Illness,Wisconsin,2666293,1705035
2017,Dental & Vision,Maryland,5063013,4555445
2020,Indemnity Health,New Jersey,5702865,5308502
2018,Critical Illness,Pennsylvania,6463366,3685928
2016,Critical Illness,Tennessee,4474315,2857585
2016,Cancer Insurance,Wisconsin,3739591,2265301
2020,Cancer Insurance,Michigan,4589600,4022933
2018,Indemnity Health,Georgia,4068587,3023978
2023,Dental & Vision,Pennsylvania,6555414,6566398
2023,Long-term Care,Tennessee,4246549,4356811
2018,Critical Illness,New York,9538554,6714014
2015,Indemnity Health,Ohio,4607228,3922928
2022,Dental & Vision,Missouri,3036774,2000355
2018,Accident Insurance,Indiana,2706177,2717319
2015,Critical Illness,Florida,7387689,4743841
2022,Cancer Insurance,New Jersey,5096750,3523446
2020,Cancer Insurance,Georgia,5406600,4744757
2020,Accident Insurance,Pennsylvania,6291178,5011993
2024,Indemnity Health,Georgia,4514334,4197917
2017,Long-term Care,Ohio,5925698,5493758
2021,Long-term Care,Wisconsin,3460344,3835384
2018,Indemnity Health,New Jersey,3997278,3438823
2018,Cancer Insurance,Tennessee,4266748,3450398
2016,Dental & Vision,Virginia,3239873,2264292
2019,Accident Insurance,North Carolina,3933184,3024848
2018,Long-term Care,Indiana,2319872,2145880
2024,Indemnity Health,New Jersey,6463620,6913722
2024,Cancer Insurance,Florida,9940743,10123197
2018,Accident Insurance,Maryland,4137017,3949179
2024,Dental & Vision,Wisconsin,2469771,2113293
2017,Accident Insurance,Tennessee,3904081,2889799
2024,Long-term Care,Florida,6602488,8639082
2022,Indemnity Health,Tennessee,2752968,2895104
2021,Dental & Vision,Maryland,4965703,4687089
2019,Accident Insurance,California,14822362,11667127
2019,Critical Illness,New York,8095695,6513377
2023,Accident Insurance,Florida,8098963,5978597
2023,Long-term Care,Arizona,4138748,3821340
2019,Indemnity Health,Indiana,2895200,2499035
2022,Cancer Insurance,New Jersey,6083562,5057937
2021,Cancer Insurance,Wisconsin,3825669,2413284
2017,Dental & Vision,Pennsylvania,6578671,5570521
2021,Dental & Vision,Georgia,4391727,3569656
2019,Dental & Vision,Maryland,5104971,4391459
2016,Dental & Vision,Florida,8342295,5214520
2017,Cancer Insurance,North Carolina,4743831,3856585
2019,Indemnity Health,New Jersey,4940613,5593539
2024,Critical Illness,Illinois,6852862,4072008
2017,Accident Insurance,Florida,8953061,5613836
2023,Accident Insurance,Illinois,7188428,7692528
2023,Cancer Insurance,Texas,9087584,6924239
2024,Accident Insurance,Missouri,3940343,2853325
2024,Dental & Vision,Georgia,5129662,4114856
2019,Accident Insurance,Illinois,6577480,5456286
2021,Indemnity Health,Georgia,4856780,4218482
2019,Cancer Insurance,Maryland,4854980,2987648
2016,Long-term Care,New Jersey,5546906,4789201
2017,Dental & Vision,New York,11295042,7944193
2020,Critical Illness,New York,12435741,10417159
2015,Accident Insurance,Florida,8437019,6980636
2024,Dental & Vision,Pennsylvania,5010114,4080438
2021,Dental & Vision,Missouri,3585600,3296893
2015,Long-term Care,Texas,7924779,7287147
2017,Cancer Insurance,California,11044137,10529439
2018,Indemnity Health,New York,10108652,11220224
2020,Cancer Insurance,Arizona,4417501,3609554
2015,Accident Insurance,Arizona,3170970,2220214
2015,Cancer Insurance,Illinois,6327359,4802489
2022,Cancer Insurance,Tennessee,3885676,3042629
2024,Accident Insurance,North Carolina,4598255,4172046
2019,Accident Insurance,Ohio,4054991,3381638
2020,Critical Illness,Virginia,4079228,3338311
2018,Critical Illness,Illinois,4727765,3765270
2020,Indemnity Health,Florida,9858192,8866643
2023,Long-term Care,Tennessee,4312707,4261965
2022,Cancer Insurance,Massachusetts,4198343,3679633
2022,Cancer Insurance,Virginia,4671490,3337100
2024,Critical Illness,Massachusetts,3631122,2101611
2022,Accident Insurance,North Carolina,5784017,4897519
2019,Critical Illness,Ohio,4799039,3624337
2024,Indemnity Health,Michigan,3228469,2960726
2017,Dental & Vision,Pennsylvania,4347979,3331473
2016,Indemnity Health,Texas,11450952,9787774
2023,Accident Insurance,Georgia,3996756,2999019
2018,Cancer Insurance,New York,12780808,10886431
2016,Critical Illness,Missouri,3058529,1758380
2024,Cancer Insurance,Texas,10596893,9000391
2018,Critical Illness,North Carolina,4878173,3799742
2019,Accident Insurance,Missouri,4082577,3917628
2015,Cancer Insurance,Virginia,4877812,4201321
2018,Critical Illness,Washington,5948754,4023377
2016,Long-term Care,New Jersey,3812021,3738077
2018,Critical Illness,Illinois,7047025,5310993
2024,Dental & Vision,Missouri,2414309,2186398
2017,Cancer Insurance,Maryland,3165177,2566507
2015,Dental & Vision,Missouri,2949921,2113762
2024,Critical Illness,Arizona,4288991,3510840
2019,Long-term Care,New York,12416067,12997961
2018,Long-term Care,Wisconsin,2993733,3621027
2016,Dental & Vision,New Jersey,4418103,3252813
2017,Accident Insurance,Georgia,4041383,3099477
2023,Accident Insurance,Virginia,3376140,3291927
2016,Long-term Care,Missouri,4199773,5254002
2022,Dental & Vision,Indiana,3317675,2873548
2016,Accident Insurance,Massachusetts,3719769,2333396
2023,Indemnity Health,Washington,3923356,2890938
2017,Dental & Vision,Wisconsin,4128453,3609710
2017,Dental & Vision,Ohio,5138755,3169387
2018,Long-term Care,Virginia,4013771,4318929
2020,Indemnity Health,Florida,6304372,5976732
2024,Cancer Insurance,Florida,7240241,6532101
2024,Indemnity Health,Michigan,3675919,3337442
2020,Dental & Vision,Ohio,4325583,3832278
2018,Critical Illness,Ohio,4559471,3825424
2024,Critical Illness,Wisconsin,3685657,3019492
2022,Accident Insurance,Pennsylvania,4934288,4696834
2018,Critical Illness,Virginia,5232053,4489224
2023,Critical Illness,Texas,10134772,8251346
2020,Critical Illness,Missouri,3141956,2318713
2015,Accident Insurance,Wisconsin,4063254,2541895
2015,Accident Insurance,Georgia,5350552,4502570
2016,Indemnity Health,Arizona,4298901,3445801
2015,Long-term Care,Arizona,3671131,3992341
2023,Dental & Vision,Arizona,3568823,3286204
2017,Indemnity Health,Massachusetts,5742889,4825229
2021,Dental & Vision,Pennsylvania,4413756,3483950
2020,Dental & Vision,Georgia,4978566,3867112
2020,Accident Insurance,New Jersey,5876633,4870698
2023,Dental & Vision,Florida,9383961,8921693
2020,Cancer Insurance,California,13136361,8377572
2020,Long-term Care,Michigan,3225173,3117761
2023,Cancer Insurance,Missouri,2469969,2225918
2018,Long-term Care,California,9211000,7819072
2017,Long-term Care,California,14522467,18328992
2022,Indemnity Health,Massachusetts,5985300,4610498
2020,Critical Illness,New York,12603703,6818862
2016,Dental & Vision,Missouri,2341411,1875703
2018,Cancer Insurance,Florida,6141661,3915469
2023,Cancer Insurance,Pennsylvania,4234204,3489260
2022,Indemnity Health,Michigan,4395054,4424566
2024,Critical Illness,Ohio,5587576,3763247
2018,Indemnity Health,California,10060479,7519866
2017,Dental & Vision,Wisconsin,2550330,2188014
2018,Cancer Insurance,Florida,7681553,5103002
2023,Dental & Vision,Georgia,3259128,2417790
2022,Critical Illness,Arizona,4764306,2675187
2017,Accident Insurance,Illinois,7274474,6039229
2015,Cancer Insurance,Texas,10980303,9012918
2015,Critical Illness,Ohio,3682193,2709048
2021,Dental & Vision,Texas,10402935,9323817
2015,Indemnity Health,Pennsylvania,6331061,5928508
2015,Critical Illness,Arizona,3942588,2568956
2019,Critical Illness,Georgia,5243569,3728298
2017,Accident Insurance,New York,8546254,5897555
2023,Accident Insurance,Wisconsin,3451530,2857448
2015,Critical Illness,Missouri,3389439,1875139
2021,Critical Illness,New York,9464560,7535464
2022,Dental & Vision,Indiana,3824492,2746248
2020,Critical Illness,Tennessee,3094814,2061202
2022,Critical Illness,Maryland,3201226,2114280
2016,Critical Illness,Texas,10617712,7046316
2021,Critical Illness,Washington,5056587,4714217
2024,Cancer Insurance,Tennessee,4106647,2723153
2015,Cancer Insurance,Virginia,5286764,3758089
2016,Critical Illness,Missouri,3877898,1905514
2023,Accident Insurance,Texas,7550106,5236249
2020,Critical Illness,Florida,6714948,3979170
2023,Critical Illness,Michigan,3709983,2325575
2024,Critical Illness,Indiana,2878897,2125608
2020,Indemnity Health,Illinois,5230648,5702609
2015,Indemnity Health,Indiana,2711140,2226473
2017,Indemnity Health,Arizona,3748849,3169957
2015,Critical Illness,Massachusetts,3740552,2211278
2019,Long-term Care,Ohio,3700402,4332094
2017,Critical Illness,Missouri,2687252,1600312
2019,Indemnity Health,Indiana,2803853,2857573
2023,Dental & Vision,Massachusetts,4504927,3678708
2023,Long-term Care,Illinois,6523111,7879084
2019,Cancer Insurance,Arizona,3558946,2669439
2017,Long-term Care,Tennessee,4272176,4286421
2024,Dental & Vision,North Carolina,5609333,5081249
2018,Critical Illness,Florida,6085705,3590301
2016,Indemnity Health,California,9802654,9662547
2016,Long-term Care,Massachusetts,4263563,4765964
2019,Indemnity Health,Pennsylvania,4604608,4956804
2017,Indemnity Health,Arizona,3984051,3840218
2022,Cancer Insurance,Ohio,3846847,3901777
2020,Long-term Care,Tennessee,2619968,3074984
2016,Long-term Care,Wisconsin,2565197,2509095
2017,Accident Insurance,Virginia,4525422,3679764
2023,Critical Illness,Ohio,5858425,4110149
2023,Dental & Vision,Tennessee,2930882,2247500
2016,Indemnity Health,Florida,7785505,7002587
2019,Critical Illness,Pennsylvania,4217624,3222823
2024,Long-term Care,Massachusetts,4202888,4143124
2016,Critical Illness,Texas,9009146,7031732
2021,Cancer Insurance,Missouri,3121575,1928119
2018,Critical Illness,New York,8201917,6191276
2018,Cancer Insurance,Massachusetts,4624550,4333675
2022,Accident Insurance,Texas,8375809,7561812
2022,Accident Insurance,Massachusetts,3914426,2956766
2021,Indemnity Health,Michigan,3124400,2953546
2023,Dental & Vision,Tennessee,4306321,4441128
2024,Critical Illness,Virginia,4374348,2791754
2020,Long-term Care,California,11871235,11374933
2021,Accident Insurance,Texas,10150456,8755268
2021,Indemnity Health,Wisconsin,4286418,4371274
2020,Critical Illness,Florida,9607506,5240745
2021,Critical Illness,Pennsylvania,5787870,4749119
2018,Cancer Insurance,Florida,6290468,4005728
2024,Accident Insurance,Georgia,3033388,3009836
2019,Accident Insurance,Michigan,3912274,3326254
2022,Critical Illness,Wisconsin,2576703,2041795
2017,Dental & Vision,Georgia,3574878,2564525
2024,Dental & Vision,California,14917740,10167962
2019,Accident Insurance,Virginia,3918415,3295424
2016,Accident Insurance,New Jersey,5251193,4318292
2019,Long-term Care,New York,8782518,8249377
2024,Indemnity Health,Indiana,3685381,3264769
2017,Critical Illness,Virginia,3657618,2322887
2023,Critical Illness,Pennsylvania,5947528,3511625
2020,Dental & Vision,Michigan,3351019,2585359
2018,Dental & Vision,Massachusetts,5572685,4444518
2023,Long-term Care,Georgia,5267085,5706654
2015,Indemnity Health,Georgia,4671287,4094920
2019,Cancer Insurance,Arizona,4860557,3352652
2021,Accident Insurance,Indiana,2575430,2257392
2022,Long-term Care,Arizona,3307467,3355263
2015,Indemnity Health,Arizona,3278516,3198354
2024,Cancer Insurance,Georgia,3095958,2501144
2020,Critical Illness,Virginia,5283802,4391343
2017,Indemnity Health,Arizona,3144725,3191225
2015,Dental & Vision,Ohio,5777635,4288152
2024,Dental & Vision,Florida,7144544,6184786
2015,Dental & Vision,Virginia,5451875,3712596
2024,Long-term Care,New Jersey,6296285,6779398
2018,Critical Illness,California,9839588,6777847
2017,Long-term Care,Illinois,6807741,8215721
2020,Critical Illness,Texas,7511717,4214628
2017,Long-term Care,Georgia,4048559,4737759
2017,Indemnity Health,Illinois,6506131,4679114
2018,Cancer Insurance,Washington,3948661,2555091
2023,Accident Insurance,Georgia,3327915,2644123
2022,Accident Insurance,Indiana,2815369,1963324
2016,Long-term Care,Wisconsin,2446047,2447529
2015,Critical Illness,Arizona,3132229,1944458
2023,Critical Illness,Florida,6326853,5085190
2021,Critical Illness,Virginia,3532332,2402958
2023,Indemnity Health,Arizona,2974293,2464782
2015,Dental & Vision,Georgia,5498163,4344910
2023,Dental & Vision,Massachusetts,5753772,4764811
2018,Accident Insurance,Ohio,3946741,2808227
2016,Long-term Care,Pennsylvania,6700599,5497374
2019,Accident Insurance,Virginia,5084035,4737576
2018,Critical Illness,Massachusetts,5202796,3158582
2021,Long-term Care,California,11854920,11879578
2023,Dental & Vision,California,10054303,7926632
2015,Critical Illness,Pennsylvania,4660004,3022339
2022,Indemnity Health,Illinois,4794625,4768169
2021,Accident Insurance,Wisconsin,2411145,1758656
2024,Dental & Vision,Michigan,3634690,2673818
2016,Accident Insurance,North Carolina,5735531,3953609
2020,Accident Insurance,Ohio,5932297,4042660
2018,Critical Illness,Arizona,2821551,2134098
2023,Indemnity Health,Maryland,4513006,3924207
2020,Cancer Insurance,Texas,10877200,10411556
2021,Long-term Care,Pennsylvania,4377916,4823687
2017,Dental & Vision,Georgia,3285187,2803813
2021,Indemnity Health,Texas,8831851,9712431
2021,Critical Illness,Georgia,4371016,2732569
2020,Dental & Vision,North Carolina,5135087,4191795
2015,Dental & Vision,Florida,9213061,8835136
2021,Long-term Care,New Jersey,5799553,5933846
2021,Accident Insurance,Illinois,4974895,4176569
2019,Cancer Insurance,Maryland,3699551,2995821
2021,Long-term Care,Massachusetts,4278987,4054478
2018,Cancer Insurance,Arizona,3407463,2032839
2017,Indemnity Health,New York,9174581,6924117
2017,Indemnity Health,Florida,8240474,7924148
2024,Indemnity Health,New Jersey,5844249,6774942
2022,Long-term Care,Arizona,4847867,4620985
2018,Indemnity Health,Tennessee,2850249,2102286
2021,Indemnity Health,Indiana,3374679,3661695
2016,Accident Insurance,Georgia,3325077,2552489
2016,Long-term Care,Florida,9705987,10751937
2018,Cancer Insurance,New York,9731157,6672589
2023,Dental & Vision,Indiana,3096617,2823939
2017,Dental & Vision,Ohio,5860431,3905884
2018,Cancer Insurance,Illinois,5751348,3742725
2024,Indemnity Health,New York,10633727,9514980
2017,Dental & Vision,Washington,4320876,4151792
2018,Accident Insurance,Wisconsin,3916422,3373583
2016,Critical Illness,Missouri,3099625,2236671
2022,Cancer Insurance,New York,10214327,7833645
2015,Cancer Insurance,Ohio,3816054,2437384
2019,Dental & Vision,Arizona,4617099,3593225
2024,Indemnity Health,New York,8738326,9411953
2022,Cancer Insurance,Illinois,5956677,4791123
2020,Critical Illness,Michigan,3148071,2646801
2016,Long-term Care,Maryland,3728623,3616573
2015,Critical Illness,Indiana,3661794,2485255
2024,Accident Insurance,Illinois,7404334,4892164
2016,Critical Illness,Tennessee,3691284,2012729
2021,Indemnity Health,Texas,7540884,7541167
2021,Long-term Care,Virginia,5168589,4519221
2017,Cancer Insurance,Massachusetts,4398113,2666072
2020,Accident Insurance,North Carolina,3315817,3100409
2019,Indemnity Health,Georgia,4380457,3564287
2020,Long-term Care,Pennsylvania,5807433,6198815
2024,Indemnity Health,New Jersey,5719172,6344964
2022,Indemnity Health,Washington,3931067,3465331
2022,Critical Illness,Texas,7930264,6286871
2015,Dental & Vision,Illinois,5251899,3335191
2017,Cancer Insurance,Georgia,3501815,3150844
2021,Critical Illness,Texas,10782391,6196492
2020,Long-term Care,Washington,5402910,5276947
2018,Indemnity Health,Arizona,3893631,4415833
2023,Accident Insurance,Michigan,4935539,4548220
2017,Long-term Care,Indiana,2528565,2602798
2016,Critical Illness,Pennsylvania,4449517,3270454
2016,Cancer Insurance,New York,10478679,7975734
2019,Long-term Care,California,13168304,12934819
2021,Cancer Insurance,Florida,6136113,5397858
2022,Accident Insurance,Maryland,4792736,3033403
2022,Indemnity Health,California,13044960,10945112
2015,Dental & Vision,Virginia,3462411,2924013
2023,Critical Illness,Ohio,4286963,3187872
2017,Cancer Insurance,Wisconsin,2837962,1814983
2024,Critical Illness,Indiana,3577159,2473933
2024,Critical Illness,Georgia,4740726,2683143
2018,Dental & Vision,Virginia,4058515,2848083
2016,Critical Illness,Michigan,3112273,2356767
2020,Cancer Insurance,Virginia,4798437,2933554
2018,Critical Illness,Michigan,4546097,3549476
2023,Indemnity Health,Arizona,4551622,4534006
2018,Long-term Care,Florida,7799501,7114394
2020,Critical Illness,New York,8861040,6340835
2016,Cancer Insurance,Indiana,3646088,2391811
2017,Long-term Care,Florida,6687477,6916223
2018,Cancer Insurance,Tennessee,2933710,2580312
2019,Indemnity Health,Georgia,3654044,3771246
2015,Indemnity Health,New York,9776692,10446081
2021,Long-term Care,Arizona,4900567,4908105
2018,Accident Insurance,Wisconsin,2576806,2014993
2019,Critical Illness,Michigan,4453537,2333774
2015,Critical Illness,New York,9335654,5630326
2015,Dental & Vision,Ohio,4463710,3342108
2024,Accident Insurance,Tennessee,3347665,2142262
2019,Indemnity Health,Virginia,5058061,5068952
2019,Indemnity Health,Georgia,3828298,2735490
2017,Indemnity Health,Georgia,3586910,3958646
2023,Dental & Vision,Virginia,5309478,5294170
2021,Dental & Vision,Michigan,3902119,3421088
2020,Cancer Insurance,Maryland,4791666,2654142
2022,Dental & Vision,Texas,8372827,7144747
2024,Long-term Care,Maryland,3916399,4170138
2016,Dental & Vision,Missouri,4017205,3285609
2019,Long-term Care,Texas,7844371,9662184
2021,Dental & Vision,California,12185446,10707744
2020,Critical Illness,Arizona,4964884,3971312
2022,Accident Insurance,Arizona,4193637,3913371
2024,Dental & Vision,Illinois,5817273,4873275
2024,Critical Illness,New York,11770006,8809380
2020,Accident Insurance,Virginia,4236713,2549961
2021,Dental & Vision,New Jersey,3802507,3301651
2018,Long-term Care,Washington,5125782,4988296
2023,Critical Illness,North Carolina,4951210,3568943
2015,Critical Illness,New Jersey,4889263,2659983
2021,Long-term Care,Arizona,3128872,3590590
2018,Critical Illness,Maryland,3886513,2513971
2023,Critical Illness,Michigan,3691498,2358925
2022,Cancer Insurance,Florida,7378287,4743054
2017,Cancer Insurance,Wisconsin,3808963,2779094
2016,Dental & Vision,New York,10770342,9139716
2023,Long-term Care,Arizona,3457566,4489495
2016,Critical Illness,Massachusetts,3749317,2434585
2024,Indemnity Health,Massachusetts,4995754,3856312
2015,Indemnity Health,Wisconsin,4075331,3400416
2022,Accident Insurance,Tennessee,2776225,1981572
2021,Critical Illness,North Carolina,3248715,1799347
2020,Critical Illness,Pennsylvania,4426901,3660015
2020,Cancer Insurance,Georgia,3193705,1871804
2016,Accident Insurance,Indiana,3263194,2398138
2015,Critical Illness,Washington,5366039,4441105
2020,Dental & Vision,North Carolina,5160431,3261560
2020,Cancer Insurance,Illinois,5588932,5138960
2020,Indemnity Health,Texas,10611992,9755604
2022,Dental & Vision,Texas,10825472,8760801
2016,Long-term Care,Michigan,3896434,4492487
2024,Cancer Insurance,Pennsylvania,4486063,3015576
2019,Indemnity Health,Indiana,3787411,3362119
2018,Cancer Insurance,New York,8657357,7660845
2022,Indemnity Health,New York,12582440,14519417
2024,Cancer Insurance,New York,8394978,5398000
2023,Cancer Insurance,California,9771937,8868408
2019,Critical Illness,Illinois,5538431,4738081
2017,Indemnity Health,Missouri,3088156,3058249
2021,Cancer Insurance,California,13891668,9347915
2016,Dental & Vision,Missouri,2498292,2065903
2015,Critical Illness,Michigan,4797446,3065650
2016,Accident Insurance,Ohio,4432196,4233407
2024,Critical Illness,Georgia,5299171,3943394
2016,Cancer Insurance,Michigan,3710893,3507605
2018,Dental & Vision,Virginia,3515761,2391294
2019,Cancer Insurance,New York,12085740,10447357
2021,Accident Insurance,Tennessee,2799849,1993404
2021,Critical Illness,New York,10021399,7373823
2021,Indemnity Health,Tennessee,4056243,2914699
2024,Critical Illness,Arizona,4751629,2454953
2018,Long-term Care,Pennsylvania,4577143,5345636
2022,Long-term Care,California,13910860,18233675
2016,Critical Illness,Massachusetts,3849107,2145139
2016,Critical Illness,Virginia,4367443,3497150
2018,Accident Insurance,Pennsylvania,5598055,3410290
2016,Accident Insurance,Arizona,4325104,3219584
2023,Critical Illness,New York,9691203,6246388
2019,Accident Insurance,Maryland,4381561,4316634
2019,Critical Illness,New Jersey,5566238,4206628
2017,Long-term Care,Wisconsin,4175316,3366385
2019,Indemnity Health,North Carolina,3698998,3379580
2018,Dental & Vision,Maryland,4444689,3859103
2018,Cancer Insurance,California,9141826,7206244
2021,Long-term Care,Michigan,3155744,3046704
2019,Accident Insurance,Florida,8572940,8193600
2020,Long-term Care,Arizona,2944792,3096650
2021,Dental & Vision,New York,10109100,8597874
2023,Cancer Insurance,California,14245044,12897681
2023,Critical Illness,Pennsylvania,5911238,5426495
2015,Critical Illness,Massachusetts,4232013,2041080
2019,Accident Insurance,Maryland,4440155,3068771
2024,Critical Illness,New Jersey,5267212,3028510
2023,Accident Insurance,Arizona,4841412,3871644
2015,Long-term Care,California,12790955,11791873
2019,Long-term Care,Maryland,4377856,4900230
2017,Long-term Care,Washington,4398198,5497305
2017,Indemnity Health,Indiana,2285923,2087532
2019,Critical Illness,Maryland,3566669,2095317
2024,Accident Insurance,Arizona,3638796,2782069
2021,Accident Insurance,North Carolina,4368987,3505264
2020,Cancer Insurance,New Jersey,5311839,4062007
2024,Accident Insurance,Tennessee,3017901,2133693
2022,Dental & Vision,Ohio,5135517,3954237
2016,Indemnity Health,Tennessee,3517920,3175488
2023,Indemnity Health,Massachusetts,3645499,3068071
2017,Dental & Vision,New York,11422539,10455813
2020,Accident Insurance,Illinois,5343852,5327791
2018,Accident Insurance,Indiana,3770979,2442081
2017,Cancer Insurance,Missouri,2925322,1797604
2020,Dental & Vision,Arizona,4397568,3390595
2022,Indemnity Health,Indiana,3731307,3636482
2020,Indemnity Health,Missouri,3690001,3676447
2016,Indemnity Health,Pennsylvania,6103234,5166803
2022,Indemnity Health,Virginia,4168850,3280724
2020,Accident Insurance,New Jersey,5861710,5909171
2016,Cancer Insurance,Missouri,2325771,1654758
2021,Long-term Care,Massachusetts,5819550,5706202
2015,Long-term Care,California,11642486,13435486
2022,Critical Illness,Massachusetts,5413082,3819874
2016,Long-term Care,Maryland,3216346,3710711
2018,Critical Illness,New York,10760664,6614418
2017,Cancer Insurance,Michigan,3663150,2961801
2017,Cancer Insurance,Michigan,3110630,1966814
2022,Cancer Insurance,Tennessee,2735606,2181193
2022,Cancer Insurance,New York,10268956,8652638
2019,Accident Insurance,Florida,6091355,4047500
2020,Long-term Care,Maryland,3606476,4433135
2015,Dental & Vision,Wisconsin,3372924,2718624
2015,Indemnity Health,Tennessee,3588346,3578451
2024,Indemnity Health,Texas,7522157,7970599
2024,Accident Insurance,New York,8993267,6308877
2017,Critical Illness,Tennessee,3632805,2126814
2020,Critical Illness,Pennsylvania,5269725,4044563
2018,Dental & Vision,Illinois,5264307,4661616
2020,Accident Insurance,New York,8254352,7227743
2016,Indemnity Health,Missouri,3060962,3234218
2021,Accident Insurance,Michigan,3628956,2782633
2021,Long-term Care,Maryland,5087993,6510859
2019,Cancer Insurance,Pennsylvania,4670381,3336406
2024,Long-term Care,Arizona,4765107,6089091
2018,Long-term Care,Indiana,3754511,3393376
2017,Critical Illness,North Carolina,3552380,2146159
2019,Dental & Vision,Virginia,3591204,2784038
2020,Critical Illness,Missouri,2959729,1839249
2017,Accident Insurance,Florida,7843296,7750739
2017,Critical Illness,Maryland,3374285,1818428
2015,Critical Illness,Tennessee,2588470,1984548
2024,Critical Illness,Michigan,4917568,3267287
2024,Long-term Care,Washington,4762107,5854176
2023,Long-term Care,Ohio,5381380,5957001
2019,Dental & Vision,Illinois,4709210,3909048
2024,Long-term Care,Washington,4005112,4849104
2018,Indemnity Health,Illinois,4631838,4734784
2015,Cancer Insurance,Tennessee,2654207,1804274
2021,Long-term Care,Georgia,4735083,5501709
2020,Critical Illness,California,12853955,7564159
2021,Dental & Vision,Georgia,4083198,3544535
2017,Accident Insurance,Georgia,5104738,3266763
2020,Long-term Care,Tennessee,3628235,4244893
2020,Indemnity Health,Virginia,4206601,4094293
2019,Cancer Insurance,California,12133818,7419880
2023,Indemnity Health,Pennsylvania,4302787,3586693
2020,Dental & Vision,Maryland,4972879,3985163
2024,Critical Illness,North Carolina,3569568,1861528
2023,Accident Insurance,Georgia,3519560,2901979
2019,Dental & Vision,Michigan,4816644,3249337
2017,Dental & Vision,Washington,4458636,3489232
2020,Critical Illness,Illinois,4551882,3370544
2017,Long-term Care,Missouri,3650625,3415253
2016,Accident Insurance,Virginia,5106230,3954641
2016,Cancer Insurance,Florida,9343000,6729977
2024,Critical Illness,Wisconsin,2811827,1927572
2020,Long-term Care,Florida,8104735,7962769
2018,Cancer Insurance,Washington,5812004,3786241
2015,Long-term Care,New York,10714459,8804697
2016,Dental & Vision,North Carolina,3471022,2882944
2018,Long-term Care,New York,8415224,7938816
2024,Accident Insurance,Missouri,3089047,2513232
2021,Cancer Insurance,Florida,7124889,4879891
2024,Accident Insurance,New York,9832009,8372455
2016,Long-term Care,Tennessee,3842631,3620851
2023,Long-term Care,New York,8726486,10074295
2017,Cancer Insurance,Massachusetts,4938251,3688703
2019,Critical Illness,New Jersey,4380579,2365792
2024,Long-term Care,California,13953018,15802014
2024,Indemnity Health,North Carolina,4417441,5270644
2017,Long-term Care,New Jersey,4304480,5354515
2021,Cancer Insurance,Michigan,3930712,2701565
2019,Dental & Vision,California,11509490,9040155
2017,Dental & Vision,Ohio,5000061,3957543
2019,Accident Insurance,Washington,4158548,3642985
2016,Indemnity Health,Washington,5564384,5243130
2019,Critical Illness,Arizona,4357494,3728964
2023,Dental & Vision,Ohio,5072021,3537301
2019,Accident Insurance,Wisconsin,3900505,3320153
2020,Accident Insurance,Washington,5400299,5571319
2021,Dental & Vision,Florida,9907487,10115632
2021,Critical Illness,New York,12147804,8974378
2023,Cancer Insurance,Illinois,5801939,5217054
2015,Critical Illness,Indiana,2598185,1774966
2021,Long-term Care,California,13240425,15204873
2018,Cancer Insurance,Georgia,5344970,4031031
2021,Indemnity Health,Virginia,5049382,4938364
2015,Cancer Insurance,North Carolina,3894321,2896714
2024,Accident Insurance,Maryland,4980556,4522673
2024,Accident Insurance,Indiana,3375203,3181029
2016,Cancer Insurance,North Carolina,3241727,2625215
2018,Indemnity Health,Michigan,4531613,4115348
2015,Long-term Care,Missouri,3307408,3732851
2021,Dental & Vision,Washington,3646766,2735108
2021,Long-term Care,Indiana,2777749,2995401
2017,Long-term Care,Indiana,2591305,2496346
2024,Long-term Care,Pennsylvania,6813511,8668629
2016,Dental & Vision,Pennsylvania,6387519,5677216
2016,Long-term Care,Michigan,4387751,4168250
2021,Critical Illness,Missouri,2824722,2041130
2017,Long-term Care,New York,9587964,9734243
2021,Long-term Care,New York,10808559,11703945
2017,Indemnity Health,Georgia,4365174,4551438
2015,Long-term Care,Wisconsin,3132751,2772123
2018,Indemnity Health,Virginia,3434365,2984943
2024,Accident Insurance,Michigan,4286249,3308213
2023,Cancer Insurance,Massachusetts,4648585,2923348
2019,Cancer Insurance,Pennsylvania,6989728,5422167
2021,Long-term Care,Massachusetts,4999216,4918610
2020,Indemnity Health,Arizona,2953304,2206649
2016,Long-term Care,Florida,7483683,7721554
2019,Dental & Vision,Missouri,2590114,2281904
2016,Cancer Insurance,Indiana,3871893,2922511
2023,Indemnity Health,New Jersey,4087294,3764828
2019,Cancer Insurance,California,14865606,12408156
2023,Long-term Care,Massachusetts,4474971,5375179
2021,Critical Illness,Florida,6317266,4501796
2024,Long-term Care,New Jersey,4718941,5546576
2015,Indemnity Health,Virginia,3680385,3401150
2015,Indemnity Health,Florida,9682639,8192303
2019,Critical Illness,Florida,7934978,4571206
2022,Dental & Vision,California,11100110,9473351
2024,Cancer Insurance,New York,10838780,8828753
2022,Indemnity Health,New Jersey,4860435,3488145
2015,Indemnity Health,New Jersey,6409934,6119019
2020,Dental & Vision,Pennsylvania,6265525,4548732
2021,Accident Insurance,Arizona,4504751,3146097
2019,Long-term Care,North Carolina,3856367,3867171
2018,Critical Illness,Tennessee,2694314,1969577
2017,Critical Illness,Arizona,3731494,2613783
2022,Critical Illness,Illinois,5173666,4798199
2022,Long-term Care,Indiana,3250597,3305218
2017,Long-term Care,Virginia,4785808,4062768
2019,Indemnity Health,Pennsylvania,4771515,3926194
2021,Long-term Care,Washington,5474214,6227720
2021,Dental & Vision,Arizona,3642032,2980044
2021,Critical Illness,Wisconsin,2544888,2067505
2015,Dental & Vision,California,10832169,9536567
2023,Indemnity Health,Ohio,4283681,4584382
2024,Dental & Vision,Missouri,3575847,2962447
2015,Cancer Insurance,Indiana,2911113,2122830
2023,Indemnity Health,Georgia,3298981,3177510
2020,Critical Illness,Florida,6358225,4618232
2020,Critical Illness,New Jersey,4341019,2233096
2018,Cancer Insurance,Wisconsin,3945377,3046165
2016,Cancer Insurance,Georgia,3861452,3196265
2021,Dental & Vision,Georgia,4458253,3929010
2021,Indemnity Health,Virginia,3715968,4001808
2018,Critical Illness,Washington,4580568,2406124
2015,Critical Illness,California,9804940,5876762
2019,Critical Illness,Ohio,5240856,2937569
2016,Dental & Vision,Wisconsin,3099436,2535031
2021,Accident Insurance,New York,10030704,9687422
2020,Cancer Insurance,California,14840067,9517400
2017,Dental & Vision,Missouri,2610319,2238200
2018,Long-term Care,New York,8272073,9518581
2020,Long-term Care,California,13620662,14998936
2016,Cancer Insurance,Pennsylvania,6895300,5731430
2024,Indemnity Health,Michigan,3314563,3100844
2017,Long-term Care,Illinois,6816794,7003454
2020,Indemnity Health,Tennessee,4318535,4110516
2015,Indemnity Health,California,12175376,8782314
2019,Indemnity Health,Missouri,2538817,2269193
2022,Cancer Insurance,Georgia,4103073,2683727
2016,Critical Illness,New York,8041451,7097672
2024,Cancer Insurance,Missouri,3194904,2479491
2016,Dental & Vision,New Jersey,4172762,2891296
2019,Long-term Care,California,11510142,14409539
2021,Long-term Care,Michigan,3416563,4289670
2018,Cancer Insurance,Florida,8149556,6852422
2018,Indemnity Health,Virginia,3510493,3084040
2021,Critical Illness,Wisconsin,2888485,1628385
2015,Indemnity Health,California,9857401,6921600
2020,Accident Insurance,California,12474053,10789321
2018,Accident Insurance,Texas,7501115,4873568
2019,Indemnity Health,New York,9314110,9474499
2024,Indemnity Health,Massachusetts,3976991,3613699
2022,Accident Insurance,Washington,4853516,4005948
2019,Long-term Care,Arizona,3611248,3548251
2016,Long-term Care,Ohio,3543655,3883646
2021,Dental & Vision,Tennessee,3834567,2871392
2024,Long-term Care,Ohio,4553548,5434323
2023,Critical Illness,Wisconsin,3642646,3001995
2024,Long-term Care,Michigan,3671677,4582797
2023,Dental & Vision,Pennsylvania,5996872,5290085
2024,Dental & Vision,New Jersey,4400834,4043247
2015,Dental & Vision,North Carolina,4582198,3483958
2018,Accident Insurance,Washington,3912264,2937046
2020,Dental & Vision,Tennessee,4290273,3298468
2020,Long-term Care,Georgia,4232899,4200428
2024,Critical Illness,North Carolina,4766120,4066138
2018,Dental & Vision,Ohio,5951541,3928077
2015,Cancer Insurance,Texas,8556326,6729624
2016,Dental & Vision,California,14227812,13507145
2022,Long-term Care,New York,12052391,13260006
2018,Critical Illness,Virginia,3629097,2565612
2019,Indemnity Health,Wisconsin,3809638,2864736
2021,Critical Illness,Tennessee,2785090,2255384
2024,Accident Insurance,Indiana,3777022,2636639
2020,Long-term Care,Wisconsin,2760006,2532540
2022,Critical Illness,Ohio,4482682,2719847
2021,Critical Illness,Ohio,5809666,4750761
2022,Long-term Care,New York,12898741,14870665
2021,Accident Insurance,Arizona,4124690,3974594
2016,Dental & Vision,Massachusetts,4086984,3117352
2021,Critical Illness,Virginia,5035793,3929092
2020,Cancer Insurance,Georgia,4028541,2697796
2015,Long-term Care,New Jersey,6460852,7295567
2022,Dental & Vision,Florida,9200732,6969139
2024,Indemnity Health,Indiana,2426789,2079168
2020,Cancer Insurance,Indiana,2459716,1324286
2024,Critical Illness,Michigan,4593203,2812835
2017,Critical Illness,Michigan,4437833,2755268
2017,Indemnity Health,Wisconsin,2705692,2642503
2024,Long-term Care,Florida,7077214,7413074
2023,Cancer Insurance,Texas,10485322,8375406
2020,Critical Illness,Tennessee,3393397,2621110
2016,Cancer Insurance,California,10106621,6122007
2015,Accident Insurance,Indiana,2404889,1941002
2016,Indemnity Health,Ohio,5368386,5479022
2019,Critical Illness,Illinois,5100509,3322345
2019,Indemnity Health,Texas,8594643,6566388
2024,Dental & Vision,Washington,5450870,4212853
2024,Dental & Vision,Massachusetts,5176368,3771177
2016,Cancer Insurance,Indiana,2914713,2599216
2017,Accident Insurance,Missouri,3217577,2837124
2017,Cancer Insurance,Michigan,4112723,3576489
2021,Critical Illness,Pennsylvania,4439418,3392761
2024,Cancer Insurance,Washington,5476187,3950113
2023,Indemnity Health,New York,9945088,8967502
2016,Critical Illness,Texas,10113765,5420674
2024,Long-term Care,Virginia,3532151,4440843
2018,Critical Illness,Indiana,3770851,2544169
2018,Cancer Insurance,Illinois,5765720,3780935
2023,Cancer Insurance,Massachusetts,4849864,3727961
2015,Long-term Care,Wisconsin,3624707,3825703
2024,Long-term Care,Indiana,3880479,3880223
2023,Cancer Insurance,Wisconsin,2887535,2116184
2019,Indemnity Health,Pennsylvania,6323184,6133447
2017,Accident Insurance,Tennessee,4396996,3026192
2020,Indemnity Health,Tennessee,2972674,2976149
2021,Cancer Insurance,Virginia,4785292,3645780
2018,Indemnity Health,New York,11300695,9893102
2023,Indemnity Health,Michigan,3296347,3140172
2018,Dental & Vision,Pennsylvania,6783219,5849670
2019,Long-term Care,Tennessee,3993733,4666848
2017,Critical Illness,Tennessee,2753608,1925393
2017,Long-term Care,Arizona,4914013,5588939
2022,Dental & Vision,Tennessee,4416657,3846303
2021,Indemnity Health,Florida,6955706,6628239
2022,Long-term Care,Massachusetts,4949728,5415657
2016,Critical Illness,North Carolina,4295807,3614965
2021,Indemnity Health,Tennessee,3099182,3333120
2016,Cancer Insurance,Texas,8291089,6646714
2020,Dental & Vision,Michigan,4112923,3164128
2015,Accident Insurance,Illinois,6591457,4796830
2016,Accident Insurance,Maryland,3332538,2967478
2018,Long-term Care,Ohio,5282941,6019634
2024,Dental & Vision,Georgia,4906820,4410715
2024,Indemnity Health,Virginia,5326350,4407247
2020,Critical Illness,Arizona,4712965,2653401
2020,Cancer Insurance,New Jersey,5623027,5088566
2024,Critical Illness,Georgia,4811585,4359635
2019,Indemnity Health,Arizona,4468366,3650380
2023,Indemnity Health,California,12094964,13273199
2016,Indemnity Health,North Carolina,3522234,3293004
2016,Indemnity Health,New York,8459793,8086077
2017,Cancer Insurance,Arizona,3403530,3000528
2022,Cancer Insurance,Virginia,5152131,4183984
2018,Dental & Vision,New York,9576987,7571523
2017,Dental & Vision,New Jersey,6193341,5734654
2016,Dental & Vision,Massachusetts,4117845,3171603
2021,Cancer Insurance,California,11641580,8518601
2023,Accident Insurance,New Jersey,5300361,5387678
2023,Indemnity Health,Texas,8137712,7428271
2019,Long-term Care,Georgia,4735902,5431908
2024,Accident Insurance,Washington,5584759,4342791
2022,Critical Illness,Arizona,3517478,2687678
2018,Dental & Vision,Massachusetts,5297029,5142373
2020,Dental & Vision,Tennessee,4104772,3840010
2024,Long-term Care,Indiana,2910575,3324990
2015,Indemnity Health,Wisconsin,2502853,2654364
2023,Indemnity Health,Virginia,4929976,4717859
2022,Dental & Vision,California,11353595,10167878
2020,Cancer Insurance,Missouri,3880521,2856278
2023,Critical Illness,Tennessee,3884012,2403837
2019,Accident Insurance,Pennsylvania,5618652,5296550
2017,Cancer Insurance,Wisconsin,2460434,1896776
2020,Indemnity Health,North Carolina,4979604,5354161
2020,Critical Illness,Illinois,4976804,3328453
2019,Accident Insurance,Georgia,3523738,2985285
2020,Cancer Insurance,Arizona,4766076,4433393
2020,Indemnity Health,Indiana,3419212,3234690
2023,Indemnity Health,Wisconsin,2993910,2726290
2016,Indemnity Health,Michigan,4446306,4474923
2024,Critical Illness,Arizona,3583957,2623116
2017,Accident Insurance,Michigan,4425063,3146174
2022,Dental & Vision,North Carolina,4812733,3916456
2020,Cancer Insurance,New Jersey,5652379,3490945
2022,Accident Insurance,Texas,9824917,8534280
2021,Indemnity Health,Pennsylvania,5563292,5776205
2023,Accident Insurance,New York,9380844,8855882
2019,Long-term Care,Texas,7985581,9371618
2022,Long-term Care,Indiana,2955162,2874970
2020,Accident Insurance,Pennsylvania,6594650,6043850
2015,Critical Illness,Florida,9775371,5537163
2018,Accident Insurance,Maryland,4514970,3339744
2024,Cancer Insurance,Georgia,3506118,2645267
2020,Indemnity Health,Ohio,4899902,5024828
2017,Indemnity Health,Tennessee,3319985,2962772
2019,Cancer Insurance,California,14709574,13726790
2016,Long-term Care,Illinois,6808946,8015933
2017,Indemnity Health,New Jersey,5173471,5657494
2024,Long-term Care,Washington,5933409,6264214
2019,Dental & Vision,Massachusetts,4002325,3194192
2023,Accident Insurance,Indiana,2220829,1818879
2022,Cancer Insurance,Maryland,5053561,4638556
2019,Accident Insurance,Georgia,3257368,2238745
2020,Dental & Vision,Indiana,2383209,1911941
2019,Cancer Insurance,Tennessee,3169258,2654038
2018,Critical Illness,Wisconsin,3165808,1618547
2015,Indemnity Health,Georgia,4974217,4146467
2022,Accident Insurance,Virginia,4055574,3463226
2017,Accident Insurance,Maryland,3816410,2932360
2021,Long-term Care,Arizona,3796574,3469832
2017,Critical Illness,New Jersey,5853665,4349795
2016,Cancer Insurance,Illinois,7125882,6145793
2019,Critical Illness,Virginia,4554936,3463831
2020,Accident Insurance,Ohio,4829724,3379758
2019,Indemnity Health,New York,12601392,11202554
2021,Accident Insurance,Tennessee,4142967,2529990
2015,Accident Insurance,New Jersey,5764091,3543802
2023,Indemnity Health,Illinois,4995281,4205525
2017,Long-term Care,Indiana,3729340,3035405
2024,Cancer Insurance,Wisconsin,2714113,2533847
2024,Indemnity Health,North Carolina,4297698,3547965
2021,Cancer Insurance,Massachusetts,4955342,3069636
2023,Long-term Care,Indiana,2988840,2958186
2023,Critical Illness,Indiana,3066987,2555054
2019,Dental & Vision,New York,8836538,8435323
2018,Indemnity Health,Michigan,4573728,4780097
2019,Dental & Vision,Arizona,4176307,2834382
2020,Dental & Vision,Virginia,4185824,3477840
2018,Long-term Care,Pennsylvania,5971245,6883372
2019,Cancer Insurance,Maryland,4752711,2783603
2023,Accident Insurance,Missouri,3382020,3181605
2022,Cancer Insurance,Texas,8498416,6892091
2015,Accident Insurance,Wisconsin,4101882,3800566
2016,Cancer Insurance,Michigan,4314892,2974253
2023,Long-term Care,Wisconsin,3918314,5119615
2024,Accident Insurance,Michigan,4343879,3785395
2019,Dental & Vision,Texas,8307472,6028987
2024,Indemnity Health,Arizona,2997196,3208409
2020,Cancer Insurance,Florida,6275571,3911773
2016,Indemnity Health,Arizona,4071061,3929520
2016,Dental & Vision,California,12172534,9976443
2015,Critical Illness,Illinois,7370446,4500798
2020,Critical Illness,Massachusetts,4043128,3048818
2019,Dental & Vision,California,9955532,8623087
2019,Dental & Vision,Tennessee,4271012,2805097
2018,Long-term Care,Illinois,5066035,4716350
2023,Critical Illness,Pennsylvania,5358855,3126470
2019,Critical Illness,Washington,3580634,2330923
2017,Accident Insurance,California,11331452,7264008
2015,Long-term Care,Massachusetts,5605904,6485331
2022,Accident Insurance,Wisconsin,3058879,2135108
2017,Accident Insurance,Illinois,7080375,5843182
2020,Indemnity Health,Florida,6615329,5500702
2023,Critical Illness,Illinois,7050181,5012385
2018,Long-term Care,California,11562396,13583806
2024,Accident Insurance,Tennessee,4205116,4415069
2018,Cancer Insurance,New Jersey,4007549,3487975
2017,Cancer Insurance,Washington,5432580,4139598
2017,Accident Insurance,Arizona,3155957,2585687
2017,Indemnity Health,Wisconsin,3575422,2999052
2024,Critical Illness,Tennessee,4412452,3634040
2019,Cancer Insurance,Virginia,4693081,3916591
2024,Critical Illness,Tennessee,2668156,1651979
2022,Long-term Care,New Jersey,4606560,4386116
2017,Dental & Vision,Arizona,3537962,2603765
2021,Long-term Care,Texas,8534526,7098322
2015,Dental & Vision,Indiana,2353074,1433534
2017,Indemnity Health,Georgia,4749543,3728644
2023,Dental & Vision,Tennessee,2860122,2150286
2019,Accident Insurance,Pennsylvania,5436310,3878679
2024,Dental & Vision,Illinois,6411319,4948043
2024,Dental & Vision,Missouri,3223392,2429918
2017,Cancer Insurance,Massachusetts,4226561,2731756
2019,Indemnity Health,Maryland,4594249,3821427
2020,Accident Insurance,Indiana,3612097,2370702
2023,Accident Insurance,Missouri,2414623,2147077
2017,Cancer Insurance,Washington,3795206,2378676
2021,Long-term Care,Florida,7062660,8902582
2024,Dental & Vision,North Carolina,5086902,4892560
2022,Cancer Insurance,Florida,9607668,6238939
2018,Indemnity Health,Wisconsin,3514788,2613340
2023,Indemnity Health,Missouri,2728606,2880499
2023,Cancer Insurance,North Carolina,5629596,5516553
2017,Long-term Care,Tennessee,2760601,3474392
2015,Long-term Care,Ohio,5964472,6081426
2018,Dental & Vision,Missouri,3006401,2426674
2019,Cancer Insurance,Florida,6476995,5381368
2023,Accident Insurance,Wisconsin,2443957,1873092
2020,Indemnity Health,Arizona,3331737,3628759
2021,Cancer Insurance,Georgia,3281265,2159780
2021,Cancer Insurance,Maryland,4537992,2679345
2024,Dental & Vision,Maryland,5025142,4263779
2022,Long-term Care,Wisconsin,3271913,3405240
2018,Accident Insurance,Virginia,4376787,4266472
2020,Indemnity Health,Georgia,4639911,4006874
2021,Long-term Care,Washington,4538303,4406493
2022,Accident Insurance,Maryland,5173252,5227271
2024,Long-term Care,New York,11090576,10647604
2021,Dental & Vision,Washington,4950551,3231989
2015,Critical Illness,Illinois,5065073,3379563
2015,Indemnity Health,Massachusetts,4810520,4139879
2021,Critical Illness,Florida,7772899,6787146
2019,Critical Illness,Indiana,2343399,1893725
2020,Accident Insurance,California,11243428,10784484
2017,Accident Insurance,North Carolina,5715282,4527123
2024,Long-term Care,New Jersey,5862003,7475974
2016,Indemnity Health,Massachusetts,3921542,3578823
2016,Long-term Care,New York,12213882,12445664
2019,Cancer Insurance,Missouri,4199280,2390885
2017,Cancer Insurance,California,12105701,8901197
2022,Critical Illness,Maryland,4955544,4116838
2018,Accident Insurance,Tennessee,3893356,2549362
2021,Indemnity Health,Wisconsin,3200731,3143040
2020,Critical Illness,North Carolina,4022689,3459001
2019,Critical Illness,Michigan,3328606,2483055
2021,Dental & Vision,North Carolina,5101916,4995954
2016,Long-term Care,Massachusetts,5722076,6162215
2016,Indemnity Health,Wisconsin,3696048,3086586
2020,Dental & Vision,Pennsylvania,6819814,6346971
2016,Long-term Care,Florida,8790230,9934429
2018,Indemnity Health,Pennsylvania,6953459,7554830
2019,Critical Illness,Massachusetts,3912196,3144275
2019,Critical Illness,New York,11420233,6191177
2021,Accident Insurance,Virginia,3790245,2223763
2015,Long-term Care,Massachusetts,5018935,5333912
2023,Accident Insurance,Washington,4636559,4493285
2023,Critical Illness,Georgia,3632043,2351693
2022,Accident Insurance,New Jersey,3929200,2687297
2022,Dental & Vision,Illinois,6832699,5139810
2022,Dental & Vision,Tennessee,3520972,3397114
2018,Critical Illness,Tennessee,3745707,2589309
2024,Cancer Insurance,Georgia,3999484,2446149
2019,Accident Insurance,Illinois,7188900,4995457
2021,Dental & Vision,Texas,8917093,6859634
2024,Long-term Care,Indiana,3274053,4044621
2024,Indemnity Health,Florida,7953647,8995855
2016,Cancer Insurance,North Carolina,3491844,1979861
2016,Indemnity Health,Texas,11819325,9605395
2019,Accident Insurance,New Jersey,6195996,4500309
2016,Accident Insurance,Tennessee,4357212,3723698
2016,Long-term Care,Florida,6028984,5634417
2022,Accident Insurance,Illinois,6746543,5985011
2018,Critical Illness,Wisconsin,2589092,1803220
2023,Critical Illness,Virginia,3803555,2707775
2015,Cancer Insurance,New Jersey,5995653,4973325
2023,Accident Insurance,Georgia,5152788,4554135
2021,Cancer Insurance,Indiana,3537915,2103571
2021,Critical Illness,Georgia,4228238,2315274
2019,Accident Insurance,New York,12370914,9597768
2019,Cancer Insurance,California,10161679,6108457
2018,Indemnity Health,Virginia,3322354,2895825
2019,Critical Illness,Massachusetts,5361720,3895482
2019,Critical Illness,New Jersey,6314885,3843012
2023,Accident Insurance,Texas,10306848,8349399
2018,Indemnity Health,California,9000510,8117979
2019,Indemnity Health,Florida,8402700,7974319
2016,Dental & Vision,Maryland,5178702,4513777
2022,Indemnity Health,Pennsylvania,6752048,6987967
2017,Dental & Vision,New York,8033894,5914300
2015,Dental & Vision,Missouri,2668356,1881041
2023,Accident Insurance,Pennsylvania,4089297,4084999
2019,Dental & Vision,Wisconsin,2979288,2678435
2022,Accident Insurance,Tennessee,2732118,1930925
2016,Long-term Care,Missouri,3964616,4610221
2023,Critical Illness,California,10674879,6444305
2018,Accident Insurance,California,14388749,8886782
2023,Cancer Insurance,Indiana,2409108,2161225
2024,Dental & Vision,North Carolina,5106515,3794124
2015,Long-term Care,Wisconsin,3377967,3505403
2023,Cancer Insurance,California,14944781,13150880
2017,Cancer Insurance,Michigan,4953628,4149601
2015,Indemnity Health,Michigan,3569827,3152427
2024,Critical Illness,Massachusetts,5978711,4474287
2023,Accident Insurance,California,10003615,10754981
2016,Cancer Insurance,Ohio,4179585,3121535
2021,Cancer Insurance,Massachusetts,4896773,3365005
2023,Critical Illness,Florida,6528647,4089372
2017,Cancer Insurance,New York,9009007,7390573
2017,Critical Illness,Illinois,6447226,3484124
2020,Indemnity Health,Ohio,3637456,3047426
2015,Accident Insurance,Indiana,2455412,1955184
2017,Accident Insurance,Tennessee,3865059,3557911
2022,Cancer Insurance,Ohio,5946639,5034665
2018,Critical Illness,Missouri,2800602,1722443
2015,Accident Insurance,Georgia,4739093,3436338
2018,Accident Insurance,Missouri,2383084,1645265
2024,Dental & Vision,California,13705573,10811223
2023,Accident Insurance,North Carolina,3436166,2535262
2019,Dental & Vision,California,9962108,9966169
2022,Long-term Care,New Jersey,4896494,5992809
2016,Critical Illness,Tennessee,2660666,1380450
2022,Long-term Care,Indiana,3040656,3310556
2015,Accident Insurance,Virginia,4629058,3211529
2024,Long-term Care,Indiana,3044983,3239734
2015,Critical Illness,Wisconsin,2513514,1412941
2022,Indemnity Health,Michigan,4724397,3683530
2020,Cancer Insurance,New Jersey,3995635,3457681
2022,Long-term Care,Michigan,3229037,2749220
2017,Cancer Insurance,Missouri,2525957,2237177
2022,Long-term Care,New Jersey,6055948,6399623
2024,Long-term Care,Ohio,3530565,4092004
2017,Critical Illness,Wisconsin,2538448,2097427
2016,Indemnity Health,New York,8679133,7877555
2023,Cancer Insurance,Illinois,5997827,3746214
2022,Long-term Care,Arizona,3039490,4059917
2023,Dental & Vision,Missouri,3100675,2341385
2017,Accident Insurance,New Jersey,5373051,4413653
2020,Long-term Care,New Jersey,5900105,7052489
2017,Indemnity Health,North Carolina,5673835,4492525
2020,Cancer Insurance,Tennessee,3919781,2737261
2015,Critical Illness,New York,8912954,5090181
2024,Indemnity Health,Texas,10677266,11246037
2018,Cancer Insurance,Ohio,4605182,2689554
2023,Dental & Vision,Texas,11791416,10940592
2024,Cancer Insurance,Massachusetts,4866998,3863679
2018,Dental & Vision,Ohio,3549864,3201604
2018,Long-term Care,Missouri,2337726,2555140
2020,Dental & Vision,Tennessee,2997074,2517810
2016,Cancer Insurance,Texas,8871998,7055824
2022,Dental & Vision,New York,8738836,7080157
2016,Cancer Insurance,Maryland,3840420,2853764
2020,Critical Illness,Texas,9558731,6728555
2015,Indemnity Health,Florida,9265796,10127480
2017,Cancer Insurance,Georgia,3815117,2679144
2018,Long-term Care,Arizona,2936627,2869453
2023,Cancer Insurance,Tennessee,4313934,4156951
2021,Long-term Care,California,13701360,13795881
2020,Critical Illness,Maryland,4304196,3563552
2017,Indemnity Health,North Carolina,3334570,3722025
2020,Indemnity Health,Tennessee,2566634,2172814
2019,Long-term Care,Georgia,4168289,4178410
2017,Critical Illness,Massachusetts,3863887,2172815
2023,Long-term Care,North Carolina,4888877,4929163
2022,Accident Insurance,Wisconsin,3304670,3422609
2024,Cancer Insurance,Michigan,4668710,3609899
2019,Long-term Care,Wisconsin,2674073,2739735
2017,Indemnity Health,North Carolina,3401456,3194921
2016,Dental & Vision,Massachusetts,4940679,4477705
2018,Accident Insurance,Georgia,3889866,3060590
2021,Dental & Vision,Maryland,3999642,3343275
2017,Critical Illness,Arizona,4649955,3433838
2016,Accident Insurance,Illinois,5461898,3653280
2017,Long-term Care,Georgia,3555529,3798648
2021,Critical Illness,Massachusetts,4695575,2526325
2017,Dental & Vision,Missouri,2885031,2656556
2019,Dental & Vision,Ohio,5683721,5110041
2023,Critical Illness,Missouri,2787513,1597173
2021,Accident Insurance,New Jersey,5703998,5031354
2019,Critical Illness,Ohio,4266514,3039813
2024,Long-term Care,New Jersey,5128940,5086615
2017,Dental & Vision,Indiana,3410147,2947351
2023,Accident Insurance,Tennessee,3448620,3699998
2016,Indemnity Health,Florida,6657617,6725648
2022,Long-term Care,Georgia,5190690,5719873
2017,Accident Insurance,California,12555613,11923277
2021,Critical Illness,Wisconsin,3617836,1928401
2017,Long-term Care,Tennessee,3798293,4347545
2020,Accident Insurance,Massachusetts,4372156,3750155
2024,Dental & Vision,Florida,6992176,5814737
2018,Long-term Care,Wisconsin,3142367,2778579
2017,Accident Insurance,Michigan,3686453,2590443
2015,Indemnity Health,Pennsylvania,5858625,6109617
2015,Accident Insurance,Massachusetts,4802992,3475975
2016,Accident Insurance,Virginia,3594719,3550990
2015,Critical Illness,Tennessee,3021608,1567906
2016,Dental & Vision,Massachusetts,3744048,2969678
2022,Accident Insurance,Georgia,3294364,2336389
2016,Accident Insurance,Florida,8256182,6742784
2019,Long-term Care,New Jersey,4444093,5074850
2024,Indemnity Health,Arizona,3874158,3201086
2024,Long-term Care,Virginia,5219388,5136919
2019,Cancer Insurance,Virginia,5277185,4138996
2016,Accident Insurance,Wisconsin,4134292,3132088
2016,Indemnity Health,Michigan,3361144,2989313
2021,Accident Insurance,Washington,3824410,2646328
2017,Long-term Care,Virginia,4316272,4987885
2018,Dental & Vision,Maryland,3578596,2707032
2018,Indemnity Health,Missouri,3753798,3711078
2023,Indemnity Health,Massachusetts,5689416,5743653
2018,Long-term Care,Wisconsin,3748288,4605862
2019,Critical Illness,Illinois,7434619,4236032
2024,Dental & Vision,New Jersey,5649782,4818497
2022,Indemnity Health,Illinois,6122733,4476855
2021,Cancer Insurance,Tennessee,3101566,2622755
2017,Critical Illness,Washington,5855041,3214885
2020,Accident Insurance,Texas,9847632,8870902
2024,Dental & Vision,New York,12521665,9812204
2022,Accident Insurance,Illinois,5617838,3788634
2022,Critical Illness,Wisconsin,4069693,2810889
2021,Indemnity Health,Pennsylvania,6614077,5968752
2016,Indemnity Health,Washington,4118131,3787406
2024,Dental & Vision,New York,8210349,6953613
2015,Indemnity Health,Maryland,3600279,2931345
2020,Accident Insurance,Tennessee,2723848,2124334
2022,Long-term Care,Georgia,3843216,3665119
2023,Dental & Vision,Washington,5484841,4367094
2019,Cancer Insurance,Pennsylvania,5550288,3908894
2017,Cancer Insurance,California,14261797,11588826
2024,Critical Illness,Maryland,3839227,2623986
2017,Long-term Care,New York,12484481,12070473
2021,Accident Insurance,New York,10340804,10066093
2021,Indemnity Health,Georgia,4933105,3740728
2019,Accident Insurance,Michigan,3558779,3679619
2016,Critical Illness,New York,11466960,8580892
2020,Long-term Care,Missouri,3412847,4059043
2016,Cancer Insurance,Tennessee,3536016,2066566
2016,Indemnity Health,Maryland,4339657,4028463
2016,Long-term Care,California,11564074,11220040
2021,Critical Illness,Michigan,3665318,2893762
2017,Indemnity Health,Washington,4612251,4008579
2017,Dental & Vision,Washington,4460867,3263158
2024,Dental & Vision,Georgia,3748990,2596160
2015,Accident Insurance,New Jersey,4402812,4042878
2019,Accident Insurance,Missouri,4149537,3268495
2016,Accident Insurance,Wisconsin,3510634,2494542
2019,Cancer Insurance,Ohio,4706164,3686026
2018,Long-term Care,Maryland,3001034,3047493
2015,Dental & Vision,Michigan,3919506,3571627
2017,Accident Insurance,Missouri,2492995,1687893
2024,Dental & Vision,New Jersey,6174366,4831820
2023,Dental & Vision,Texas,10338726,9062764
2024,Indemnity Health,Michigan,3477440,3136694
2021,Long-term Care,Michigan,3895625,3453062
2019,Cancer Insurance,Florida,7446953,6375074
2015,Indemnity Health,Texas,7969241,5865561
2019,Critical Illness,Michigan,4817284,3394767
2016,Cancer Insurance,Missouri,2436374,1881648
2016,Critical Illness,Ohio,5294837,3122726
2024,Long-term Care,Massachusetts,6077273,6192000
2019,Critical Illness,New York,12432747,10666594
2021,Dental & Vision,New York,10061852,9349632
2015,Long-term Care,New York,11664717,14116898
2019,Cancer Insurance,Washington,4285430,3358212
2019,Long-term Care,Ohio,5214796,5589805
2019,Critical Illness,Washington,4373218,2517890
2023,Dental & Vision,New York,8070835,7525183
2019,Long-term Care,Florida,7684337,6705271
2021,Indemnity Health,California,11183553,8954577
2020,Cancer Insurance,Texas,8144491,5306762
2024,Accident Insurance,Illinois,5590203,5773271
2021,Accident Insurance,Georgia,4108147,3475252
2020,Critical Illness,North Carolina,4672279,2968202
2017,Long-term Care,Washington,4361092,4167730
2018,Indemnity Health,Wisconsin,4063005,3438504
2021,Accident Insurance,Michigan,3770576,3145471
2015,Long-term Care,Florida,7628989,6660256
2016,Accident Insurance,North Carolina,3223498,2189065
2024,Critical Illness,New Jersey,5001046,3980823
2015,Long-term Care,Illinois,5626430,5564632
2020,Dental & Vision,Ohio,5877591,4871517
2018,Cancer Insurance,California,10774358,8284377
2017,Critical Illness,Wisconsin,2435837,1827024
2018,Critical Illness,Tennessee,3555155,3167565
2019,Critical Illness,Tennessee,2869302,1865639
2016,Cancer Insurance,Texas,9712561,7082562
2020,Cancer Insurance,Virginia,4743906,2850827
2020,Long-term Care,California,10385231,12335186
2016,Indemnity Health,Illinois,7292799,7365351
2022,Critical Illness,Wisconsin,3754662,2186469
2024,Dental & Vision,New Jersey,4544130,3775520
2019,Indemnity Health,Illinois,4615510,3767426
2020,Dental & Vision,Indiana,3027469,2501568
2024,Cancer Insurance,Arizona,3830066,2206369
2015,Indemnity Health,New Jersey,4562226,3295504
2021,Accident Insurance,Maryland,3018731,2314467
2018,Long-term Care,New York,9691516,8725308
2023,Indemnity Health,Virginia,4484915,4387612
2016,Critical Illness,New Jersey,5613422,2880097
2020,Accident Insurance,New York,9102304,6018367
2018,Cancer Insurance,Georgia,4537685,3875519
2018,Dental & Vision,Wisconsin,3795777,3379291
2016,Dental & Vision,New York,9712992,8252499
2022,Cancer Insurance,Illinois,6886299,5078364
2024,Indemnity Health,Florida,6065047,6312280
2020,Indemnity Health,California,11633715,10498639
2020,Accident Insurance,Washington,4337681,3707154
2015,Long-term Care,New York,11060917,12855044
2021,Dental & Vision,New Jersey,4459697,3821175
2017,Indemnity Health,Missouri,3125743,2815550
2015,Accident Insurance,Florida,7750422,5007672
2023,Critical Illness,Illinois,7498988,4100741
2023,Cancer Insurance,Michigan,4711850,3082728
2021,Long-term Care,Illinois,6181489,5535945
2024,Critical Illness,Illinois,5710268,5265619
2017,Cancer Insurance,North Carolina,4829284,4684186
2018,Critical Illness,Missouri,2857804,2366900
2016,Dental & Vision,Ohio,3567270,2961701
2019,Long-term Care,Wisconsin,3831677,3463357
2015,Long-term Care,Missouri,3356741,3567026
2023,Indemnity Health,North Carolina,3965490,4166351
2021,Indemnity Health,Ohio,5797423,5298792
2022,Cancer Insurance,Indiana,3205604,2293863
2024,Cancer Insurance,Massachusetts,5257087,4850587
2015,Long-term Care,Maryland,3824051,4607884
2017,Accident Insurance,Indiana,2674761,2075592
2021,Long-term Care,Wisconsin,4014801,3687644
2017,Cancer Insurance,Illinois,6895557,5003232
2017,Accident Insurance,Tennessee,3606654,2700680
2020,Long-term Care,North Carolina,5384505,6644142
2023,Long-term Care,New York,12792427,13274482
2021,Long-term Care,Illinois,7038206,8286043
2022,Dental & Vision,Arizona,4750676,3503133
2019,Dental & Vision,Washington,3656374,3101153
2017,Dental & Vision,Massachusetts,5299526,4609748
2024,Dental & Vision,Indiana,2404519,2047840
2019,Long-term Care,Tennessee,4369201,5014541
2015,Dental & Vision,Tennessee,4304264,3095025
2023,Dental & Vision,Arizona,4608233,4196448
2019,Dental & Vision,Washington,5386458,3914138
2018,Long-term Care,California,9851920,10550280
2021,Cancer Insurance,Missouri,2615962,1826423
2018,Cancer Insurance,Ohio,5337751,4379355
2023,Dental & Vision,Maryland,3943071,2734114
2022,Long-term Care,Massachusetts,3702723,4316931
2015,Critical Illness,New Jersey,5574928,3745044
2022,Critical Illness,New York,9211432,5648212
2018,Dental & Vision,Georgia,3866476,3196498
2016,Long-term Care,Pennsylvania,4762321,3851738
2021,Dental & Vision,New Jersey,6097463,5228128
2020,Accident Insurance,Florida,7616342,7486146
2021,Cancer Insurance,Indiana,3525268,2696169
2024,Long-term Care,Massachusetts,5934862,5757436
2017,Accident Insurance,Florida,6124503,4219966
2016,Accident Insurance,California,11039046,10535983
2022,Long-term Care,California,11255830,10121144
2021,Long-term Care,Virginia,4748497,5144614
2018,Indemnity Health,Tennessee,3131237,3323889
2022,Long-term Care,Texas,7904701,8745256
2022,Dental & Vision,Maryland,3877317,3852647
2015,Critical Illness,Indiana,2244780,1626155
2022,Cancer Insurance,North Carolina,4458637,2586482
2021,Cancer Insurance,California,11744681,11014758
2023,Long-term Care,New York,10463806,11348690
2020,Indemnity Health,Illinois,6943741,6857620
2019,Indemnity Health,New Jersey,5170455,5389664
2023,Indemnity Health,New Jersey,5455206,4983271
2023,Accident Insurance,Washington,5452484,5274834
2018,Accident Insurance,North Carolina,4683836,4478465
2019,Dental & Vision,New York,8975838,7959623
2024,Accident Insurance,North Carolina,5186850,5070559
2019,Long-term Care,Virginia,4081839,4381756
2020,Accident Insurance,Massachusetts,5810619,5023366
2023,Long-term Care,Texas,8296573,7893291
2016,Indemnity Health,Michigan,4253360,4114912
2023,Cancer Insurance,Florida,9987812,8801452
2015,Accident Insurance,Virginia,3916393,2670448
2022,Dental & Vision,Illinois,4812278,4324763
2022,Dental & Vision,Washington,3623325,2628340
2016,Accident Insurance,Ohio,4158277,2707178
2020,Cancer Insurance,Florida,7250928,4362092
2018,Accident Insurance,Ohio,4222040,2946611
2018,Accident Insurance,Illinois,5359956,4253203
2015,Cancer Insurance,Virginia,4500552,3544382
2019,Accident Insurance,Washington,4358621,3880087
2017,Cancer Insurance,Ohio,5337560,4343369
2016,Accident Insurance,New Jersey,5129476,4311824
2016,Accident Insurance,Indiana,3575456,3408233
2016,Cancer Insurance,Tennessee,3695173,3356725
2022,Accident Insurance,Florida,7859265,6401808
2021,Cancer Insurance,Texas,10270201,7312914
2024,Long-term Care,New York,9854293,10169001
2018,Indemnity Health,Missouri,2482126,2124183
2017,Long-term Care,Massachusetts,5150073,5537596
2024,Critical Illness,Illinois,5486380,5022898
2023,Long-term Care,Wisconsin,3408490,3932216
2024,Accident Insurance,Missouri,3699033,3018458
2022,Dental & Vision,New York,12530240,9985831
2020,Indemnity Health,Massachusetts,4535043,5155817
2022,Indemnity Health,Washington,4254699,3710190
2023,Indemnity Health,Pennsylvania,5955585,5306712
2020,Cancer Insurance,Florida,9830801,7794629
2021,Indemnity Health,Washington,3815807,3754986
2018,Long-term Care,North Carolina,3818662,4318150
2016,Cancer Insurance,Massachusetts,4977649,2873048
2015,Indemnity Health,Indiana,2486278,2409563
2022,Cancer Insurance,New York,12245096,10752849
2021,Long-term Care,New York,10216273,12615022
2020,Long-term Care,Texas,10497103,10195374
2016,Indemnity Health,California,9315589,8907735
2020,Cancer Insurance,Wisconsin,3918387,2941674
2016,Indemnity Health,Massachusetts,4857909,4252237
2019,Critical Illness,Pennsylvania,6427064,4985490
2023,Cancer Insurance,New York,9751570,6539624
2022,Dental & Vision,Indiana,2912298,2788148
2024,Critical Illness,Massachusetts,4087221,2928845
2016,Long-term Care,Wisconsin,3782563,3089098
2018,Accident Insurance,Michigan,4278554,3417803
2017,Cancer Insurance,Virginia,4829055,2836186
2017,Accident Insurance,Illinois,7125469,5636481
2019,Long-term Care,North Carolina,4003927,4409958
2024,Indemnity Health,Texas,8481467,8110567
2016,Long-term Care,Indiana,3945901,4672547
2021,Cancer Insurance,Georgia,4046583,2375836
2020,Long-term Care,New Jersey,3999734,4393169
2018,Long-term Care,Ohio,3542861,3248553
2024,Dental & Vision,Texas,10860324,9985483
2021,Critical Illness,Indiana,3422629,1897425
2022,Indemnity Health,California,10380848,10147645
2015,Indemnity Health,Texas,8032909,6908041
2019,Critical Illness,Washington,4563248,2417095
2019,Cancer Insurance,Massachusetts,6008443,4206519
2024,Long-term Care,Texas,10552426,10135347
2023,Indemnity Health,California,11395844,12022046
2023,Dental & Vision,Florida,8708287,7886918
2023,Accident Insurance,Florida,6223052,4112279
2016,Cancer Insurance,Indiana,3316545,2176734
2017,Dental & Vision,Tennessee,4328953,3426514
2018,Accident Insurance,California,12976601,10929554
2018,Dental & Vision,Illinois,6055815,5747642
2017,Critical Illness,California,9398385,6980703
2017,Dental & Vision,Illinois,7364848,6036317
2021,Cancer Insurance,Wisconsin,3676463,2299094
2019,Cancer Insurance,California,11159232,8758572
2020,Dental & Vision,Georgia,4346174,3999887
2022,Critical Illness,Tennessee,2600571,2067603
2016,Critical Illness,Pennsylvania,5314323,3980681
2016,Dental & Vision,Florida,6951797,5648406
2020,Indemnity Health,Ohio,4185652,4403409
2016,Dental & Vision,North Carolina,4549043,3274384
2023,Critical Illness,Missouri,3549605,2653563
2022,Critical Illness,Virginia,3640563,2758082
2022,Indemnity Health,Florida,9163124,8449829
2019,Accident Insurance,New Jersey,4412572,3114074
2015,Long-term Care,Maryland,3105999,2835742
2021,Cancer Insurance,Arizona,4540474,2684174
2017,Indemnity Health,North Carolina,4516848,4648208
2016,Long-term Care,California,9481602,8118734
2023,Long-term Care,Florida,6768298,7540265
2019,Dental & Vision,Ohio,5382385,4224407
2021,Dental & Vision,Florida,7401587,7459404
2018,Long-term Care,Indiana,2215568,2183469
2018,Indemnity Health,Arizona,4483495,4459715
2016,Critical Illness,Pennsylvania,5904306,4582323
2017,Critical Illness,California,13434284,6933723
2024,Long-term Care,Maryland,3703690,4003896
2022,Dental & Vision,Washington,5154290,4425748
2020,Long-term Care,Maryland,3839477,3413324
2019,Critical Illness,North Carolina,4469632,3216314
2016,Indemnity Health,New York,11053373,10584444
2021,Accident Insurance,Illinois,7402761,6402096
2020,Critical Illness,Pennsylvania,5193320,4255620
2015,Accident Insurance,Arizona,4578907,3603039
2024,Cancer Insurance,Maryland,4084027,3042933
2018,Accident Insurance,Wisconsin,3265185,2066226
2021,Dental & Vision,California,10773849,9811408
2016,Critical Illness,Arizona,3606547,1780451
2020,Indemnity Health,Georgia,4580095,4268132
2016,Critical Illness,North Carolina,5103619,2554101
2020,Dental & Vision,Ohio,5325441,4950453
2017,Critical Illness,Massachusetts,5512717,2986514
2022,Indemnity Health,Florida,6452099,6221242
2017,Cancer Insurance,Illinois,5887268,5767660
2015,Cancer Insurance,Florida,6529285,4309431
2024,Cancer Insurance,Missouri,3503615,2843318
2017,Indemnity Health,North Carolina,5492544,5215004
2024,Cancer Insurance,Wisconsin,4265918,3815369
2015,Dental & Vision,Wisconsin,3991589,3487366
2017,Accident Insurance,Texas,10844020,8219757
2023,Cancer Insurance,Michigan,3194355,2913717
2024,Critical Illness,California,9306198,7420939
2022,Dental & Vision,Michigan,4442518,3262592
2022,Critical Illness,Pennsylvania,5353561,4460739
2018,Accident Insurance,Michigan,4440189,3365584
2020,Dental & Vision,Ohio,5442651,4556316
2019,Cancer Insurance,North Carolina,4909884,3337298
2019,Cancer Insurance,North Carolina,4597007,3237056
2018,Critical Illness,California,9582684,6906655
2024,Long-term Care,Illinois,4753621,5313322
2022,Long-term Care,Missouri,3196321,3487162
2018,Indemnity Health,Florida,7445414,5594010
2021,Critical Illness,Illinois,5875621,3405086
2024,Accident Insurance,Indiana,3085841,2031577
2024,Dental & Vision,Tennessee,3664714,2643926
2017,Dental & Vision,Ohio,5789749,4249000
2021,Dental & Vision,Illinois,6462886,5809486
2017,Long-term Care,Maryland,5086044,4701007
2024,Dental & Vision,Ohio,3934086,2950339
2024,Cancer Insurance,Indiana,3813879,3597070
2015,Accident Insurance,Texas,10059515,7038411
2020,Dental & Vision,New York,11831358,8725126
2024,Cancer Insurance,Florida,8367147,8092774
2020,Critical Illness,Washington,4413257,3080779
2016,Critical Illness,California,13376744,10941242
2023,Indemnity Health,Texas,9904110,9018409
2022,Cancer Insurance,Missouri,3040276,1883808
2022,Accident Insurance,Pennsylvania,4058200,2831587
2016,Long-term Care,Michigan,4609638,4443403
2024,Dental & Vision,New Jersey,6224112,4174151
2018,Accident Insurance,Florida,6869627,5195011
2019,Dental & Vision,Washington,4733360,3139720
2024,Long-term Care,North Carolina,3562518,3822936
2016,Critical Illness,Washington,5594777,4646192
2019,Dental & Vision,Indiana,2643096,2149608
2015,Critical Illness,Texas,10630045,8182689
2019,Indemnity Health,Wisconsin,2984438,3082921
2022,Indemnity Health,Illinois,6357513,4559877
2017,Long-term Care,Florida,8757575,8144053
2023,Indemnity Health,Washington,4627954,3976917
2019,Indemnity Health,California,13212779,11450310
2018,Cancer Insurance,Illinois,5992213,3764577
2018,Critical Illness,New York,9419016,7395544
2016,Critical Illness,Florida,9161214,5349378
2021,Cancer Insurance,Illinois,5979689,4430788
2018,Dental & Vision,Michigan,4241467,3047329
2017,Accident Insurance,Indiana,2262496,1825445
2024,Dental & Vision,Illinois,5657309,4792241
2019,Long-term Care,Massachusetts,5641816,6838994
2015,Dental & Vision,Michigan,3858032,3023495
2024,Critical Illness,Texas,8584667,6818917
2016,Dental & Vision,Massachusetts,4129771,3343496
2015,Dental & Vision,North Carolina,5023164,3522728
2024,Dental & Vision,Tennessee,4085326,3592643
2023,Accident Insurance,New Jersey,6035347,5012356
2015,Cancer Insurance,California,9631656,6202729
2018,Accident Insurance,Florida,7587343,6650238
2022,Dental & Vision,New Jersey,5840994,5263375
2017,Long-term Care,Missouri,3278216,3840685
2017,Accident Insurance,Massachusetts,5262366,4035649
2023,Dental & Vision,Missouri,3110662,2739808
2022,Indemnity Health,Georgia,4441174,4263895
2016,Cancer Insurance,Virginia,4918105,3616128
2017,Long-term Care,Georgia,4546678,4388842
2016,Indemnity Health,Michigan,3890880,3886906
2024,Indemnity Health,New Jersey,5907071,6180032
2019,Long-term Care,Tennessee,3317536,3906493
2023,Cancer Insurance,New York,9530240,5221267
2016,Indemnity Health,Florida,6907826,6716378
2019,Indemnity Health,Massachusetts,6188878,5809564
2015,Dental & Vision,Washington,5351225,4602117
2015,Accident Insurance,Texas,7864753,5040421
2015,Cancer Insurance,Texas,8590453,6652234
2018,Accident Insurance,Ohio,5111414,3569268
2018,Indemnity Health,Maryland,3838455,3110912
2016,Long-term Care,Massachusetts,4626836,5156177
2015,Indemnity Health,Georgia,4384959,4165006
2020,Dental & Vision,Maryland,4960175,3341058
2016,Critical Illness,Illinois,6196845,3726127
2015,Accident Insurance,Illinois,7067218,6461659
2021,Critical Illness,Michigan,3640372,3166746
2020,Dental & Vision,Georgia,4260420,3731742
2022,Critical Illness,Illinois,5722551,3759130
2023,Long-term Care,Maryland,3388097,3988079
2021,Critical Illness,Massachusetts,4391167,2458116
2023,Indemnity Health,New Jersey,4798716,3639926
2018,Indemnity Health,Missouri,3944362,3043453
2020,Dental & Vision,Tennessee,3723410,3419156
2018,Indemnity Health,Washington,4784168,4280330
2023,Dental & Vision,Indiana,3559484,3585441
2020,Dental & Vision,New Jersey,6059748,4368501
2022,Cancer Insurance,Michigan,3904991,3627708
2016,Dental & Vision,Georgia,3974863,3252027
2015,Cancer Insurance,Texas,8524749,7910213
2016,Dental & Vision,Texas,11228780,8556558
2019,Accident Insurance,New York,8314168,6101248
2022,Long-term Care,Pennsylvania,6672886,7772090
2015,Cancer Insurance,Indiana,3451810,2656589
2020,Cancer Insurance,Indiana,3764233,2292440
2016,Accident Insurance,North Carolina,5187556,3113152
2022,Cancer Insurance,Maryland,3063388,2873263
2017,Cancer Insurance,Massachusetts,5291318,4073646
2018,Cancer Insurance,Maryland,3256718,1868453
2019,Accident Insurance,Massachusetts,4267554,3789149
2017,Dental & Vision,Wisconsin,2664471,1741220
2020,Dental & Vision,Georgia,4954298,4833522
2018,Indemnity Health,Ohio,4173941,4178645
2020,Dental & Vision,Georgia,4046596,2956562
2016,Long-term Care,Texas,11891573,13253049
2017,Indemnity Health,Virginia,4793957,4721678
2020,Indemnity Health,California,13538407,13482325
2022,Critical Illness,Pennsylvania,5177247,4584409
2020,Dental & Vision,Illinois,5846493,5194112
2021,Dental & Vision,New Jersey,4101413,3505745
2021,Accident Insurance,Georgia,3660984,3365909
2016,Long-term Care,Wisconsin,3649681,3096763
2022,Dental & Vision,Illinois,7186963,4858200
2017,Cancer Insurance,Maryland,4093684,2432766
2023,Indemnity Health,Massachusetts,5351559,5584709
2021,Indemnity Health,Washington,3979123,3922392
2019,Long-term Care,Tennessee,2546864,2517823
2017,Cancer Insurance,Michigan,4418071,2439020
2021,Accident Insurance,California,12700695,10231441
2022,Indemnity Health,California,14751472,14906115
2024,Indemnity Health,California,12779337,13850555
2015,Long-term Care,Georgia,4260306,5027741
2017,Dental & Vision,Massachusetts,5309926,3964521
2022,Indemnity Health,Massachusetts,4613415,4503007
2016,Accident Insurance,California,10013250,7854974
2022,Cancer Insurance,Virginia,3581566,3086364
2023,Accident Insurance,New York,8797592,7009053
2016,Dental & Vision,Michigan,4344376,3738673
2018,Dental & Vision,Indiana,3164335,2805489
2022,Critical Illness,Maryland,4672180,3666921
2017,Dental & Vision,Arizona,3841088,2753366
2021,Critical Illness,New York,11064899,9011579
2019,Long-term Care,Wisconsin,2421945,2371777
2021,Indemnity Health,Pennsylvania,6221299,5616653
2024,Indemnity Health,Texas,10762071,8880154
2024,Cancer Insurance,Washington,5394397,4207181
2023,Cancer Insurance,Maryland,3102775,2724495
2019,Long-term Care,Indiana,3683823,3972454
2018,Critical Illness,Washington,5197452,2637891
2016,Critical Illness,Missouri,2824146,2120295
2024,Critical Illness,Georgia,4635960,2636925
2016,Dental & Vision,Missouri,2677356,1743240
2016,Dental & Vision,Pennsylvania,5640351,4866567
2015,Accident Insurance,Florida,9769182,7205914
2017,Dental & Vision,North Carolina,5253848,4900709
2016,Critical Illness,Virginia,3784281,2622345
2015,Long-term Care,New Jersey,5051394,5322160
2015,Critical Illness,Tennessee,3750347,2168680
2015,Dental & Vision,Tennessee,4022507,3230745
2020,Cancer Insurance,Virginia,3369274,2107387
2017,Cancer Insurance,Arizona,4246024,3500139
2022,Accident Insurance,Massachusetts,5965514,4625695
2024,Critical Illness,Pennsylvania,6090387,5243491
2023,Cancer Insurance,Missouri,3355121,3084569
2018,Dental & Vision,Virginia,3365755,2885572
2022,Dental & Vision,Arizona,2931719,2808385
2015,Accident Insurance,California,10419816,10037027
2019,Long-term Care,Wisconsin,2640108,3034344
2018,Long-term Care,Indiana,3166777,3347026
2015,Critical Illness,Missouri,2937334,1478388
2018,Accident Insurance,Florida,7685309,7547566
2022,Cancer Insurance,Illinois,6395017,3725734
2022,Accident Insurance,Tennessee,4073146,3697284
2024,Accident Insurance,Arizona,3660829,3738203
2020,Critical Illness,Texas,10956410,7312941
2015,Critical Illness,Georgia,3158357,2544061
2015,Critical Illness,Ohio,5522172,4205643
2015,Cancer Insurance,California,12091920,9759986
2018,Cancer Insurance,Ohio,4434584,4015215
2022,Indemnity Health,Georgia,3679549,3075010
2020,Critical Illness,Michigan,4555507,3639244
2016,Indemnity Health,Missouri,2603901,2280284
2017,Critical Illness,Washington,3997686,3576666
2018,Long-term Care,Tennessee,3068130,3027506
2021,Indemnity Health,Ohio,4327898,3393665
2018,Dental & Vision,New Jersey,4358850,3474257
2023,Dental & Vision,Illinois,5522044,4730317
2017,Long-term Care,Ohio,4307285,4818152
2019,Long-term Care,Maryland,4257470,3824452
2019,Critical Illness,Tennessee,3624708,2808732
2023,Cancer Insurance,Georgia,4230160,3442907
2024,Dental & Vision,Virginia,3898258,3455755
2018,Accident Insurance,Michigan,4515342,3788897
2018,Dental & Vision,Wisconsin,3577671,2471398
2019,Critical Illness,Illinois,6373302,4198332
2020,Cancer Insurance,California,14836563,14746249
2023,Accident Insurance,Pennsylvania,5374248,4353560
2015,Indemnity Health,Georgia,5249051,4023918
2016,Critical Illness,Indiana,2761062,1713457
2024,Long-term Care,Texas,9266591,9746529
2018,Accident Insurance,New Jersey,4788037,3285008
2020,Indemnity Health,North Carolina,4313727,3758359
2018,Indemnity Health,Massachusetts,3820784,4403104
2021,Cancer Insurance,Florida,6321777,5015759
2022,Long-term Care,Wisconsin,3043928,2963053
2023,Indemnity Health,Ohio,5097508,3969569
2024,Cancer Insurance,Indiana,3716986,2614141
2015,Critical Illness,North Carolina,5780293,2993039
2016,Indemnity Health,California,14255162,12990322
2024,Indemnity Health,Pennsylvania,5991046,5389347
2017,Long-term Care,North Carolina,3285142,3123502
2022,Cancer Insurance,New York,9123176,8535919
2018,Critical Illness,Maryland,4805157,2681497
2024,Accident Insurance,New Jersey,4815068,3527107
2021,Indemnity Health,Florida,8607108,8485830
2023,Critical Illness,Arizona,3367385,2569470
2015,Cancer Insurance,Pennsylvania,6554309,6038573
2022,Dental & Vision,Arizona,4809918,4065491
2015,Critical Illness,Wisconsin,4062840,2712481
2023,Dental & Vision,Wisconsin,3853807,2729306
2023,Indemnity Health,Tennessee,4221062,3371615
2024,Cancer Insurance,Georgia,3487923,2251086
2018,Critical Illness,Illinois,7409747,5810298
2016,Indemnity Health,California,10976683,9341922
2018,Critical Illness,Ohio,4636989,3575414
2020,Indemnity Health,New Jersey,5265794,4994043
2018,Long-term Care,Missouri,2522905,2615004
2020,Accident Insurance,New York,9341414,8095867
2023,Accident Insurance,Arizona,3993902,3370633
2020,Cancer Insurance,New York,11449349,7447607
2021,Critical Illness,Maryland,3751615,2850830
2016,Dental & Vision,Georgia,3283172,2493121
2022,Dental & Vision,Virginia,5208774,4158571
2023,Dental & Vision,Wisconsin,3317071,2975379
2017,Long-term Care,Pennsylvania,4152586,3917102
2020,Cancer Insurance,North Carolina,4426380,3619578
2021,Long-term Care,Ohio,5012222,5087495
2016,Indemnity Health,Arizona,3993017,3072725
2018,Dental & Vision,Maryland,4362149,3973990
2017,Critical Illness,Washington,4708096,2529659
2017,Critical Illness,New York,10696038,5556995
2015,Long-term Care,New Jersey,6199319,6863322
2020,Accident Insurance,Tennessee,3207900,2397785
2019,Dental & Vision,Georgia,3224613,2707630
2019,Critical Illness,Florida,9042387,7685896
2017,Dental & Vision,Michigan,3395004,3142419
2016,Accident Insurance,Maryland,4266620,2970672
2020,Critical Illness,Texas,9082529,5593943
2016,Long-term Care,Arizona,4607331,4149197
2015,Long-term Care,Virginia,5382247,5550492
2022,Long-term Care,Georgia,4149707,4740812
2019,Cancer Insurance,Wisconsin,3326025,2224538
2017,Accident Insurance,Georgia,3374055,2306236
2016,Indemnity Health,Georgia,5382013,4952687
2015,Critical Illness,Georgia,5029037,2869602
2018,Dental & Vision,Missouri,3114124,2178677
2017,Accident Insurance,California,9451436,7022683
2015,Cancer Insurance,Ohio,5572477,4010223
2016,Long-term Care,Florida,7487016,6367007
2016,Cancer Insurance,Michigan,4091504,3572234
2017,Cancer Insurance,Illinois,6100079,3972476
2021,Critical Illness,Illinois,7312788,6072965
2015,Critical Illness,New York,12518255,7385817
2023,Dental & Vision,Maryland,3510667,3127558
2017,Accident Insurance,New York,8424275,6459436
2024,Cancer Insurance,Missouri,2922689,2226627
2020,Cancer Insurance,Florida,6479526,6238396
2021,Cancer Insurance,Indiana,3301706,2758735
2019,Indemnity Health,Tennessee,2817139,1998129
2018,Cancer Insurance,Michigan,3088004,1950958
2022,Cancer Insurance,North Carolina,3643799,2999315
2020,Accident Insurance,Texas,10928046,10086918
2023,Indemnity Health,Texas,10243847,10260234
2021,Cancer Insurance,Missouri,3515856,2437209
2020,Critical Illness,North Carolina,5493588,4960856
2022,Critical Illness,Illinois,6080068,3325392
2021,Indemnity Health,Massachusetts,6120015,6308580
2017,Accident Insurance,New York,12168348,11246625
2024,Critical Illness,New York,10537374,6736584
2015,Indemnity Health,Wisconsin,3085179,2827569
2023,Accident Insurance,Maryland,4947390,3957407
2019,Accident Insurance,Indiana,3204880,2805690
2016,Critical Illness,Georgia,4721002,3902591
2015,Accident Insurance,Florida,8102401,5248279
2023,Indemnity Health,Virginia,4903324,4298046
2019,Cancer Insurance,Texas,8771282,5428273
2024,Cancer Insurance,North Carolina,4232484,3546880
2018,Long-term Care,Missouri,3634920,3993519
2018,Accident Insurance,Missouri,2568447,1755221
2015,Cancer Insurance,Missouri,2430613,1943041
2017,Accident Insurance,Wisconsin,3494664,2998609
2023,Indemnity Health,Missouri,3166135,2817185
2019,Cancer Insurance,New York,12687172,9679976
2017,Dental & Vision,Massachusetts,5643555,3722209
2015,Critical Illness,Tennessee,2756149,1658391
2024,Cancer Insurance,Arizona,3765093,3606706
2021,Critical Illness,Indiana,2419837,1372362
2017,Long-term Care,New York,8152903,9868180
2024,Cancer Insurance,Wisconsin,3613195,2663585
2021,Long-term Care,Ohio,4598152,4541540
2023,Long-term Care,Florida,9838698,8480846
2017,Long-term Care,Virginia,5426612,6970263
2021,Accident Insurance,Virginia,4971393,3808175
2022,Long-term Care,California,14286486,13309016
2016,Long-term Care,Arizona,3511847,3940565
2017,Cancer Insurance,North Carolina,4847646,2767621
2017,Accident Insurance,Massachusetts,5116793,4354415
2021,Critical Illness,New Jersey,4187587,3282638
2016,Cancer Insurance,Virginia,4389010,2908369
2017,Long-term Care,Tennessee,4003639,3772906
2023,Indemnity Health,Maryland,3958250,3589029
2015,Cancer Insurance,Indiana,3380537,2325854
2018,Critical Illness,Wisconsin,2954097,2238145
2022,Indemnity Health,Indiana,3003369,3160962
2019,Indemnity Health,Georgia,3246460,2615424
2023,Long-term Care,Pennsylvania,5833928,5574322
2024,Critical Illness,Virginia,4090669,3766024
2019,Cancer Insurance,New York,11402980,8069462
2021,Indemnity Health,Massachusetts,4314862,3828539
2022,Indemnity Health,New York,11862065,9300075
2023,Cancer Insurance,Florida,9488866,5759678
2021,Critical Illness,Massachusetts,4331775,3161224
2017,Accident Insurance,Wisconsin,3470589,2686829
2020,Critical Illness,Illinois,5216493,4211353
2022,Critical Illness,Texas,10180636,9479655
2023,Cancer Insurance,Illinois,4518771,3216453
2017,Indemnity Health,Missouri,3180060,2916527
2018,Critical Illness,Pennsylvania,5683898,4261705
2019,Critical Illness,Tennessee,3550330,2562061
2018,Indemnity Health,Washington,4572594,3652914
2017,Cancer Insurance,Florida,6406703,5934415
2019,Indemnity Health,Massachusetts,4360356,4879905
2020,Critical Illness,California,11933849,7776428
2022,Indemnity Health,New Jersey,6104494,5783398
2018,Dental & Vision,Ohio,4426987,3874146
2021,Dental & Vision,Virginia,5011770,3917509
2015,Indemnity Health,New Jersey,4944773,3949545
2022,Long-term Care,Virginia,5397360,6444156
2017,Long-term Care,Ohio,3570655,3815505
2018,Cancer Insurance,Arizona,3360213,2981302
2023,Long-term Care,Ohio,5628364,6326553
2017,Cancer Insurance,New York,12950170,10240544
2021,Critical Illness,Indiana,2354459,1373049
2021,Long-term Care,Missouri,2742846,2962681
2022,Cancer Insurance,North Carolina,3905109,3080406
2019,Cancer Insurance,Washington,4978406,4280899
2020,Accident Insurance,Pennsylvania,4406704,3000236
2020,Indemnity Health,California,11376353,10472314
2018,Indemnity Health,Massachusetts,6094131,5978280
2017,Cancer Insurance,Washington,5280541,3621532
2020,Critical Illness,Indiana,3183556,2149565
2021,Dental & Vision,Texas,8053545,6269050
2017,Critical Illness,California,10960815,8230701
2023,Long-term Care,Pennsylvania,6868717,8540651
2023,Dental & Vision,Pennsylvania,4297148,4128133
2015,Accident Insurance,Florida,7310228,6530384
2016,Cancer Insurance,Florida,7566817,6187633
2015,Long-term Care,Arizona,3645878,3504383
2021,Long-term Care,Texas,11835070,13324791
2021,Indemnity Health,New York,8644067,7178710
2022,Cancer Insurance,Illinois,5167884,3793689
2019,Indemnity Health,Georgia,3410039,3112910
2019,Long-term Care,New York,8702283,9621563
2016,Dental & Vision,Texas,10707559,7021499
2023,Dental & Vision,Georgia,4078013,3743872
2016,Accident Insurance,Missouri,3236944,2379092
2016,Dental & Vision,Massachusetts,4914378,4551294
2021,Dental & Vision,Texas,9171014,8261057
2015,Critical Illness,Wisconsin,2423979,1786784
2018,Cancer Insurance,Ohio,4269936,2656398
2019,Indemnity Health,North Carolina,4400695,3603379
2020,Accident Insurance,North Carolina,4495503,4116825
2016,Accident Insurance,Maryland,4672145,4448606
2020,Critical Illness,Illinois,5163112,2547689
2018,Cancer Insurance,Missouri,2728112,1839793
2021,Cancer Insurance,California,9890229,7408835
2018,Critical Illness,Arizona,3872874,2136509
2015,Critical Illness,Michigan,3462175,2441097
2018,Cancer Insurance,Michigan,4829549,4074576
2017,Critical Illness,Virginia,3565479,1812487
2015,Cancer Insurance,Massachusetts,5888317,4115803
2021,Dental & Vision,Virginia,3848980,3581477
2015,Indemnity Health,Massachusetts,3899514,3019443
2021,Indemnity Health,New Jersey,4615505,4048418
2022,Cancer Insurance,Florida,6638005,5695143
2017,Cancer Insurance,Ohio,4236222,2755976
2015,Critical Illness,Pennsylvania,6283169,4308687
2015,Indemnity Health,Ohio,3675442,3213004
2019,Indemnity Health,Pennsylvania,5249274,5251011
2024,Cancer Insurance,Georgia,4406839,4144872
2022,Accident Insurance,Michigan,4403115,3196856
2015,Critical Illness,Maryland,4477754,3682537
2016,Indemnity Health,Arizona,4396240,3250394
2016,Critical Illness,Florida,7689510,3997200
2015,Critical Illness,Georgia,5073531,3157989
2015,Cancer Insurance,North Carolina,5408433,2966535
2021,Indemnity Health,Virginia,4624108,3960674
2019,Dental & Vision,Indiana,2988629,2446450
2018,Accident Insurance,Michigan,3892046,3690497
2016,Dental & Vision,New York,12814043,12296514
2017,Critical Illness,New Jersey,5348668,3659494
2019,Long-term Care,North Carolina,5249105,5296034
2019,Indemnity Health,Pennsylvania,5243769,4443252
2020,Indemnity Health,Texas,9704970,9391006
2018,Accident Insurance,Texas,9067257,6348019
2022,Critical Illness,Texas,10637737,7605937
2018,Cancer Insurance,Tennessee,3406379,2104263
2016,Indemnity Health,Michigan,3395138,3393568
2023,Long-term Care,New Jersey,6463298,7543462
2024,Long-term Care,Massachusetts,4115578,4918677
2022,Dental & Vision,New Jersey,4994614,3511630
2024,Cancer Insurance,California,10434845,10189617
2019,Accident Insurance,Florida,6900913,6859983
2018,Cancer Insurance,California,10922992,8682174
2020,Cancer Insurance,North Carolina,4801488,3724680
2017,Indemnity Health,Georgia,5486971,5245966
2017,Dental & Vision,Indiana,2661871,1732090
2019,Indemnity Health,Virginia,5341354,5006690
2021,Accident Insurance,Washington,5997979,4933179
2021,Dental & Vision,Georgia,4759843,4101666
2015,Dental & Vision,Ohio,3811838,3070285
2022,Dental & Vision,Tennessee,2944492,2414268
2020,Cancer Insurance,Michigan,3227367,2529500
2017,Long-term Care,Illinois,4834131,5613481
2020,Accident Insurance,Virginia,4639225,3669230
2023,Dental & Vision,Wisconsin,3118666,2905672
2019,Accident Insurance,Indiana,2888620,2689790
2024,Dental & Vision,North Carolina,3849046,2771532
2016,Critical Illness,California,14939835,10093042
2024,Critical Illness,North Carolina,3984208,2937645
2018,Long-term Care,Michigan,3109299,3246108
2020,Critical Illness,Illinois,5556117,3948247
2015,Indemnity Health,Virginia,3518752,3391403
2018,Dental & Vision,Washington,4307063,3243906
2018,Long-term Care,Wisconsin,3509134,3227587
2021,Indemnity Health,Maryland,4224214,3615257
2022,Critical Illness,Washington,4784221,3204636
2016,Dental & Vision,Maryland,4770059,3095563
2017,Long-term Care,Indiana,2912882,2630809
2022,Cancer Insurance,California,13265108,11473683
2018,Critical Illness,Georgia,5430404,4996930
2022,Indemnity Health,Florida,8428241,7703324
2023,Critical Illness,Wisconsin,3381004,2266908
2015,Dental & Vision,New Jersey,4667664,3601145
2016,Critical Illness,Wisconsin,4125312,2859761
2018,Cancer Insurance,Maryland,4134809,2997506
2018,Accident Insurance,Georgia,5241480,4701585
2018,Dental & Vision,Maryland,3125708,2417013
2019,Critical Illness,Massachusetts,3603254,2628324
2018,Cancer Insurance,Texas,11026206,8017023
2016,Accident Insurance,Georgia,3988762,2961060
2024,Indemnity Health,Maryland,5047691,3917467
2018,Indemnity Health,Florida,9023884,7750566
2018,Critical Illness,Indiana,3459590,2975875
2017,Accident Insurance,Ohio,3994567,2932741
2023,Cancer Insurance,Pennsylvania,5668331,3700847
2016,Indemnity Health,Pennsylvania,4366199,3494426
2024,Accident Insurance,Arizona,4854055,3793396
2023,Long-term Care,Pennsylvania,6477104,6787322
2024,Accident Insurance,Texas,10955438,9647329
2024,Indemnity Health,Maryland,3665053,3063002
2016,Accident Insurance,Florida,9070605,6496129
2022,Dental & Vision,Indiana,3840331,3688259
2020,Dental & Vision,North Carolina,4400224,3463406
2018,Cancer Insurance,Virginia,3499204,2513902
2024,Long-term Care,Illinois,6477729,6308606
2024,Dental & Vision,Washington,5898436,4799742
2019,Cancer Insurance,Maryland,4994927,3467721
2019,Critical Illness,Wisconsin,3173770,2316732
2021,Long-term Care,New Jersey,3867422,4427721
2021,Dental & Vision,Ohio,3584634,2568233
2018,Cancer Insurance,Ohio,4069300,2246538
2018,Cancer Insurance,Washington,5443105,4587805
2024,Long-term Care,New York,9696236,8640854
2021,Dental & Vision,Maryland,3895681,3193639
2018,Critical Illness,Texas,9348635,5953124
2020,Accident Insurance,Washington,5888711,4403280
2016,Cancer Insurance,Pennsylvania,4764236,3762814
2019,Cancer Insurance,Maryland,3248790,2043469
2023,Indemnity Health,Arizona,3685740,3207946
2015,Dental & Vision,Maryland,3629500,2721232
2019,Cancer Insurance,Ohio,5172524,3661773
2021,Critical Illness,Florida,7020582,4753607
2022,Indemnity Health,Arizona,4414093,4164140
2023,Critical Illness,Texas,10404507,7366552
2015,Dental & Vision,Tennessee,2516908,2215683
2022,Indemnity Health,Virginia,4371262,3938521
2017,Accident Insurance,Maryland,5035475,4163566
2021,Accident Insurance,Indiana,2446038,1631787
2017,Long-term Care,Washington,3811103,3648815
2020,Dental & Vision,Maryland,3049105,2307945
2018,Indemnity Health,Massachusetts,5273950,4810333
2016,Critical Illness,New York,12111288,9983092
2018,Critical Illness,Washington,5806658,4430045
2018,Long-term Care,Maryland,4859687,4237147
2022,Long-term Care,Arizona,2892772,3640455
2019,Indemnity Health,Texas,7541746,6129787
2020,Indemnity Health,Illinois,7033067,5575260
2021,Critical Illness,Illinois,6401600,3424170
2020,Long-term Care,Massachusetts,4602353,4252400
2023,Indemnity Health,Tennessee,4272925,3740858
2022,Critical Illness,Tennessee,3372602,2432404
2018,Critical Illness,Wisconsin,3589436,2252248
2021,Long-term Care,Texas,11044353,10686455
2020,Long-term Care,North Carolina,5646688,6915362
2022,Long-term Care,Arizona,3972570,4071308
2021,Long-term Care,Tennessee,3839669,4322172
2021,Cancer Insurance,Georgia,5119514,3399249
2015,Indemnity Health,Arizona,3015489,2562594
2024,Cancer Insurance,Illinois,5689628,4334971
2023,Cancer Insurance,Indiana,2869325,2143312
2019,Critical Illness,Tennessee,2934370,1629129
2022,Cancer Insurance,Wisconsin,2777605,2266030
2015,Dental & Vision,Indiana,2476788,1969948
2019,Dental & Vision,New Jersey,4516118,4235889
2023,Dental & Vision,New York,10295067,8865044
2021,Dental & Vision,Arizona,4203311,3289852
2020,Long-term Care,Georgia,4254003,4257348
2015,Indemnity Health,Tennessee,3706279,3126926
2023,Critical Illness,Virginia,4899122,3434447
2015,Accident Insurance,New Jersey,5752014,4713410
2016,Critical Illness,California,11875702,10122746
2021,Long-term Care,Ohio,5747074,5596261
2024,Dental & Vision,Illinois,4547725,4087018
2019,Accident Insurance,Indiana,3842375,3407985
2017,Dental & Vision,Maryland,4409752,3018902
2016,Long-term Care,North Carolina,4489266,4130176
2024,Long-term Care,Georgia,3011912,3003933
2019,Accident Insurance,New Jersey,4157935,2676151
2020,Cancer Insurance,Arizona,3145986,1991301
2019,Accident Insurance,North Carolina,5580982,4338945
2024,Dental & Vision,Pennsylvania,5160319,4173230
2018,Cancer Insurance,Texas,7652338,4952998
2017,Accident Insurance,Arizona,3925561,2528009
2017,Indemnity Health,Georgia,4149084,3052910
2023,Dental & Vision,Massachusetts,4957519,5076791
2015,Indemnity Health,North Carolina,4497233,4110158
2018,Accident Insurance,Texas,10811680,10914849
2020,Dental & Vision,Maryland,4402852,4112925
2024,Dental & Vision,Tennessee,2884382,2540217
2015,Cancer Insurance,California,9116758,5505261
2018,Critical Illness,Illinois,4766377,3672909
2015,Cancer Insurance,New Jersey,5719647,3066110
2017,Long-term Care,California,14404872,16298814
2020,Dental & Vision,Indiana,3317704,2698519
2023,Cancer Insurance,Arizona,4322971,3319481
2019,Dental & Vision,Texas,7898660,5996191
2022,Accident Insurance,Massachusetts,3756045,3732877
2020,Critical Illness,Missouri,3419750,2231824
2023,Accident Insurance,Michigan,4447364,2983689
2023,Indemnity Health,Michigan,4908362,5239927
2022,Long-term Care,Tennessee,2614001,3274669
2021,Critical Illness,Illinois,5369114,3191759
2019,Cancer Insurance,Wisconsin,4039227,2742745
2018,Indemnity Health,Illinois,5467204,5539261
2016,Accident Insurance,New York,10206678,6108904
2020,Dental & Vision,New York,10413023,8705460
2022,Long-term Care,Washington,5323161,5017616
2016,Long-term Care,Wisconsin,2701506,2977147
2016,Long-term Care,Maryland,4660141,3924977
2024,Dental & Vision,Maryland,3753309,3514040
2016,Dental & Vision,New York,11446553,9401130
2016,Cancer Insurance,Ohio,4176681,2605009
2019,Dental & Vision,Missouri,3235592,2977331
2017,Cancer Insurance,Tennessee,3774686,2391805
2022,Critical Illness,Georgia,4914199,3221684
2015,Long-term Care,Florida,7442983,8707432
2024,Dental & Vision,Pennsylvania,4723053,4170035
2016,Cancer Insurance,Massachusetts,5258028,4433318
2021,Cancer Insurance,Michigan,3182369,2001357
2022,Critical Illness,Washington,4627806,3479262
2015,Accident Insurance,Indiana,3801925,3515397
2019,Indemnity Health,Tennessee,4387116,3930993
2024,Critical Illness,Ohio,4463321,2765701
2015,Long-term Care,Wisconsin,2722339,3248386
2023,Cancer Insurance,New York,8458448,5610208
2019,Dental & Vision,Missouri,4117342,3295256
2018,Long-term Care,Wisconsin,3288477,3123433
2023,Indemnity Health,North Carolina,4046046,4186444
2023,Indemnity Health,North Carolina,3671377,3336212
2015,Long-term Care,Pennsylvania,6290190,6497770
2022,Cancer Insurance,Florida,6210356,4518192
2019,Dental & Vision,Ohio,5500952,5127050
2018,Cancer Insurance,Texas,9244871,8569901
2024,Accident Insurance,California,14218667,9498150
2021,Cancer Insurance,Ohio,4666349,4051759
2019,Indemnity Health,California,10158512,8443447
2022,Dental & Vision,Texas,7657989,5597985
2015,Dental & Vision,Texas,11331903,9176612
2015,Long-term Care,Massachusetts,6193082,5612110
2018,Long-term Care,Arizona,2945101,3014434
2017,Cancer Insurance,Indiana,2466616,2325446
2020,Dental & Vision,Florida,9385948,6874784
2021,Dental & Vision,New York,12157205,10275259
2020,Dental & Vision,Washington,5829507,4009578
2018,Critical Illness,Texas,11996849,7392351
2021,Critical Illness,Texas,11285795,6554769
2020,Long-term Care,Indiana,3180111,3038751
2017,Indemnity Health,Texas,8175331,7907027
2022,Cancer Insurance,Illinois,7430430,4893155
2016,Indemnity Health,Texas,11231428,10077059
2022,Indemnity Health,Arizona,3707879,3019937
2018,Dental & Vision,New York,8575858,7034507
2024,Long-term Care,Illinois,5716215,7128074
2023,Long-term Care,Massachusetts,4394970,5211239
2022,Critical Illness,Washington,4274820,3047091
2024,Dental & Vision,Washington,5119416,4376408
2024,Long-term Care,Missouri,3095076,3301458
2019,Critical Illness,Indiana,3465967,2487696
2016,Long-term Care,Massachusetts,3959965,3416357
2015,Long-term Care,Wisconsin,3577204,4385359
2019,Long-term Care,North Carolina,5711766,6301167
2017,Critical Illness,Texas,9131173,8217276
2016,Cancer Insurance,Tennessee,2963780,1886194
2023,Cancer Insurance,Arizona,4411764,3302643
2015,Long-term Care,Washington,5489762,5731453
2017,Cancer Insurance,New Jersey,3883284,3760660
2023,Accident Insurance,Wisconsin,3942346,3525927
2018,Dental & Vision,Illinois,5878220,5000913
2017,Dental & Vision,California,12277885,9592430
2021,Long-term Care,Virginia,3975545,3727495
2018,Cancer Insurance,Indiana,3415415,3036013
2018,Indemnity Health,North Carolina,3670032,3176076
2019,Critical Illness,Ohio,4076670,3169734
2015,Accident Insurance,Florida,8274293,5476611
2021,Long-term Care,Georgia,3282689,3371657
2019,Accident Insurance,New York,12897925,11960900
2016,Dental & Vision,New York,12777438,11977515
2017,Cancer Insurance,North Carolina,4902016,3427637
2021,Accident Insurance,North Carolina,5337521,3374455
2020,Long-term Care,New Jersey,3970109,5028131
2016,Accident Insurance,Michigan,3424858,2044568
2020,Long-term Care,Maryland,5006513,5039711
2016,Cancer Insurance,Wisconsin,2554625,1754053
2020,Indemnity Health,Arizona,3341339,3682821
2022,Cancer Insurance,Maryland,3148156,2597267
2022,Indemnity Health,North Carolina,4172300,3759723
2017,Accident Insurance,Texas,10901916,10460974
2016,Critical Illness,Georgia,4463162,3584073
2022,Accident Insurance,Massachusetts,5114744,3907905
2020,Cancer Insurance,California,11088892,7798537
2020,Critical Illness,New York,12971497,7083964
2017,Accident Insurance,Ohio,5936784,4408183
2022,Indemnity Health,Indiana,3863478,3211257
2022,Long-term Care,Washington,4090539,5028468
2024,Critical Illness,Maryland,4366242,3640134
2016,Indemnity Health,Massachusetts,4439183,3681011
2024,Cancer Insurance,Massachusetts,4814564,3496174
2015,Indemnity Health,California,10834068,8773253
2016,Cancer Insurance,Florida,8752188,6723104
2023,Long-term Care,Michigan,3938290,4099823
2019,Cancer Insurance,Missouri,2684153,2247521
2015,Indemnity Health,Texas,10688729,8864735
2023,Cancer Insurance,Ohio,4859717,4278882
2019,Long-term Care,Pennsylvania,4362179,4610307
2017,Cancer Insurance,Maryland,3553089,2791505
2018,Indemnity Health,Washington,5652676,5774746
2020,Accident Insurance,Massachusetts,3660744,3426541
2016,Dental & Vision,Tennessee,3710386,2650532
2018,Indemnity Health,Massachusetts,6193444,6284666
2017,Critical Illness,Ohio,5901322,4299432
2022,Accident Insurance,Illinois,5888991,5378217
2019,Dental & Vision,Wisconsin,2708829,2169425
2020,Long-term Care,Georgia,4824374,4608066
2019,Dental & Vision,Georgia,4498445,3875992
2022,Dental & Vision,Maryland,4542206,4316723
2018,Indemnity Health,Arizona,4207203,4348930
2024,Accident Insurance,Michigan,4400105,3469218
2018,Cancer Insurance,California,9113682,7484334
2018,Long-term Care,Washington,5552071,5572836
2024,Cancer Insurance,Arizona,4278525,4364002
2019,Cancer Insurance,Illinois,4533440,3773145
2020,Critical Illness,New York,12906466,11011207
2024,Long-term Care,Georgia,3258779,3226137
2018,Dental & Vision,Florida,6485097,5901812
2024,Cancer Insurance,Pennsylvania,6743871,4808504
2018,Critical Illness,Arizona,3498178,2916960
2015,Long-term Care,Pennsylvania,5574784,4708949
2017,Cancer Insurance,Georgia,4998284,4562125
2017,Critical Illness,Indiana,3421099,2157889
2024,Cancer Insurance,Ohio,5221023,4100637
2022,Accident Insurance,North Carolina,3728257,2732048
2015,Cancer Insurance,Wisconsin,2790487,1508165
2020,Accident Insurance,Georgia,3193683,2671923
2018,Long-term Care,North Carolina,4108121,3611277
2016,Dental & Vision,Tennessee,3538143,2792862
2018,Dental & Vision,Illinois,4843720,4104920
2024,Cancer Insurance,Virginia,3397742,2134504
2021,Dental & Vision,Washington,4958697,4644138
2024,Accident Insurance,California,10450432,7194195
2016,Dental & Vision,Arizona,3175104,2342879
2020,Critical Illness,Texas,8853682,5657371
2015,Accident Insurance,Massachusetts,4677750,2654018
2024,Cancer Insurance,Maryland,4532377,3863862
2018,Critical Illness,Indiana,3315312,2575791
2021,Cancer Insurance,Washington,4759262,3914463
2015,Accident Insurance,Ohio,3650324,2235019
2020,Dental & Vision,Michigan,4929012,3401825
2023,Critical Illness,North Carolina,3363141,2934792
2021,Dental & Vision,Tennessee,3937433,3403344
2019,Accident Insurance,Florida,7908382,6442570
2020,Accident Insurance,Tennessee,4062326,3886845
2020,Long-term Care,Georgia,5386712,5813199
2024,Long-term Care,New York,10713200,9874815
2016,Dental & Vision,Texas,8818767,7861748
2024,Long-term Care,Missouri,3336095,3307649
2023,Indemnity Health,Georgia,4458110,4129627
2017,Long-term Care,Florida,7631695,7890030
2024,Long-term Care,Maryland,4612538,5407851
2017,Long-term Care,Virginia,4584327,5107774
2022,Long-term Care,Texas,9344445,9497056
2020,Accident Insurance,Maryland,4732705,4447366
2017,Long-term Care,Arizona,3490527,4164451
2021,Long-term Care,Texas,10461843,11208451
2022,Long-term Care,Missouri,3538448,3467200
2023,Critical Illness,Washington,5168648,2681380
2015,Cancer Insurance,Missouri,3402005,2489294
2021,Long-term Care,California,13983327,14620276
2023,Cancer Insurance,Washington,3842664,3064381
2024,Accident Insurance,North Carolina,4148453,3007626
2015,Dental & Vision,Tennessee,4030940,3263254
2021,Indemnity Health,Georgia,3700440,3425187
2019,Accident Insurance,Illinois,5593767,5264051
2015,Cancer Insurance,Florida,8988027,7272524
2017,Critical Illness,New York,11573159,6615902
2021,Long-term Care,Ohio,4171472,4546234
2019,Dental & Vision,North Carolina,4183228,3838976
2023,Long-term Care,Florida,6357783,6342171
2015,Indemnity Health,Maryland,4024238,3640843
2017,Critical Illness,Georgia,4698419,3462354
2018,Dental & Vision,California,12139228,9240865
2015,Dental & Vision,Tennessee,3874652,2444626
2020,Dental & Vision,Washington,5013640,4445147
2024,Cancer Insurance,Massachusetts,4700903,3147873
2017,Accident Insurance,Maryland,3128491,2353769
2023,Cancer Insurance,Washington,5083315,3926841
2015,Long-term Care,Wisconsin,3491790,3053851
2020,Long-term Care,Arizona,4441443,5363774
2018,Indemnity Health,Texas,8416097,9220975
2023,Indemnity Health,Maryland,5033758,4953752
2024,Accident Insurance,California,11925202,10822382
2024,Indemnity Health,Massachusetts,4910486,4721089
2022,Dental & Vision,Illinois,6396253,5150216
2024,Long-term Care,North Carolina,4471617,4232435
2016,Long-term Care,Georgia,3049444,3198077
2020,Cancer Insurance,Ohio,5261492,3333424
2018,Indemnity Health,New Jersey,4856805,3594452
2022,Critical Illness,Michigan,4276529,2427090
2022,Long-term Care,Illinois,5279016,5249389
2017,Long-term Care,Maryland,3297429,4020911
2021,Accident Insurance,Georgia,3237535,3228815
2021,Cancer Insurance,Wisconsin,2528058,2182933
2018,Long-term Care,Tennessee,2998624,3086156
2020,Dental & Vision,New York,12983848,11128338
2015,Indemnity Health,California,14363900,11289821
2015,Dental & Vision,California,13998053,11569241
2017,Accident Insurance,Pennsylvania,6384304,6435130
2016,Dental & Vision,Ohio,4204151,3321568
2022,Critical Illness,Michigan,4988507,2994487
2018,Long-term Care,New Jersey,4811834,5645887
2021,Long-term Care,Tennessee,2817191,2721032
2020,Cancer Insurance,Virginia,4146940,2312519
2022,Cancer Insurance,Massachusetts,4290666,2663937
2021,Accident Insurance,Michigan,3224350,2691722
2016,Cancer Insurance,Texas,9883341,5785005
2018,Dental & Vision,North Carolina,5549718,4268532
2020,Dental & Vision,Washington,5952930,4804720
2015,Long-term Care,Ohio,4029262,3249950
2022,Cancer Insurance,Washington,4351504,2768677
2022,Critical Illness,Illinois,7022402,6172818
2020,Indemnity Health,Illinois,5060091,4649883
2020,Critical Illness,Massachusetts,3731212,2924674
2022,Cancer Insurance,Florida,6431285,4842878
2023,Indemnity Health,Wisconsin,4293469,4544141
2019,Accident Insurance,Indiana,3873510,3666105
2022,Accident Insurance,Washington,4658782,4026650
2019,Dental & Vision,Maryland,4956286,3633512
2022,Accident Insurance,Florida,8212471,5649109
2024,Accident Insurance,Arizona,4329452,3849556
2017,Long-term Care,Washington,3974647,4152861
2019,Accident Insurance,Washington,4298598,3809712
2018,Long-term Care,New Jersey,6117299,6263689
2017,Long-term Care,Texas,7873407,7010067
2023,Cancer Insurance,Ohio,4740467,2785425
2016,Long-term Care,New Jersey,5320009,6016673
2019,Indemnity Health,Ohio,4552960,4478553
2016,Cancer Insurance,Maryland,4407862,3357563
2016,Cancer Insurance,Massachusetts,5178637,4283235
2023,Cancer Insurance,Texas,8815418,6110570
2023,Indemnity Health,Georgia,3780708,3781138
2018,Accident Insurance,Pennsylvania,6271985,5743215
2017,Long-term Care,Missouri,3904418,4294962
2016,Critical Illness,Tennessee,3271140,2003068
2016,Dental & Vision,Indiana,2777169,2277365
2015,Cancer Insurance,New York,12705721,11898792
2016,Cancer Insurance,Ohio,4954434,3494355
2017,Indemnity Health,Ohio,3955969,3726471
2022,Long-term Care,Michigan,3032434,3676070
2023,Dental & Vision,Pennsylvania,4795232,4716760
2019,Accident Insurance,North Carolina,4887447,4740316
2018,Long-term Care,Illinois,6355912,6923607
2021,Long-term Care,California,11393790,12854499
2021,Long-term Care,Missouri,3789093,3987886
2021,Cancer Insurance,Ohio,5531832,4440910
2017,Dental & Vision,Virginia,3830762,3245470
2023,Dental & Vision,Arizona,3336244,3046358
2019,Dental & Vision,Michigan,4679776,3692370
2015,Dental & Vision,Georgia,3555774,2368614
2018,Dental & Vision,Florida,6499468,4807794
2020,Indemnity Health,New York,11515550,10196251
2015,Dental & Vision,New Jersey,5188271,4461536
2015,Indemnity Health,Missouri,2377635,1945789
2024,Critical Illness,Ohio,5846895,4461099
2018,Long-term Care,Georgia,4551102,5155579
2020,Cancer Insurance,New Jersey,4538207,3524828
2018,Indemnity Health,Maryland,4484946,3488846
2022,Critical Illness,Florida,9386082,5885910
2022,Indemnity Health,Wisconsin,2824448,2235596
2021,Dental & Vision,Virginia,3484298,2804905
2015,Accident Insurance,California,12607652,9601898
2021,Indemnity Health,Arizona,3273201,3269911
2023,Dental & Vision,Arizona,3539700,2404177
2015,Cancer Insurance,New York,10621845,7624814
2016,Indemnity Health,New Jersey,4861211,3483869
2018,Cancer Insurance,Florida,9865725,6043250
2015,Indemnity Health,Massachusetts,6095795,5960867
2022,Critical Illness,Tennessee,3821935,2836722
2020,Critical Illness,North Carolina,5627667,3725510
2016,Accident Insurance,Pennsylvania,4755244,4585817
2020,Critical Illness,Michigan,3665161,3131610
2024,Indemnity Health,Arizona,4865621,4093954
2016,Accident Insurance,Wisconsin,3863236,2523029
2017,Dental & Vision,Indiana,2478799,1788867
2015,Dental & Vision,Pennsylvania,6359399,5834104
2024,Indemnity Health,Michigan,4928779,5439845
2017,Dental & Vision,Tennessee,2606779,2325898
2019,Dental & Vision,Washington,4498789,3325769
2019,Indemnity Health,New Jersey,3963635,3959596
2022,Cancer Insurance,Wisconsin,2800961,1634968
2018,Cancer Insurance,California,13833784,11533484
2021,Accident Insurance,Washington,3685761,2580357
2020,Cancer Insurance,Tennessee,2565664,1575464
2021,Dental & Vision,Florida,8518067,6383965
2017,Critical Illness,Tennessee,3146051,1781986
2024,Dental & Vision,New Jersey,6423054,5051051
2022,Critical Illness,North Carolina,5589093,4995520
2017,Long-term Care,Illinois,5275007,6238947
2021,Indemnity Health,Missouri,4019523,3353555
2024,Accident Insurance,Texas,8613530,7427620
2020,Accident Insurance,Indiana,3394105,2060910
2022,Dental & Vision,New York,10839571,9201422
2016,Dental & Vision,Tennessee,4209204,3708992
2017,Dental & Vision,New Jersey,4659382,3208330
2016,Indemnity Health,Texas,10382124,8022361
2018,Cancer Insurance,Florida,6373405,4331024
2023,Indemnity Health,Indiana,3879492,3649846
2017,Dental & Vision,Maryland,3128326,2303602
2020,Cancer Insurance,California,9253105,5871616
2020,Indemnity Health,Michigan,3618004,2807830
2022,Dental & Vision,Florida,9681716,7557154
2023,Indemnity Health,North Carolina,4131621,3569198
2020,Dental & Vision,Indiana,2496017,1978211
2023,Critical Illness,California,14206973,12496003
2021,Dental & Vision,New York,10284905,9751357
2015,Indemnity Health,Arizona,4086070,3081825
2024,Cancer Insurance,California,13902852,13090235
2015,Dental & Vision,Tennessee,2648537,1761394
2017,Dental & Vision,Texas,7750803,5141497
2022,Cancer Insurance,Washington,5535703,3939842
2015,Critical Illness,Pennsylvania,5587621,3594279
2016,Dental & Vision,Florida,9103034,7030519
2019,Accident Insurance,Massachusetts,6099026,4777651
2017,Dental & Vision,California,14595405,12545550
2023,Dental & Vision,Michigan,4289218,3415255
2018,Cancer Insurance,Pennsylvania,6191041,5111298
2020,Indemnity Health,Pennsylvania,6150207,5931349
2022,Cancer Insurance,Illinois,5327444,4741945
2019,Long-term Care,North Carolina,4359448,4078852
2020,Cancer Insurance,Illinois,6138206,5066477
2023,Dental & Vision,North Carolina,3927810,3780937
2015,Long-term Care,Washington,3582802,2914938
2024,Indemnity Health,Massachusetts,5247663,5354776
2019,Long-term Care,Wisconsin,3096493,3488109
2023,Accident Insurance,Washington,3729881,3332557
2015,Indemnity Health,Virginia,3707741,3682240
2018,Long-term Care,Pennsylvania,6017970,5913612
2023,Cancer Insurance,Michigan,3550616,3148246
2019,Indemnity Health,Arizona,2838379,2696370
2015,Cancer Insurance,Missouri,3289028,2919890
2015,Critical Illness,Florida,7390675,5930731
2022,Long-term Care,Missouri,3225864,3703332
2015,Dental & Vision,Wisconsin,3535702,2771749
2022,Dental & Vision,California,10994335,8518144
2022,Long-term Care,Wisconsin,4004160,4515546
2018,Indemnity Health,Pennsylvania,5498811,5274426
2022,Critical Illness,Michigan,4962682,3238277
2019,Cancer Insurance,Arizona,4597387,2834518
2017,Cancer Insurance,Tennessee,3520337,2726430
2019,Critical Illness,Michigan,4655499,3010751
2021,Critical Illness,Arizona,4905385,3741298
2024,Accident Insurance,Florida,6717627,5259075
2017,Indemnity Health,Virginia,4352242,4518527
2015,Accident Insurance,California,13992330,10477204
2019,Long-term Care,Pennsylvania,4127829,4502502
2016,Cancer Insurance,Pennsylvania,6456049,3767554
2024,Dental & Vision,Tennessee,3315317,2557449
2015,Accident Insurance,California,12709527,10298790
2017,Cancer Insurance,Ohio,4292595,3700386
2020,Cancer Insurance,Arizona,3404313,2062571
2023,Cancer Insurance,Texas,11139258,9380308
2022,Dental & Vision,Pennsylvania,4270607,3625698
2024,Critical Illness,Missouri,3041340,2143146
2018,Indemnity Health,Wisconsin,3673869,3315518
2021,Indemnity Health,Wisconsin,3117368,3154962
2024,Dental & Vision,Massachusetts,5830850,5255527
2017,Critical Illness,Maryland,3608946,2393869
2023,Critical Illness,Ohio,4819882,2754056
2019,Long-term Care,Missouri,2425126,2733852
2015,Dental & Vision,Illinois,5977133,4304882
2016,Long-term Care,Ohio,4664995,5320178
2018,Critical Illness,Arizona,4284858,2901220
2020,Long-term Care,Washington,4429725,3959792
2021,Indemnity Health,Missouri,3474972,2744383
2017,Indemnity Health,New Jersey,4675801,3535342
2018,Long-term Care,North Carolina,4164187,4497312
2021,Long-term Care,Indiana,3799551,3651382
2015,Indemnity Health,Virginia,3368854,3498882
2023,Indemnity Health,New York,8008974,7144719
2015,Dental & Vision,North Carolina,4859652,3663806
2024,Indemnity Health,California,12675132,9659187
2022,Long-term Care,Ohio,5213918,5587075
2015,Indemnity Health,Michigan,4761320,4618478
2020,Indemnity Health,California,9119698,9201330
2015,Dental & Vision,Tennessee,2710690,1752007
2017,Long-term Care,Arizona,3099621,3209400
2023,Long-term Care,California,12132444,11583260
2015,Accident Insurance,Texas,8738805,8305104
2022,Long-term Care,Tennessee,2532317,2720023
2022,Critical Illness,Washington,3915800,3245986
2021,Accident Insurance,New Jersey,5184147,3714995
2017,Cancer Insurance,Tennessee,2771430,2017997
2020,Critical Illness,Missouri,2670223,1502695
2017,Accident Insurance,Illinois,5486545,4196528
2023,Accident Insurance,Ohio,3938583,3362954
2022,Critical Illness,Arizona,3718476,2319147
2018,Long-term Care,Massachusetts,4284558,4365573
2023,Critical Illness,North Carolina,4724160,2526459
2024,Accident Insurance,Wisconsin,3053087,2489373
2023,Long-term Care,North Carolina,4403542,4668296
2022,Indemnity Health,Tennessee,4345197,3580527
2017,Critical Illness,Pennsylvania,6077307,4103435
2021,Indemnity Health,Washington,4324473,4394275
2024,Indemnity Health,Tennessee,4424269,3830376
2019,Cancer Insurance,Michigan,4235701,2544806
2017,Accident Insurance,Illinois,6952463,5044895
2023,Long-term Care,Georgia,4283809,4371005
2021,Dental & Vision,Indiana,2410610,1868140
2023,Dental & Vision,Ohio,3508278,3236855
2023,Critical Illness,Washington,5952613,3216842
2021,Long-term Care,Arizona,2914095,3072239
2018,Critical Illness,Florida,7292120,4753446
2019,Accident Insurance,Texas,9160979,8193267
2016,Dental & Vision,Maryland,3719755,3069593
2024,Critical Illness,Tennessee,3048585,2023906
2016,Accident Insurance,Texas,9842934,8638251
2022,Dental & Vision,Maryland,4435583,3961500
2017,Critical Illness,Pennsylvania,6371549,4899647
2017,Accident Insurance,Ohio,4193525,3408702
2019,Indemnity Health,Virginia,5425550,5472666
2016,Indemnity Health,Massachusetts,6082460,4743094
2020,Accident Insurance,Georgia,4541030,3326567
2019,Critical Illness,Maryland,3131494,2275249
2020,Accident Insurance,New Jersey,5452760,3413214
2023,Dental & Vision,Washington,5631963,5416304
2021,Accident Insurance,Massachusetts,3782985,2594709
2023,Long-term Care,Michigan,3410871,3945743
2019,Accident Insurance,Massachusetts,4282181,2991529
2021,Accident Insurance,New York,12061704,12231439
2019,Critical Illness,Wisconsin,2725484,1800492
2015,Dental & Vision,Pennsylvania,6872454,5308093
2015,Dental & Vision,Maryland,4563670,3199854
2016,Accident Insurance,Florida,7610896,5177633
2023,Long-term Care,Massachusetts,5064762,6138634
2022,Accident Insurance,Texas,10080049,6759676
2020,Cancer Insurance,New York,8741020,5327997
2023,Cancer Insurance,Tennessee,2591366,2074334
2022,Long-term Care,Massachusetts,6187498,5702433
2024,Long-term Care,Georgia,4370391,5526953
2023,Long-term Care,Ohio,4928800,6490475
2023,Accident Insurance,Missouri,3610990,2664207
2016,Long-term Care,Tennessee,3416002,3457821
2021,Critical Illness,Indiana,2982144,2670216
2019,Dental & Vision,Wisconsin,2999308,2646313
2015,Indemnity Health,Missouri,4095189,3704797
2023,Cancer Insurance,Maryland,4991399,4567290
2024,Cancer Insurance,Ohio,4998920,4075687
2020,Accident Insurance,Texas,9250438,7287574
2022,Indemnity Health,New York,12246644,12758613
2021,Indemnity Health,Indiana,3583431,3220390
2021,Long-term Care,North Carolina,3406696,3426008
2015,Dental & Vision,New York,11493921,8661864
2024,Indemnity Health,Indiana,2711443,3016109
2020,Accident Insurance,Texas,9230385,7631071
2019,Long-term Care,Pennsylvania,4556455,4869563
2023,Accident Insurance,Virginia,5151909,3365315
2018,Dental & Vision,Ohio,3595059,3184926
2019,Critical Illness,Ohio,3588928,1931250
2021,Cancer Insurance,New York,8361958,6471550
2020,Dental & Vision,Washington,4911189,3902113
2017,Dental & Vision,New York,11514625,11201305
2019,Dental & Vision,New York,8231395,7545049
2018,Indemnity Health,Florida,7988666,6240922
2015,Accident Insurance,Indiana,2330835,1664978
2021,Accident Insurance,Wisconsin,3718512,2792574
2019,Indemnity Health,Pennsylvania,5977741,6106052
2020,Cancer Insurance,Michigan,4583248,2890700
2024,Dental & Vision,California,11932140,8700868
2023,Critical Illness,Maryland,3192824,2783971
2018,Cancer Insurance,Wisconsin,3959259,3672609
2021,Accident Insurance,Tennessee,2664828,1940066
2023,Cancer Insurance,Texas,8009574,5452109
2016,Cancer Insurance,Georgia,5336321,3268827
2023,Critical Illness,Indiana,2900486,1533787
2024,Long-term Care,California,12870314,13056325
2015,Indemnity Health,North Carolina,5184686,5465574
2021,Dental & Vision,Massachusetts,5872641,5432809
2022,Long-term Care,Indiana,2803618,2886126
2015,Critical Illness,Pennsylvania,5447170,3641338
2017,Accident Insurance,Wisconsin,2556506,1691800
2019,Accident Insurance,Indiana,3582647,3238011
2019,Dental & Vision,Virginia,4458634,4349157
2021,Long-term Care,Texas,9855391,10434850
2019,Dental & Vision,Pennsylvania,5201649,4342627
2022,Critical Illness,Washington,4190973,3708403
2018,Cancer Insurance,Indiana,3179556,2663392
2024,Cancer Insurance,Arizona,4551537,3539696
2020,Indemnity Health,Georgia,4876064,4022105
2020,Accident Insurance,Ohio,4392384,3886893
2022,Dental & Vision,Wisconsin,3069792,2648250
2022,Long-term Care,Virginia,3901853,3529651
2017,Indemnity Health,Indiana,3585004,3311669
2021,Accident Insurance,Missouri,2774973,2844470
2020,Accident Insurance,Michigan,3257263,2514722
2017,Critical Illness,Illinois,4955976,3569336
2019,Long-term Care,Arizona,4265068,4896409
2019,Cancer Insurance,Tennessee,3207194,2612589
2017,Dental & Vision,North Carolina,4559643,4189728
2016,Indemnity Health,Pennsylvania,6862207,5850235
2022,Indemnity Health,Virginia,3985571,3224097
2022,Long-term Care,Wisconsin,3440182,3717721
2015,Long-term Care,Maryland,4504423,4786964
2023,Indemnity Health,Georgia,4126263,4609089
2022,Critical Illness,Michigan,4061710,2958573
2020,Critical Illness,Missouri,2855280,1751699
2020,Indemnity Health,Washington,4202910,3261470
2022,Accident Insurance,Missouri,2854673,2619799
2021,Dental & Vision,Florida,7488055,5731990
2024,Cancer Insurance,California,9687863,6719280
2018,Cancer Insurance,Massachusetts,5636743,5407110
2023,Cancer Insurance,New Jersey,4885580,3572609
2018,Cancer Insurance,Texas,11107071,10051660
2019,Long-term Care,New York,10573507,12716399
2022,Indemnity Health,Massachusetts,6143292,5568516
2020,Indemnity Health,Georgia,4223565,3370758
2015,Critical Illness,New Jersey,4929980,3337608
2024,Indemnity Health,Wisconsin,3980188,3968140
2020,Accident Insurance,Michigan,4060958,2937813
2022,Indemnity Health,North Carolina,3532197,3743726
2018,Long-term Care,Georgia,3079107,2980200
2023,Critical Illness,Massachusetts,5049491,3530723
2024,Dental & Vision,Massachusetts,5437006,5259143
2024,Cancer Insurance,Maryland,4376822,3952626
2023,Indemnity Health,Missouri,3342964,2658285
2021,Cancer Insurance,New York,8118707,6045746
2023,Indemnity Health,Ohio,3645304,2952665
2021,Indemnity Health,North Carolina,5229788,3793915
2022,Accident Insurance,Florida,7494381,6419047
2017,Critical Illness,Indiana,3182538,2639265
2015,Cancer Insurance,Pennsylvania,5293604,2945429
2018,Long-term Care,Massachusetts,3836734,3357482
2017,Indemnity Health,New Jersey,3906635,3573515
2015,Critical Illness,Washington,4621860,3235195
2024,Cancer Insurance,Texas,11780082,8622841
2021,Indemnity Health,Georgia,4514171,3718520
2017,Critical Illness,California,14596097,12612342
2015,Critical Illness,Illinois,5348711,3892140
2017,Accident Insurance,Georgia,4705533,3353891
2021,Dental & Vision,California,14344736,9804964
2020,Long-term Care,Georgia,3698157,4362626
2022,Dental & Vision,Ohio,4619790,3415471
2024,Long-term Care,Georgia,3182938,3637613
2019,Cancer Insurance,Georgia,5333314,4568909
2022,Cancer Insurance,Pennsylvania,4904745,3791015
2020,Critical Illness,Maryland,5143432,4326978
2015,Accident Insurance,Virginia,3648712,2667679
2022,Accident Insurance,Arizona,2989102,1945241
2015,Indemnity Health,Illinois,5963849,6393346
2024,Long-term Care,North Carolina,4266063,4003436
2024,Long-term Care,Missouri,3503490,3568887
2022,Accident Insurance,Wisconsin,2455132,2391545
2020,Critical Illness,Texas,10192403,5891620
2021,Critical Illness,Virginia,3989891,3068195
2019,Critical Illness,Washington,4432947,2686454
2020,Indemnity Health,Texas,7745213,7403867
2022,Critical Illness,Arizona,4634360,4009646
2023,Indemnity Health,Arizona,4643379,5213825
2015,Long-term Care,Washington,5742834,6226084
2015,Dental & Vision,Tennessee,3427746,2823951
2019,Long-term Care,California,11997658,14912115
2022,Indemnity Health,Tennessee,2929452,2353776
2020,Dental & Vision,Texas,8464875,7986066
2020,Dental & Vision,Indiana,3660933,3589687
2018,Indemnity Health,Pennsylvania,5846141,5666856
2021,Indemnity Health,Virginia,4017714,3273149
2015,Cancer Insurance,Washington,4171032,3474390
2017,Indemnity Health,Arizona,3797528,2899353
2016,Indemnity Health,Indiana,3218884,2947896
2015,Critical Illness,Texas,10699528,7005020
2023,Cancer Insurance,Washington,5600647,3422555
2019,Accident Insurance,Washington,3581722,2192524
2016,Dental & Vision,California,12603244,11134313
2019,Dental & Vision,Arizona,3138872,2216684
2015,Indemnity Health,Indiana,2446344,2157792
2020,Indemnity Health,New York,8444729,8591243
2021,Accident Insurance,Florida,7815452,6853635
2022,Cancer Insurance,Georgia,4374439,3815897
2019,Long-term Care,Wisconsin,2422596,2398212
2023,Cancer Insurance,New York,10585153,8110493
2020,Critical Illness,Florida,9884691,6252529
2020,Dental & Vision,Florida,9374075,8831999
2016,Accident Insurance,Arizona,4010849,2806171
2024,Critical Illness,Pennsylvania,4128621,2697048
2022,Long-term Care,New York,9183329,11264399
2015,Cancer Insurance,New Jersey,3806561,2791811
2018,Accident Insurance,Pennsylvania,6238363,5250547
2019,Long-term Care,Wisconsin,2760442,2597624
2020,Long-term Care,Georgia,4080692,4335620
2019,Dental & Vision,North Carolina,4178409,3335640
2023,Critical Illness,Pennsylvania,6067710,4578547
2023,Long-term Care,Washington,3771774,4721212
2022,Accident Insurance,Maryland,4956137,4141521
2024,Dental & Vision,Washington,4253700,3792351
2016,Critical Illness,Tennessee,4322364,3188870
2022,Long-term Care,New Jersey,5791564,5687134
2019,Critical Illness,Pennsylvania,5111075,3297585
2016,Dental & Vision,Georgia,4021504,3079927
2015,Dental & Vision,Tennessee,3920059,2712412
2016,Dental & Vision,Washington,3513124,3482256
2024,Critical Illness,Arizona,3137715,2794042
2020,Accident Insurance,Florida,9486791,7530958
2022,Dental & Vision,Wisconsin,3380959,2215970
2023,Cancer Insurance,Maryland,4463027,3293377
2017,Long-term Care,Washington,3721592,3923775
2023,Cancer Insurance,Arizona,4275559,3134250
2020,Long-term Care,Texas,8484314,9621766
2018,Indemnity Health,Illinois,7129245,6296408
2019,Long-term Care,Maryland,3967588,4019402
2019,Dental & Vision,Arizona,3203182,2884223
2017,Indemnity Health,Maryland,3721663,3992012
2023,Critical Illness,Maryland,3582899,3298092
2022,Critical Illness,Virginia,3472798,2175489
2018,Long-term Care,Arizona,3748928,4433374
2015,Long-term Care,Texas,11219771,11884787
2024,Accident Insurance,Tennessee,2511148,2317735
2016,Critical Illness,Maryland,5075882,2844171
2023,Long-term Care,Massachusetts,6179639,6569226
2023,Long-term Care,Wisconsin,3252854,3999645
2017,Cancer Insurance,Maryland,4186606,2937658
2023,Dental & Vision,Washington,3631477,3232787
2015,Long-term Care,Georgia,4723397,4561802
2017,Critical Illness,Wisconsin,2402592,1821439
2020,Indemnity Health,Pennsylvania,6932132,6543978
2021,Critical Illness,Maryland,4485231,2524413
2019,Indemnity Health,Missouri,2589531,2307011
2017,Critical Illness,Missouri,4119473,2329277
2016,Cancer Insurance,Maryland,3610794,2122578
2021,Critical Illness,New York,11576122,6040088
2021,Indemnity Health,Michigan,3062941,3317076
2015,Critical Illness,Wisconsin,3863326,2069826
2015,Accident Insurance,Wisconsin,3696820,2350702
2020,Accident Insurance,New Jersey,3835318,3208875
2015,Indemnity Health,Florida,9896922,8956655
2020,Accident Insurance,Maryland,4587716,3613059
2018,Long-term Care,Pennsylvania,4850615,5726118
2018,Indemnity Health,Maryland,4823439,5272908
2020,Long-term Care,Michigan,4569950,4778053
2015,Cancer Insurance,Michigan,4339978,3568260
2020,Cancer Insurance,North Carolina,5181192,2934519
2024,Indemnity Health,Ohio,3501108,2992377
2019,Cancer Insurance,New York,8861572,6433100
2023,Dental & Vision,Wisconsin,4023155,3113357
2020,Indemnity Health,North Carolina,3658354,2685831
2023,Cancer Insurance,Georgia,4460362,4238275
2021,Long-term Care,Maryland,3430533,3078972
2020,Dental & Vision,Florida,6451883,5313051
2020,Cancer Insurance,California,10271750,6674033
2018,Indemnity Health,California,14125662,12404560
2021,Indemnity Health,North Carolina,5651450,5593492
2015,Indemnity Health,Arizona,4042547,3049256
2020,Accident Insurance,Arizona,4549328,3756608
2019,Long-term Care,Texas,10731119,9540914
2018,Indemnity Health,Indiana,3630191,2920519
2020,Critical Illness,Texas,10304504,8463123
2016,Long-term Care,New York,9068993,9182484
2020,Cancer Insurance,Michigan,4227999,2474849
2019,Critical Illness,Illinois,6018799,3749815
2022,Critical Illness,Ohio,4293443,2766461
2023,Cancer Insurance,Wisconsin,3204452,2886754
2023,Critical Illness,North Carolina,5791529,3955574
2018,Long-term Care,Maryland,3745061,3328935
2024,Accident Insurance,Pennsylvania,6937218,5825253
2018,Dental & Vision,Illinois,6581799,5451122
2015,Critical Illness,Missouri,3414974,2061597
2022,Indemnity Health,Virginia,5338820,4646792
2018,Cancer Insurance,Missouri,3212586,2333760
2021,Indemnity Health,Florida,6425708,6101618
2017,Dental & Vision,Maryland,3345234,2708638
2018,Indemnity Health,Maryland,4360262,3720047
2022,Dental & Vision,Michigan,3944106,3594816
2018,Dental & Vision,Massachusetts,6144475,5788587
2023,Long-term Care,California,12374330,11200480
2018,Indemnity Health,New Jersey,4012683,3448439
2017,Accident Insurance,Arizona,3775430,3157806
2017,Accident Insurance,Texas,11601896,7760512
2017,Long-term Care,Arizona,3420520,3729213
2021,Cancer Insurance,Washington,4702801,3313897
2019,Accident Insurance,North Carolina,3982238,3105938
2020,Accident Insurance,Texas,7839192,6070191
2022,Dental & Vision,Massachusetts,4719421,3937989
2017,Dental & Vision,Texas,11258005,10725772
2023,Indemnity Health,Wisconsin,3943682,3121237
2021,Long-term Care,Michigan,4559763,5402911
2023,Critical Illness,New Jersey,5170992,3689608
2018,Long-term Care,California,9696876,10000759
2020,Critical Illness,Florida,6312721,4042462
2021,Accident Insurance,Missouri,2653165,2455820
2017,Cancer Insurance,Massachusetts,5615148,3753502
2017,Indemnity Health,California,12289788,9765360
2019,Long-term Care,Missouri,3101115,3286004
2020,Dental & Vision,Florida,7429601,6329402
2023,Indemnity Health,Illinois,6768015,6397316
2016,Critical Illness,Tennessee,3092646,1567756
2017,Dental & Vision,Maryland,4201532,3203892
2015,Long-term Care,California,9260735,11579308
2024,Cancer Insurance,Illinois,4695809,3575835
2021,Cancer Insurance,California,12665649,8586516
2018,Critical Illness,Georgia,3471159,2836410
2019,Critical Illness,New York,11518542,6832051
2018,Critical Illness,Pennsylvania,6946196,4627804
2019,Cancer Insurance,Michigan,3026976,1687510
2019,Accident Insurance,Florida,9136475,9020101
2018,Long-term Care,New Jersey,6251629,6982598
2015,Dental & Vision,Wisconsin,2413375,2010479
2015,Accident Insurance,Texas,11959053,7180394
2019,Dental & Vision,Missouri,3276708,2571192
2016,Indemnity Health,Maryland,4373971,4128594
2020,Critical Illness,Georgia,4247943,3162924
2020,Cancer Insurance,New York,9973065,7309196
2021,Long-term Care,Michigan,4002860,4944285
2023,Critical Illness,Michigan,3394845,2030836
2023,Cancer Insurance,Ohio,4063777,3664225
2018,Dental & Vision,New York,9046996,7254473
2020,Indemnity Health,Indiana,3334219,3501042
2016,Accident Insurance,Texas,11940171,11808499
2023,Cancer Insurance,Maryland,3447704,2506682
2023,Critical Illness,Georgia,5233769,4289191
2020,Cancer Insurance,Washington,4324822,3623779
2020,Critical Illness,New Jersey,5913378,4240807
2021,Cancer Insurance,Tennessee,3127457,2829235
2020,Critical Illness,Missouri,4141076,2829134
2023,Accident Insurance,California,10993269,10306842
2019,Indemnity Health,New York,11420221,9172959
2021,Indemnity Health,North Carolina,5532664,4709290
2021,Dental & Vision,Tennessee,4276780,2874199
2016,Indemnity Health,Ohio,4424276,3615137
2017,Critical Illness,Massachusetts,4611200,3477904
2023,Critical Illness,New York,12251584,6961427
2021,Dental & Vision,Florida,8357795,7769068
2017,Accident Insurance,Tennessee,2719475,1907431
2019,Cancer Insurance,Indiana,2924271,2541887
2015,Indemnity Health,North Carolina,5632632,5035729
2018,Accident Insurance,Tennessee,4448438,3660627
2015,Cancer Insurance,Wisconsin,3933268,2686505
2022,Indemnity Health,Tennessee,4213965,4180549
2022,Cancer Insurance,Massachusetts,5584578,4772392
2023,Dental & Vision,Wisconsin,2809410,2082416
2023,Critical Illness,Pennsylvania,4990285,2482838
2018,Long-term Care,Arizona,3457991,3272368
2020,Indemnity Health,Tennessee,3945927,3269667
2019,Critical Illness,Illinois,4625256,3371435
2023,Critical Illness,Maryland,3630127,2595815
2015,Accident Insurance,North Carolina,3330749,2346036
2024,Critical Illness,Arizona,4619567,2826914
2023,Indemnity Health,New York,8198566,6323721
2016,Indemnity Health,Florida,7974060,7738009
2018,Critical Illness,Wisconsin,3322825,2334324
2018,Dental & Vision,Arizona,2973042,2578445
2019,Cancer Insurance,Virginia,4863092,4498905
2023,Critical Illness,Illinois,5942746,5441565
2022,Dental & Vision,New Jersey,6362008,5814925
2022,Accident Insurance,Wisconsin,3703284,3534385
2023,Dental & Vision,Missouri,3341136,2409442
2021,Dental & Vision,Ohio,5935033,3903147
2018,Accident Insurance,Washington,3611370,3052999
2016,Critical Illness,Missouri,3669505,2948477
2021,Cancer Insurance,Arizona,4661897,3201457
2019,Critical Illness,Florida,7125596,6280676
2018,Accident Insurance,New Jersey,6073953,5055852
2016,Critical Illness,Missouri,4036772,3492042
2021,Dental & Vision,Missouri,3327620,2521049
2017,Indemnity Health,North Carolina,4935508,5272106
2018,Cancer Insurance,Virginia,3870913,3549425
2021,Accident Insurance,Washington,3821909,3836013
2015,Accident Insurance,New Jersey,5660793,3233442
2020,Long-term Care,Texas,11907670,13788708
2020,Indemnity Health,Massachusetts,4130847,3251473
2018,Dental & Vision,New Jersey,5950214,5636914
2020,Cancer Insurance,Washington,3648247,2292575
2018,Dental & Vision,Florida,8987877,7726308
2024,Indemnity Health,Missouri,2613183,2395734
2020,Long-term Care,Ohio,5386575,6014499
2020,Indemnity Health,Michigan,4432541,3843343
2015,Accident Insurance,Washington,3565883,2462069
2019,Critical Illness,Wisconsin,4074465,2507259
2021,Critical Illness,Florida,8028631,5103245
2015,Accident Insurance,North Carolina,3304584,3095253
2017,Long-term Care,Massachusetts,5805456,5019114
2017,Indemnity Health,Texas,9555602,9097694
2023,Indemnity Health,California,10732223,10397354
2024,Accident Insurance,Illinois,5140087,3546138
2016,Critical Illness,North Carolina,4243242,3427273
2019,Long-term Care,California,12783826,14521809
2019,Cancer Insurance,New York,8100849,4823946
2016,Indemnity Health,Florida,7170927,5178708
2024,Indemnity Health,Massachusetts,4865397,4706409
2020,Cancer Insurance,Florida,8918584,6888705
2016,Dental & Vision,Virginia,4429457,2825018
2016,Accident Insurance,Missouri,3908166,3517022
2015,Accident Insurance,Pennsylvania,6953262,6107148
2018,Long-term Care,Ohio,5081491,5175817
2019,Indemnity Health,Wisconsin,3975739,3459538
2022,Indemnity Health,Georgia,4681804,3663361
2018,Indemnity Health,Indiana,3800529,3527708
2022,Dental & Vision,Michigan,4104030,3248779
2018,Indemnity Health,Massachusetts,3866682,3635598
2018,Indemnity Health,Texas,7508604,7474527
2018,Long-term Care,Illinois,5108977,4749026
2017,Long-term Care,Georgia,3845357,4239166
2023,Indemnity Health,Georgia,4648020,4508900
2024,Critical Illness,Illinois,5447288,4179808
2015,Critical Illness,Massachusetts,4648909,3846138
2019,Dental & Vision,Ohio,3539481,2797645
2020,Long-term Care,Arizona,3262920,3361765
2018,Cancer Insurance,Massachusetts,4390844,3541327
2020,Cancer Insurance,Ohio,4636245,3208925
2018,Cancer Insurance,North Carolina,3626100,3111238
2021,Long-term Care,Florida,9022819,11086505
2021,Cancer Insurance,Florida,7131831,5871813
2019,Critical Illness,Florida,6492272,3338419
2016,Critical Illness,Illinois,5353857,3241163
2016,Critical Illness,North Carolina,4036860,2300020
2016,Dental & Vision,Wisconsin,3131696,2803765
2024,Critical Illness,Washington,4424483,3866287
2018,Cancer Insurance,Tennessee,4387705,3649128
2015,Long-term Care,Massachusetts,6170747,5486031
2021,Critical Illness,New Jersey,6189647,3537145
2021,Dental & Vision,New York,9681155,8343818
2023,Accident Insurance,Washington,4839310,3855000
2015,Accident Insurance,New York,11473220,10405693
2023,Dental & Vision,California,10431931,9080782
2023,Accident Insurance,North Carolina,4676166,3762108
2019,Indemnity Health,Missouri,3046031,2674196
2020,Cancer Insurance,Arizona,4295446,3044364
2017,Indemnity Health,Virginia,3238897,2370110
2020,Critical Illness,Maryland,4821964,2833930
2019,Cancer Insurance,Arizona,2951535,2085403
2017,Dental & Vision,New Jersey,6180073,4614466
2022,Long-term Care,Ohio,3821603,4237585
2016,Cancer Insurance,Georgia,5161691,3711132
2023,Cancer Insurance,Texas,9511344,8234496
2022,Critical Illness,Virginia,4565734,2333003
2022,Dental & Vision,Ohio,5651927,5085402
2021,Accident Insurance,New Jersey,4373117,3587734
2015,Accident Insurance,North Carolina,5440904,4924044
2021,Accident Insurance,Arizona,3904997,3509741
2015,Critical Illness,Massachusetts,3808171,2952173
2015,Long-term Care,Massachusetts,4035004,4075620
2016,Indemnity Health,Pennsylvania,6977223,6626181
2023,Critical Illness,Illinois,5339340,3656422
2021,Long-term Care,Washington,5849398,6388784
2019,Critical Illness,Arizona,3176541,2011347
2017,Indemnity Health,Arizona,4816522,4197221
2023,Critical Illness,Pennsylvania,5916706,3385007
2022,Long-term Care,Indiana,3532603,3994653
2021,Accident Insurance,Indiana,3141154,3052575
2024,Accident Insurance,Wisconsin,4209163,3137451
2016,Dental & Vision,Pennsylvania,6464119,4751655
2023,Long-term Care,Washington,4731774,5276499
2023,Long-term Care,Virginia,4660624,4756506
2021,Accident Insurance,Washington,4595036,2682363
2017,Indemnity Health,Virginia,3619707,3297872
2017,Critical Illness,North Carolina,4022036,3027076
2023,Dental & Vision,Virginia,3457551,2723366
2015,Critical Illness,Ohio,5916425,2975418
2016,Cancer Insurance,Washington,5231504,4372385
2019,Long-term Care,Pennsylvania,5942300,6817731
2019,Indemnity Health,Indiana,2655491,2007648
2019,Accident Insurance,Pennsylvania,5877953,4051398
2015,Dental & Vision,California,14081306,10914983
2019,Long-term Care,Texas,10169923,10150527
2018,Cancer Insurance,Tennessee,2828940,1718277
2015,Long-term Care,North Carolina,5114484,4338675
2022,Dental & Vision,North Carolina,4779592,4232237
2016,Dental & Vision,California,13150616,10445848
2020,Indemnity Health,California,13006475,13283603
2016,Cancer Insurance,Georgia,4431600,2752407
2022,Critical Illness,California,14007405,8459987
2019,Long-term Care,Florida,9528181,9578512
2020,Accident Insurance,California,11036734,8998070
2017,Critical Illness,Florida,6597504,5526251
2022,Cancer Insurance,Pennsylvania,6039803,5043144
2022,Long-term Care,New Jersey,6277338,5811503
2024,Indemnity Health,Arizona,3129294,3623425
2017,Dental & Vision,Arizona,3830913,3109204
2017,Indemnity Health,Ohio,4159062,3505795
2024,Critical Illness,California,12799113,9694347
2023,Indemnity Health,Wisconsin,2504588,2394296
2017,Dental & Vision,Pennsylvania,4281110,3350373
2020,Long-term Care,Ohio,4695525,4308968
2019,Accident Insurance,Florida,7260218,4930970
2021,Indemnity Health,Tennessee,3071671,3110553
2017,Cancer Insurance,Virginia,4026830,3523055
2022,Dental & Vision,Washington,5060609,4232081
2023,Accident Insurance,Missouri,3002342,2384214
2019,Cancer Insurance,Pennsylvania,5572545,3463223
2015,Accident Insurance,Michigan,4606796,3711799
2023,Dental & Vision,Missouri,2585097,2232747
2018,Critical Illness,Georgia,4109655,2404005
2015,Cancer Insurance,New Jersey,5547211,3506543
2021,Dental & Vision,Indiana,2509851,2567074
2022,Cancer Insurance,New Jersey,4757969,2787121
2024,Dental & Vision,Ohio,4843218,4754770
2022,Long-term Care,Tennessee,4300729,4745010
2024,Dental & Vision,Illinois,7056927,4952067
2024,Cancer Insurance,Illinois,4671134,4593461
2022,Accident Insurance,Arizona,4959131,4404587
2022,Accident Insurance,Washington,3911649,3240760
2024,Cancer Insurance,Texas,8920823,6931083
2020,Dental & Vision,Pennsylvania,4554222,3458394
2022,Accident Insurance,Maryland,4474452,3552563
2024,Accident Insurance,Michigan,3305965,2719135
2020,Critical Illness,Texas,11475724,6708677
2015,Accident Insurance,Washington,3630798,2557576
2016,Indemnity Health,California,10625032,7654320
2016,Dental & Vision,Tennessee,4459647,4030829
2015,Long-term Care,Illinois,5604343,5413264
2022,Accident Insurance,Pennsylvania,6754410,5377530
2020,Accident Insurance,Missouri,3533627,2193326
2018,Accident Insurance,Florida,6316385,4992590
2020,Long-term Care,Illinois,6028979,5816059
2019,Indemnity Health,Michigan,4058780,3231116
2024,Long-term Care,Tennessee,3642936,3789718
2017,Indemnity Health,Tennessee,3594186,4039977
2021,Indemnity Health,Arizona,3021053,2666423
2021,Critical Illness,Michigan,3243289,1947398
2018,Indemnity Health,Pennsylvania,6934486,6776574
2023,Cancer Insurance,Missouri,4059530,2997034
2023,Cancer Insurance,Massachusetts,6099604,3959880
2021,Dental & Vision,Pennsylvania,6511865,5032060
2023,Cancer Insurance,California,14901739,14238740
2017,Accident Insurance,California,9716165,7842186
2023,Indemnity Health,Missouri,2927474,2969393
2018,Critical Illness,Georgia,5032362,3918386
2023,Accident Insurance,New Jersey,4575792,3374552
2015,Indemnity Health,Wisconsin,4053836,3553149
2020,Cancer Insurance,North Carolina,4466569,3967798
2022,Dental & Vision,Georgia,4429759,3748889
2021,Indemnity Health,Florida,8106184,8244893
2024,Accident Insurance,Ohio,3921526,2863696
2021,Dental & Vision,Texas,8175945,6232567
2021,Critical Illness,Missouri,2413423,1753596
2016,Critical Illness,California,12147861,10147932
2020,Long-term Care,Missouri,4014286,3511963
2016,Indemnity Health,Georgia,5057665,3937018
2015,Dental & Vision,Pennsylvania,5969185,4960567
2017,Indemnity Health,Pennsylvania,4501602,4175918
2023,Dental & Vision,Illinois,6159961,5013766
2017,Critical Illness,Florida,7820938,5433175
2019,Cancer Insurance,Washington,4083323,3417268
2017,Accident Insurance,New York,9008964,7945899
2022,Critical Illness,Illinois,5329662,3711111
2021,Cancer Insurance,New Jersey,5689917,3548096
2019,Cancer Insurance,Arizona,3684245,3251757
2016,Dental & Vision,North Carolina,4241605,3820623
2023,Long-term Care,Arizona,3154727,3636027
2023,Dental & Vision,Texas,9690378,7459366
2017,Dental & Vision,Michigan,3292086,2985932
2019,Indemnity Health,New York,12836760,11641322
2024,Indemnity Health,Ohio,5270983,4667517
2016,Critical Illness,Indiana,3679544,3081642
2021,Dental & Vision,Massachusetts,5730152,3730177
2022,Indemnity Health,Missouri,3236914,3282968
2019,Critical Illness,Arizona,3865052,3544878
2020,Long-term Care,Ohio,5059465,5976760
2023,Critical Illness,North Carolina,5488172,3212348
2017,Cancer Insurance,Texas,7982728,6977544
2015,Accident Insurance,Maryland,4837036,3908187
2016,Cancer Insurance,Florida,9510536,5878932
2016,Dental & Vision,Illinois,5670805,4750065
2016,Long-term Care,New Jersey,4131321,3592907
2023,Dental & Vision,California,11968732,12192557
2015,Critical Illness,Florida,6228121,5313768
2016,Dental & Vision,Florida,7751909,5477029
2018,Critical Illness,Wisconsin,2914420,2044284
2018,Indemnity Health,Massachusetts,3967162,3814939
2017,Accident Insurance,Tennessee,3553481,2703701
2015,Dental & Vision,Virginia,3923632,3524886
2022,Long-term Care,Illinois,4626384,4445365
2017,Indemnity Health,California,9196363,8731394
2022,Dental & Vision,New York,8120554,6574838
2019,Long-term Care,Washington,5032105,5265745
2024,Indemnity Health,New York,12503506,11428358
2023,Accident Insurance,Maryland,3226258,2822328
2023,Cancer Insurance,New York,12442752,7826826
2024,Accident Insurance,New York,9653615,8476615
2021,Indemnity Health,Pennsylvania,6067007,5315876
2020,Dental & Vision,Arizona,3738353,3006053
2019,Cancer Insurance,Washington,5732213,3055750
2015,Cancer Insurance,Texas,9480656,7536721
2015,Dental & Vision,New York,12021450,9044993
2022,Long-term Care,New Jersey,5415545,6644541
2022,Critical Illness,Florida,7668176,5308626
2016,Accident Insurance,New York,9270312,6831277
2022,Long-term Care,Washington,5662751,6353433
2019,Long-term Care,Massachusetts,3747915,4531174
2018,Accident Insurance,Texas,11906294,8090096
2021,Accident Insurance,North Carolina,3215857,2087534
2015,Dental & Vision,Texas,7525295,6487065
2017,Long-term Care,North Carolina,3649290,3344169
2021,Cancer Insurance,Maryland,4231084,2847051
2024,Accident Insurance,Arizona,4957013,4232325
2015,Dental & Vision,Missouri,3994624,2687466
2015,Accident Insurance,Georgia,4484168,4221361
2024,Critical Illness,North Carolina,4934638,3880201
2017,Cancer Insurance,Florida,8863493,5803955
2021,Accident Insurance,New York,11248733,11241432
2015,Dental & Vision,Florida,8113492,7133251
2015,Long-term Care,Wisconsin,3066598,3402341
2019,Critical Illness,Missouri,3468553,2427608
2022,Critical Illness,Wisconsin,2529891,1796714
2021,Accident Insurance,Texas,7937577,6098841
2024,Cancer Insurance,Tennessee,4212814,3574434
2018,Accident Insurance,Arizona,2979130,2667394
2018,Indemnity Health,Ohio,3580621,3085503
2017,Indemnity Health,Indiana,3709963,3024100
2022,Dental & Vision,Arizona,4524539,3401530
2023,Indemnity Health,Florida,9219047,9658784
2015,Dental & Vision,Arizona,4013551,3463217
2024,Dental & Vision,New Jersey,6195774,5134045
2020,Critical Illness,Missouri,2597101,1797209
2017,Long-term Care,Indiana,2991194,3046540
2019,Long-term Care,Ohio,4672065,4981763
2019,Indemnity Health,North Carolina,3986525,3625686
2021,Accident Insurance,Texas,11021766,9581103
2020,Long-term Care,Indiana,3114369,3755510
2024,Accident Insurance,Indiana,2766571,2108309
2015,Long-term Care,Illinois,6551420,7334126
2019,Indemnity Health,New Jersey,4476699,3337525
2017,Critical Illness,Indiana,2565597,1612700
2019,Cancer Insurance,New Jersey,5946833,4731117
2022,Accident Insurance,Ohio,4723745,3095708
2017,Accident Insurance,Ohio,5268454,4369697
2020,Critical Illness,Massachusetts,4902856,3482975
2024,Indemnity Health,Massachusetts,5328342,5468177
2019,Cancer Insurance,Indiana,2210039,1545857
2021,Accident Insurance,Tennessee,2814295,2854453
2019,Accident Insurance,Texas,10741290,8134845
2020,Indemnity Health,New York,12491662,13774996
2018,Indemnity Health,Illinois,6624340,6725532
2016,Indemnity Health,Ohio,4154534,3136413
2022,Cancer Insurance,Maryland,3488036,3044425
2016,Long-term Care,California,13988008,16083200
2016,Dental & Vision,New York,12349759,7903393
2021,Indemnity Health,New York,9819077,9389761
2022,Accident Insurance,Georgia,4400824,3457147
2017,Critical Illness,New Jersey,5493036,4431857
2022,Dental & Vision,New Jersey,5794234,4215880
2016,Critical Illness,Indiana,2439575,1315019
2020,Critical Illness,Ohio,4246090,3121003
2015,Critical Illness,Washington,5697743,4082748
2015,Critical Illness,Indiana,3356511,1794808
2022,Indemnity Health,Indiana,3562446,3503059
2017,Accident Insurance,Maryland,4906188,4207996
2021,Critical Illness,New York,8790603,5531138
2016,Long-term Care,California,13968657,11608418
2024,Cancer Insurance,Virginia,5092951,4302800
2021,Accident Insurance,Pennsylvania,6425467,5296490
2024,Indemnity Health,Ohio,3856279,4330582
2017,Indemnity Health,Wisconsin,3076876,2154696
2019,Indemnity Health,Massachusetts,5017410,4719465
2022,Long-term Care,Massachusetts,5516089,6144382
2019,Cancer Insurance,Michigan,4840065,3161739
2018,Indemnity Health,California,13334478,10976735
2015,Accident Insurance,North Carolina,4469316,2924178
2019,Indemnity Health,Maryland,4081521,3257156
2021,Cancer Insurance,Illinois,7101901,5678458
2016,Accident Insurance,Indiana,3084446,2027261
2017,Critical Illness,Maryland,4809626,2949351
2021,Dental & Vision,Pennsylvania,5587315,5171844
2018,Long-term Care,Washington,4219933,4126284
2015,Accident Insurance,Texas,11341867,9337860
2022,Critical Illness,Missouri,2311580,1741699
2022,Long-term Care,Missouri,4015309,3612373
2023,Accident Insurance,Arizona,4931929,5114926
2015,Accident Insurance,California,12343087,9993214
2024,Cancer Insurance,Michigan,4058925,2654346
2017,Cancer Insurance,Maryland,3586831,2205655
2021,Critical Illness,Wisconsin,2430550,1631950
2020,Indemnity Health,Texas,8755495,6682342
2020,Accident Insurance,Massachusetts,4787333,3715362
2019,Accident Insurance,Georgia,3580923,2217746
2017,Indemnity Health,Georgia,5458341,4380806
2016,Indemnity Health,California,11007005,11625167
2018,Accident Insurance,Georgia,3020712,2123531
2021,Long-term Care,Georgia,5092273,4853597
2015,Indemnity Health,California,13843180,10098568
2024,Cancer Insurance,Texas,7594229,4627409
2023,Critical Illness,Arizona,3379785,2165465
2020,Cancer Insurance,Indiana,3454913,3170312
2017,Dental & Vision,Indiana,2395432,1915999
2017,Long-term Care,Georgia,3448596,3368056
2022,Dental & Vision,North Carolina,4718081,3756068
2016,Accident Insurance,Ohio,3598280,2542985
2022,Dental & Vision,Florida,8181449,6772217
2020,Long-term Care,Virginia,5313091,5827919
2021,Cancer Insurance,Georgia,5441283,4078113
2024,Indemnity Health,Washington,5941552,6436228
2021,Dental & Vision,Washington,5061496,3411978
2020,Cancer Insurance,Pennsylvania,5035148,3720950
2017,Indemnity Health,Ohio,5487157,5457201
2018,Long-term Care,Florida,7699329,8277610
2020,Cancer Insurance,Georgia,3628103,3307712
2023,Long-term Care,North Carolina,4969523,5060204
2017,Long-term Care,California,11791126,13232123
2023,Indemnity Health,Wisconsin,3014378,2821820
2017,Dental & Vision,New Jersey,6418755,5315842
2016,Accident Insurance,Washington,3861109,3088073
2023,Indemnity Health,North Carolina,3305881,2719094
2016,Critical Illness,Pennsylvania,6045333,3117379
2015,Accident Insurance,Maryland,4398547,3630150
2024,Cancer Insurance,Washington,4779557,4705600
2017,Cancer Insurance,New Jersey,3965164,2361082
2019,Cancer Insurance,Massachusetts,4697562,4258085
2019,Cancer Insurance,Georgia,4193337,2976963
2023,Accident Insurance,Missouri,3823100,2307874
2021,Dental & Vision,Pennsylvania,4490593,3362493
2018,Accident Insurance,Wisconsin,2910045,1789117
2024,Cancer Insurance,Missouri,3977234,3352706
2020,Cancer Insurance,New York,10294032,8124472
2015,Cancer Insurance,North Carolina,4955990,4625066
2018,Cancer Insurance,New York,10159209,8982501
2017,Accident Insurance,Arizona,4956107,3131151
2015,Indemnity Health,Washington,5496879,5121868
2021,Indemnity Health,New York,8040858,7319814
2021,Accident Insurance,Michigan,4257353,3936297
2022,Long-term Care,Florida,9068147,9076155
2022,Indemnity Health,New Jersey,5494567,5225422
2024,Critical Illness,Tennessee,2980661,2227894
2019,Critical Illness,Massachusetts,5405997,2981144
2024,Long-term Care,Arizona,3865995,4599645
2016,Dental & Vision,Michigan,4009088,2919267
2016,Critical Illness,New Jersey,6093106,3695916
2022,Cancer Insurance,Michigan,3469033,2803707
2021,Indemnity Health,Tennessee,3110195,2352975
2021,Dental & Vision,New York,8392652,7287545
2018,Dental & Vision,Indiana,3045794,2445254
2018,Dental & Vision,New Jersey,5859235,3946057
2023,Dental & Vision,Tennessee,2682768,2188263
2020,Cancer Insurance,Ohio,4695728,3666431
2021,Accident Insurance,Maryland,4575869,3552416
2021,Cancer Insurance,Pennsylvania,4609534,3699021
2023,Indemnity Health,New York,10583977,11976462
2021,Long-term Care,Wisconsin,4134299,4011584
2022,Cancer Insurance,Virginia,3230201,2525325
2019,Dental & Vision,Ohio,5433567,5020623
2016,Accident Insurance,Ohio,5584715,5158656
2016,Critical Illness,Virginia,5351867,2886098
2023,Long-term Care,Georgia,5477709,5819681
2020,Dental & Vision,Maryland,4248207,3761407
2017,Critical Illness,Washington,5947657,4283918
2015,Critical Illness,Massachusetts,4727521,3219292
2016,Critical Illness,Florida,8417654,3973494
2021,Accident Insurance,Texas,9779763,9354331
2019,Cancer Insurance,Texas,10811046,8385118
2017,Cancer Insurance,Florida,8095817,4601792
2021,Dental & Vision,Illinois,6968195,6137538
2023,Dental & Vision,Illinois,6284868,4516598
2020,Dental & Vision,California,10711338,9744275
2016,Accident Insurance,Ohio,5967071,5019348
2015,Accident Insurance,Tennessee,3411703,2202081
2020,Dental & Vision,Missouri,3325996,2648517
2022,Long-term Care,New Jersey,4858675,4404663
2015,Long-term Care,Tennessee,3214823,2917394
2016,Long-term Care,Pennsylvania,5515758,6259413
2021,Indemnity Health,Georgia,3173884,2637605
2023,Cancer Insurance,Indiana,3367637,2738518
2015,Accident Insurance,Tennessee,3495286,2430233
2019,Dental & Vision,Wisconsin,4039917,3676441
2016,Accident Insurance,Ohio,5477196,3994743
2023,Indemnity Health,Illinois,4638772,4374902
2017,Indemnity Health,Pennsylvania,4940824,3930090
2016,Accident Insurance,Texas,11842594,11050753
2020,Accident Insurance,Indiana,3851533,2894028
2020,Indemnity Health,California,9343551,8275082
2024,Accident Insurance,Massachusetts,5802569,5132485
2021,Accident Insurance,Missouri,3617116,3379732
2019,Indemnity Health,Virginia,3684279,3816251
2017,Critical Illness,Tennessee,3727204,1930539
2019,Dental & Vision,Pennsylvania,4446910,3100085
2016,Accident Insurance,Florida,9491776,8317277
2018,Dental & Vision,Washington,5011589,3872769
2019,Accident Insurance,Florida,7139870,4918764
2017,Indemnity Health,Tennessee,3389225,3332125
2018,Dental & Vision,Texas,9486661,8931394
2022,Dental & Vision,Florida,7729811,5572085
2019,Accident Insurance,California,9591368,6743575
2020,Long-term Care,Georgia,4610705,5198099
2020,Cancer Insurance,Pennsylvania,5676331,4426934
2024,Accident Insurance,Virginia,4489635,3054694
2022,Long-term Care,Virginia,4198255,4536818
2019,Cancer Insurance,Georgia,3634984,2417198
2018,Indemnity Health,Tennessee,3272507,3192405
2016,Cancer Insurance,New Jersey,4838649,2869711
2016,Critical Illness,Washington,5110962,3888387
2015,Long-term Care,New Jersey,4732658,5273780
2022,Critical Illness,New Jersey,4667987,2718979
2017,Critical Illness,Virginia,4564180,2619675
2018,Dental & Vision,Washington,3916145,3198266
2018,Critical Illness,North Carolina,5082652,2777976
2021,Dental & Vision,North Carolina,4584916,3967724
2021,Critical Illness,Ohio,4107379,2434500
2017,Critical Illness,New York,9621793,7471262
2024,Long-term Care,Massachusetts,4560794,4736304
2022,Long-term Care,Michigan,4062091,4669754
2023,Long-term Care,North Carolina,5259902,6063180
2023,Accident Insurance,New Jersey,6414809,6323640
2015,Dental & Vision,Washington,5753932,4929309
2023,Long-term Care,Tennessee,3288016,3740869
2019,Indemnity Health,Georgia,5238154,4811153
2022,Accident Insurance,Pennsylvania,6544603,4505207
2017,Dental & Vision,Texas,9791218,7424938
2020,Critical Illness,Michigan,4816495,3940603
2023,Long-term Care,Indiana,2299190,2745158
2023,Critical Illness,Maryland,4414937,3885695
2019,Cancer Insurance,Pennsylvania,5372162,3683934
2024,Indemnity Health,Indiana,3096760,2472189
2015,Accident Insurance,Massachusetts,5964355,4207576
2016,Long-term Care,California,12556632,14709673
2024,Accident Insurance,California,12828300,11479445
2021,Long-term Care,Maryland,4655333,4701770
2022,Long-term Care,Wisconsin,4100594,4252207
2023,Cancer Insurance,Washington,4623352,2870564
2023,Critical Illness,California,14316627,10763297
2024,Long-term Care,Washington,5357483,5526012
2024,Accident Insurance,Washington,4542636,3088212
2019,Critical Illness,Massachusetts,4997464,4047275
2019,Accident Insurance,North Carolina,5679064,3855227
2020,Dental & Vision,Arizona,4454248,3310987
2015,Cancer Insurance,New York,12044897,7095516
2015,Accident Insurance,Pennsylvania,5030631,3866001
2018,Cancer Insurance,Missouri,3485948,2910472
2022,Long-term Care,Texas,10667119,11919387
2024,Accident Insurance,New Jersey,5558269,5082809
2023,Critical Illness,New Jersey,5934184,4194944
2018,Critical Illness,Texas,7526951,5222180
2022,Cancer Insurance,Massachusetts,4776769,3697495
2019,Accident Insurance,Arizona,4531719,3944920
2018,Long-term Care,Tennessee,4480034,4909798
2015,Cancer Insurance,California,12069035,9467882
2020,Long-term Care,Wisconsin,4101033,4786345
2019,Cancer Insurance,North Carolina,3739117,2328838
2020,Long-term Care,Maryland,3623709,3701204
2018,Dental & Vision,Wisconsin,2662339,1909739
2022,Cancer Insurance,Indiana,3783648,3514651
2018,Indemnity Health,Missouri,2792057,2075659
2024,Cancer Insurance,Michigan,3274647,2365072
2020,Long-term Care,Wisconsin,3964493,4005265
2019,Dental & Vision,Indiana,2652212,2023252
2018,Dental & Vision,Virginia,4693589,3491096
2015,Indemnity Health,North Carolina,4440067,3811510
2018,Accident Insurance,Wisconsin,3075766,2183503
2017,Accident Insurance,Tennessee,3141885,2935178
2023,Cancer Insurance,Virginia,5377092,3922580
2018,Indemnity Health,Missouri,4173283,4414923
2022,Dental & Vision,New York,10608089,7772398
2023,Cancer Insurance,New Jersey,4470400,2770525
2019,Critical Illness,Wisconsin,4132385,2694798
2015,Cancer Insurance,Virginia,3956889,2847857
2023,Critical Illness,Maryland,3293328,2522554
2022,Critical Illness,Illinois,5240721,3977049
2015,Dental & Vision,Pennsylvania,4068031,3134505
2023,Long-term Care,Texas,8635321,10126030
2019,Accident Insurance,Texas,10673956,10587547
2018,Accident Insurance,Missouri,3593484,2320729
2016,Accident Insurance,Massachusetts,5726347,3637542
2018,Dental & Vision,Virginia,3556484,3074656
2021,Critical Illness,Michigan,3155950,2902224
2017,Critical Illness,Michigan,3001372,1852211
2019,Critical Illness,Virginia,4391770,2443008
2024,Indemnity Health,New Jersey,5491005,5131653
2021,Critical Illness,Maryland,4106461,2792517
2016,Accident Insurance,North Carolina,5494641,3809165
2023,Indemnity Health,Illinois,5284819,4574869
2023,Dental & Vision,New York,12977904,9300501
2021,Critical Illness,Virginia,4658386,2692264
2015,Dental & Vision,Florida,9843647,8100856
2018,Critical Illness,Florida,9758504,6410962
2015,Indemnity Health,Indiana,3511577,2822443
2019,Critical Illness,Pennsylvania,5584800,4328849
2022,Indemnity Health,Michigan,4750138,4995425
2020,Long-term Care,Pennsylvania,6082205,7545180
2020,Indemnity Health,Virginia,5263840,4007330
2017,Long-term Care,New Jersey,6043871,6856694
2023,Accident Insurance,Georgia,3804314,3551920
2022,Accident Insurance,Massachusetts,5100783,3901468
2015,Long-term Care,New York,9488641,11729003
2021,Cancer Insurance,Arizona,2940494,2121873
2015,Indemnity Health,Arizona,3986982,4382122
2021,Indemnity Health,Florida,7974994,8777541
2021,Long-term Care,Pennsylvania,4392656,5247060
2020,Dental & Vision,California,12633101,11346260
2018,Accident Insurance,Virginia,4874148,3970776
2016,Dental & Vision,Massachusetts,4531729,2857153
2023,Long-term Care,New Jersey,5455117,6343390
2024,Indemnity Health,Maryland,3579526,3257780
2018,Critical Illness,Washington,3807335,2824429
2019,Dental & Vision,Indiana,3749270,3126154
2015,Dental & Vision,Georgia,4033685,3171264
2017,Critical Illness,California,10768810,9728209
2016,Indemnity Health,Missouri,3954239,3604870
2017,Indemnity Health,Arizona,3971490,3786769
2024,Accident Insurance,North Carolina,3433924,2858509
2018,Cancer Insurance,Ohio,3701569,3152782
2017,Cancer Insurance,Michigan,3862537,2487583
2018,Accident Insurance,California,11029166,8062032
2024,Critical Illness,Wisconsin,3010388,1868830
2024,Accident Insurance,Florida,8754315,7544740
2016,Long-term Care,Arizona,4425855,4496671
2015,Indemnity Health,North Carolina,5052984,4175013
2015,Long-term Care,New York,10706191,9084861
2024,Long-term Care,Illinois,7164072,8109798
2022,Cancer Insurance,Florida,9629638,8714033
2024,Long-term Care,Florida,8876397,9052468
2017,Critical Illness,Massachusetts,5742988,4845595
2020,Long-term Care,Ohio,4410723,5351331
2017,Long-term Care,Pennsylvania,4357460,3714169
2020,Dental & Vision,Virginia,3336153,3107865
2018,Critical Illness,Georgia,4614297,3583598
2015,Long-term Care,Illinois,7192182,7105774
2017,Accident Insurance,Ohio,3680920,2884092
2023,Dental & Vision,Indiana,3109223,2263836
2020,Long-term Care,Arizona,3763164,4660869
2022,Accident Insurance,New York,10746462,8461177
2016,Cancer Insurance,North Carolina,3889227,2704793
2017,Cancer Insurance,Indiana,3443264,2804107
2017,Dental & Vision,Pennsylvania,4132196,3217361
2024,Indemnity Health,Indiana,3283067,2829394
2018,Cancer Insurance,Pennsylvania,5084138,3339467
2020,Accident Insurance,Pennsylvania,6604893,3969369
2015,Cancer Insurance,North Carolina,5239568,3492568
2020,Long-term Care,Ohio,3763334,4168631
2019,Indemnity Health,Massachusetts,4184264,3688810
2018,Critical Illness,Virginia,3211652,2129059
2015,Dental & Vision,Virginia,4809396,3667600
2020,Dental & Vision,Florida,8296687,5527446
2019,Dental & Vision,North Carolina,4551222,4291845
2020,Cancer Insurance,New Jersey,3947316,3269481
2023,Accident Insurance,Virginia,5102670,4969338
2024,Long-term Care,Pennsylvania,5250613,4818426
2020,Critical Illness,Washington,3820682,2066442
2017,Indemnity Health,Michigan,4206331,3572017
2015,Accident Insurance,Tennessee,2908788,2339302
2022,Cancer Insurance,New York,12650402,8709268
2022,Long-term Care,Tennessee,4468706,4945169
2019,Accident Insurance,North Carolina,3953652,3622573
2021,Accident Insurance,Massachusetts,5934792,4097432
2018,Indemnity Health,Tennessee,4471630,4004691
2020,Accident Insurance,Missouri,2486316,1648307
2015,Critical Illness,New Jersey,4218884,3328223
2020,Indemnity Health,North Carolina,4548498,4558025
2022,Long-term Care,North Carolina,4571916,3801649
2023,Accident Insurance,Georgia,5055158,5281243
2022,Critical Illness,Pennsylvania,6946326,3522472
2018,Dental & Vision,Georgia,4989402,3832631
2016,Dental & Vision,Tennessee,2610239,2470541
2022,Dental & Vision,Missouri,3833740,3238818
2016,Dental & Vision,Maryland,3906137,3074861
2019,Critical Illness,Ohio,3673339,2128465
2019,Long-term Care,Illinois,5578672,6791065
2022,Cancer Insurance,Georgia,5041454,4325743
2018,Indemnity Health,California,9443263,8038820
2019,Accident Insurance,Missouri,3589265,2892169
2020,Long-term Care,California,13130952,14741711
2015,Cancer Insurance,Missouri,3727587,2393629
2015,Cancer Insurance,Michigan,4742965,2932395
2018,Dental & Vision,Indiana,3994897,3531766
2024,Indemnity Health,Virginia,4240971,4255659
2019,Accident Insurance,Pennsylvania,4155072,3033777
2018,Critical Illness,Maryland,3944259,2580742
2023,Critical Illness,Missouri,2309995,1865233
2023,Accident Insurance,New Jersey,5819648,5455910
2018,Accident Insurance,Texas,8618800,6555328
2016,Indemnity Health,Pennsylvania,4090103,3129739
2019,Accident Insurance,Michigan,3466748,2394420
2021,Indemnity Health,Missouri,4055644,3931826
2017,Long-term Care,New Jersey,4792831,4844741
2024,Cancer Insurance,Texas,11424059,8109430
2023,Critical Illness,Pennsylvania,5615510,3472519
2024,Indemnity Health,Wisconsin,4044551,3201006
2017,Critical Illness,California,13872469,11048925
2018,Cancer Insurance,Georgia,4913836,3582957
2022,Critical Illness,New York,12816351,6726638
2021,Dental & Vision,Georgia,3951728,2891149
2016,Critical Illness,Texas,10258756,6008284
2015,Dental & Vision,Illinois,6557707,5267583
2018,Accident Insurance,Ohio,5256132,4083290
2024,Cancer Insurance,Texas,8642461,8255166
2023,Long-term Care,Illinois,4623887,5475787
2019,Accident Insurance,Florida,9393463,7033404
2020,Dental & Vision,New York,11362608,8707132
2017,Long-term Care,Texas,11268581,9837880
2021,Indemnity Health,Tennessee,3245673,3380835
2017,Long-term Care,New Jersey,6438665,7389498
2023,Indemnity Health,Tennessee,2975412,2893579
2024,Dental & Vision,Wisconsin,3084936,2674098
2019,Cancer Insurance,Michigan,4459772,3989145
2019,Dental & Vision,Ohio,4176247,3656568
2019,Indemnity Health,Michigan,3575572,2668256
2023,Dental & Vision,Tennessee,3983760,3273944
2015,Indemnity Health,Texas,9704036,9271695
2020,Critical Illness,New Jersey,4165927,2678941
2023,Cancer Insurance,Virginia,5338635,4293800
2023,Cancer Insurance,Massachusetts,5645462,4596690
2020,Long-term Care,New York,12284730,10422184
2023,Cancer Insurance,Ohio,3909133,2517759
2021,Indemnity Health,Arizona,4038816,3003974
2022,Long-term Care,New York,8749607,10415588
2017,Long-term Care,New Jersey,5686752,6280219
2024,Accident Insurance,New York,9536537,8959814
2016,Indemnity Health,Wisconsin,2586775,2559133
2022,Accident Insurance,Michigan,4329089,2929269
2016,Accident Insurance,Michigan,3770231,3062760
2015,Dental & Vision,Illinois,6548147,4867123
2020,Indemnity Health,Tennessee,2678558,2198310
2015,Dental & Vision,Massachusetts,3990664,3359015
2016,Indemnity Health,Illinois,5785533,4355492
2016,Cancer Insurance,Michigan,4316475,3594309
2017,Indemnity Health,North Carolina,3569120,3048966
2017,Accident Insurance,Massachusetts,5048462,4681135
2016,Long-term Care,Florida,9403861,9652159
2021,Accident Insurance,Illinois,6581286,6522177
2017,Accident Insurance,Wisconsin,2592732,2173199
2015,Indemnity Health,Missouri,3861759,3607014
2024,Long-term Care,California,12474464,13595967
2015,Critical Illness,Ohio,5309828,3549918
2018,Critical Illness,Michigan,4953321,3494474
2023,Cancer Insurance,Georgia,4985923,4011087
2024,Cancer Insurance,Florida,8613852,7953927
2015,Critical Illness,Illinois,7275559,6139167
2019,Dental & Vision,Arizona,3843285,3344167
2019,Critical Illness,Florida,6680307,4580836
2020,Dental & Vision,Illinois,5662508,5391515
2018,Dental & Vision,Texas,8571441,7784528
2015,Dental & Vision,New Jersey,4258700,3356289
2017,Critical Illness,Pennsylvania,5105391,2818860
2019,Indemnity Health,Michigan,3946691,3489010
2021,Cancer Insurance,Wisconsin,3690422,3554399
2019,Critical Illness,Indiana,2274068,1910914
2024,Cancer Insurance,Washington,4224445,2597684
2022,Dental & Vision,Wisconsin,4258222,4381949
2021,Long-term Care,Virginia,4182695,4356609
2018,Cancer Insurance,Ohio,5205309,3111191
2019,Indemnity Health,New Jersey,4421106,3589466
2023,Indemnity Health,Tennessee,3745878,3696888
2016,Accident Insurance,Wisconsin,3124144,2059678
2020,Dental & Vision,New Jersey,4897184,4103607
2017,Critical Illness,New Jersey,4732269,3033232
2023,Long-term Care,Missouri,2859000,2668665
2020,Long-term Care,Indiana,2485074,2608976
2019,Indemnity Health,Massachusetts,6137976,5193505
2015,Indemnity Health,Maryland,4604507,4080365
2016,Critical Illness,Georgia,3630100,2415540
2019,Critical Illness,Illinois,6678498,4887720
2017,Dental & Vision,Michigan,4154784,3287371
2023,Critical Illness,Georgia,4345911,2795621
2022,Critical Illness,Missouri,3777011,2854005
2017,Accident Insurance,Arizona,3997331,3595779
2017,Cancer Insurance,Indiana,3211987,2547222
2022,Indemnity Health,Washington,5390298,5524426
2021,Indemnity Health,Maryland,3172246,2800179
2020,Indemnity Health,Arizona,2870340,2328805
2018,Long-term Care,Wisconsin,2632568,3288370
2021,Indemnity Health,Florida,9374321,7911599
2018,Dental & Vision,Indiana,2388704,1568267
2016,Indemnity Health,Texas,8975452,6459500
2024,Long-term Care,Florida,9263834,9095290
2024,Indemnity Health,Illinois,6517115,6140837
2023,Cancer Insurance,Georgia,3279092,2388238
2019,Dental & Vision,Pennsylvania,4917540,4492888
2022,Accident Insurance,Pennsylvania,5518107,4257226
2019,Long-term Care,Pennsylvania,5466530,4838274
2024,Indemnity Health,California,12483082,13872996
2020,Indemnity Health,Virginia,3980174,3735011
2016,Long-term Care,New York,10358363,12357378
2017,Accident Insurance,Florida,6656762,6408163
2020,Cancer Insurance,New Jersey,5791337,5134242
2018,Indemnity Health,Tennessee,2735779,2533296
2015,Indemnity Health,Missouri,3516187,3684605
2021,Critical Illness,Texas,11941750,10745355
2017,Indemnity Health,Michigan,4610148,3851059
2022,Cancer Insurance,North Carolina,5710277,4311075
2016,Dental & Vision,New York,12398949,7767990
2019,Dental & Vision,New Jersey,5547046,4837379
2019,Dental & Vision,Georgia,3322373,2620410
2019,Dental & Vision,Arizona,4996135,3982611
2018,Critical Illness,Tennessee,2589278,1928422
2024,Long-term Care,Virginia,5326563,4957139
2021,Accident Insurance,Washington,3523875,2484929
2020,Long-term Care,Maryland,5002533,4887074
2017,Accident Insurance,Indiana,2588212,1900843
2023,Dental & Vision,Indiana,3923501,3851631
2018,Indemnity Health,Ohio,4443837,3250339
2019,Dental & Vision,Missouri,3929394,2919422
2016,Critical Illness,Arizona,3333483,2516260
2015,Dental & Vision,Georgia,4632241,3882764
2019,Long-term Care,Illinois,5599525,5161500
2022,Indemnity Health,Maryland,3004231,3260516
2015,Cancer Insurance,New York,8782070,6398581
2021,Cancer Insurance,New York,10915260,7687739
2015,Dental & Vision,Washington,5872509,5206950
2021,Dental & Vision,North Carolina,4892651,4319217
2016,Cancer Insurance,Missouri,3162155,2045234
2019,Long-term Care,Ohio,5347589,4732487
2016,Cancer Insurance,New York,11464657,6911588
2021,Critical Illness,Wisconsin,4091250,2172372
2018,Indemnity Health,New Jersey,5244662,5212336
2020,Long-term Care,Wisconsin,3596604,4668188
2017,Cancer Insurance,Missouri,2335559,1490870
2016,Dental & Vision,Washington,3920174,2724261
2017,Accident Insurance,Florida,6426419,4453579
2018,Accident Insurance,Illinois,6127108,4820306
2018,Dental & Vision,Florida,6717096,4936606
2024,Dental & Vision,Washington,4117362,3341131
2015,Accident Insurance,New York,10263738,9146749
2023,Dental & Vision,Ohio,5995888,4685825
2021,Critical Illness,Texas,10727965,7669834
2018,Indemnity Health,Washington,5738923,6062975
2016,Dental & Vision,Ohio,5732623,4222126
2023,Long-term Care,Michigan,3237409,3777756
2021,Dental & Vision,Indiana,3358852,3102154
2016,Critical Illness,Virginia,5064281,2799763
2023,Critical Illness,Virginia,3389532,3065946
2015,Dental & Vision,Ohio,5818197,4628696
2018,Cancer Insurance,North Carolina,3418603,2792610
2024,Cancer Insurance,Tennessee,4437415,4482462
2016,Accident Insurance,Maryland,5195964,3878060
2023,Dental & Vision,Georgia,4821002,4503897
2016,Indemnity Health,Missouri,4166982,3214556
2016,Dental & Vision,Arizona,3221341,2663534
2023,Dental & Vision,Georgia,5197860,4164644
2016,Cancer Insurance,Texas,11767601,10039532
2024,Critical Illness,Illinois,5840349,4308353
2017,Indemnity Health,Michigan,3013325,2784516
2018,Long-term Care,New Jersey,4417244,5163455
2023,Cancer Insurance,Virginia,3262325,2925198
2017,Critical Illness,Missouri,3648283,2718382
2023,Cancer Insurance,Missouri,4197735,2715756
2024,Accident Insurance,Arizona,4236261,4556348
2018,Critical Illness,Tennessee,4315405,2386658
2015,Long-term Care,Michigan,4389060,5498586
2021,Indemnity Health,Virginia,3691544,3959706
2024,Indemnity Health,Tennessee,3127526,3139023
2017,Cancer Insurance,Florida,7284563,4410761
2018,Dental & Vision,Massachusetts,4924587,3636809
2023,Indemnity Health,Georgia,4498536,4503798
2018,Accident Insurance,Arizona,4662143,3117075
2018,Accident Insurance,Arizona,4935323,3730893
2017,Dental & Vision,Indiana,2641693,1623876
2018,Cancer Insurance,Washington,4441409,3423832
2023,Cancer Insurance,Virginia,4629040,4482812
2017,Critical Illness,Indiana,2807844,1544526
2023,Critical Illness,Florida,9536420,5341094
2024,Long-term Care,Tennessee,2940815,2845817
2022,Critical Illness,Georgia,3546046,2702377
2020,Indemnity Health,Texas,9548468,8295227
2019,Indemnity Health,Pennsylvania,4873334,4322782
2019,Accident Insurance,Arizona,3299186,2398271
2022,Critical Illness,Massachusetts,6073089,4887718
2021,Accident Insurance,Georgia,4197351,2876164
2023,Indemnity Health,Maryland,4852047,4769479
2021,Dental & Vision,New York,9050734,8453822
2020,Indemnity Health,Indiana,2967505,2912380
2023,Dental & Vision,Massachusetts,5904313,4822745
2015,Cancer Insurance,Maryland,4995228,3409859
2018,Critical Illness,North Carolina,4134612,2683928
2022,Dental & Vision,Pennsylvania,4771065,4447322
2019,Cancer Insurance,Missouri,3456287,2574125
2023,Cancer Insurance,Pennsylvania,4717635,3948660
2024,Indemnity Health,Massachusetts,3969062,3640395
2022,Critical Illness,Maryland,3911078,3382364
2021,Cancer Insurance,Illinois,7477684,4657476
2019,Long-term Care,Washington,4558059,5032759
2018,Critical Illness,Indiana,2367621,1477848
2020,Accident Insurance,Virginia,4683280,3368297
2015,Cancer Insurance,Washington,5337830,2793034
2015,Long-term Care,Massachusetts,4299520,3944770
2022,Critical Illness,Florida,6177599,3278523
2024,Cancer Insurance,New Jersey,3822824,2556813
2016,Dental & Vision,California,10404534,8589311
2016,Critical Illness,Tennessee,4041865,3400421
2016,Dental & Vision,Pennsylvania,4866038,3202060
2015,Critical Illness,Georgia,3678617,1971046
2017,Long-term Care,Florida,7801455,7121862
2022,Indemnity Health,Missouri,3043959,2981400
2018,Dental & Vision,Michigan,3045314,2541572
2018,Accident Insurance,Indiana,3988328,3609332
2018,Cancer Insurance,Texas,8253342,4743428
2015,Dental & Vision,Maryland,3323255,2609792
2016,Cancer Insurance,New Jersey,4210990,2521952
2018,Long-term Care,Wisconsin,2607915,2539222
2022,Critical Illness,Florida,9812719,6109173
2022,Long-term Care,North Carolina,3637406,4413920
2023,Dental & Vision,Washington,4759158,4235184
2015,Cancer Insurance,New York,12919625,11544346
2016,Indemnity Health,Wisconsin,3571322,3428750
2021,Dental & Vision,Missouri,2711344,2035500
2018,Dental & Vision,Tennessee,2520282,1951236
2018,Indemnity Health,Arizona,3925126,4124040
2015,Accident Insurance,Michigan,3734670,2850507
2021,Critical Illness,New Jersey,5519107,3600359
2015,Long-term Care,Missouri,3789237,3924218
2015,Accident Insurance,Pennsylvania,6571671,6240938
2021,Dental & Vision,Florida,7238772,5200454
2020,Indemnity Health,Virginia,5045462,5158942
2018,Indemnity Health,Missouri,3507148,3642739
2016,Accident Insurance,New Jersey,4601045,3228732
2016,Long-term Care,North Carolina,3556369,3290608
2019,Dental & Vision,Pennsylvania,5743396,3948702
2019,Indemnity Health,Pennsylvania,6161195,6139426
2017,Dental & Vision,Indiana,2501888,1866037
2024,Critical Illness,North Carolina,5661482,4724227
2019,Indemnity Health,Missouri,2626903,1927357
2020,Accident Insurance,Massachusetts,4186002,2776463
2018,Accident Insurance,Massachusetts,4572669,4101336
2016,Long-term Care,Washington,5962792,6758575
2016,Cancer Insurance,Michigan,3714518,2885440
2018,Cancer Insurance,Indiana,3476691,2207376
2021,Accident Insurance,North Carolina,5743585,3723428
2024,Indemnity Health,New York,10558633,7532939
2016,Accident Insurance,Arizona,2941976,1980176
2015,Cancer Insurance,Georgia,3355337,2165411
2019,Cancer Insurance,Illinois,5930141,4048032
2021,Accident Insurance,Wisconsin,3763373,3085282
2018,Critical Illness,New Jersey,4854736,4245788
2016,Critical Illness,Georgia,4584516,3592708
2019,Accident Insurance,New York,8602436,7190452
2022,Dental & Vision,Illinois,6289472,4941956
2021,Critical Illness,Maryland,3067683,2009202
2020,Critical Illness,Massachusetts,4762794,2617232
2018,Dental & Vision,Maryland,3577860,3033458
2020,Long-term Care,Washington,3592990,3512390
2020,Long-term Care,Michigan,3347306,3453179
2015,Dental & Vision,Illinois,6720538,5711273
2023,Dental & Vision,Texas,9953235,9721054
2018,Accident Insurance,Virginia,3570003,3035782
2021,Dental & Vision,Michigan,3967713,3759585
2018,Indemnity Health,Tennessee,2947723,2683583
2015,Indemnity Health,Michigan,3935148,4154297
2017,Critical Illness,Maryland,5096586,2963707
2023,Dental & Vision,Maryland,3033404,2023477
2015,Accident Insurance,California,10108882,7226701
2024,Critical Illness,Indiana,3914960,2651870
2018,Dental & Vision,Maryland,3384207,2735732
2022,Indemnity Health,Maryland,4655951,4100825
2016,Cancer Insurance,Ohio,5137335,4832229
2019,Long-term Care,New Jersey,5489887,5719083
2018,Long-term Care,Wisconsin,3314204,3850058
2018,Critical Illness,Missouri,3530276,1749138
2016,Cancer Insurance,Georgia,4525623,2866877
2015,Long-term Care,Pennsylvania,4390509,4581339
2024,Accident Insurance,Texas,8793350,8930686
2018,Critical Illness,Pennsylvania,6936678,5492376
2023,Critical Illness,Indiana,2520417,1925056
2015,Indemnity Health,Arizona,3110723,2916541
2021,Dental & Vision,Maryland,3137221,2448496
2018,Indemnity Health,Massachusetts,5213993,4263820
2022,Cancer Insurance,Tennessee,3047505,2183763
2016,Critical Illness,Michigan,3978431,2558081
2021,Long-term Care,Georgia,3543775,3940015
2020,Accident Insurance,Missouri,4138263,2798673
2017,Accident Insurance,Washington,5843900,4057584
2016,Cancer Insurance,Maryland,3176966,2472862
2018,Long-term Care,Indiana,3435037,3750277
2023,Cancer Insurance,Wisconsin,4130943,2442042
2023,Cancer Insurance,Arizona,4086119,4011761
2021,Long-term Care,Massachusetts,5584467,4971845
2021,Long-term Care,Texas,9937531,11374664
2016,Long-term Care,Washington,4818993,5602403
2015,Critical Illness,Arizona,4098813,3343489
2018,Cancer Insurance,North Carolina,5122889,3237681
2016,Indemnity Health,California,12979663,10938414
2020,Long-term Care,Massachusetts,4311425,4811947
2018,Indemnity Health,Georgia,3626845,2811012
2024,Cancer Insurance,Arizona,3900627,2666208
2022,Long-term Care,Florida,8485402,7345534
2019,Cancer Insurance,North Carolina,3792446,2143077
2019,Critical Illness,Maryland,3242445,2747699
2022,Indemnity Health,Pennsylvania,5116772,4565995
2019,Indemnity Health,New York,8849498,7808524
2016,Dental & Vision,Maryland,3807937,3268333
2016,Indemnity Health,Ohio,4665711,3444092
2018,Accident Insurance,Tennessee,4409209,2935377
2016,Critical Illness,North Carolina,3221350,2166787
2021,Accident Insurance,North Carolina,5771832,3968673
2022,Long-term Care,Indiana,2722874,2660501
2024,Cancer Insurance,North Carolina,5115757,4914507
2015,Accident Insurance,Pennsylvania,4596596,3585672
2020,Dental & Vision,Virginia,3507239,2983942
2024,Cancer Insurance,Virginia,5490690,3854687
2020,Accident Insurance,Massachusetts,5969805,5018816
2022,Dental & Vision,Texas,10666978,7947126
2023,Accident Insurance,Wisconsin,3733417,2807128
2021,Indemnity Health,Illinois,6464113,6911688
2024,Long-term Care,Tennessee,2525606,2769589
2020,Long-term Care,Indiana,3941044,4307748
2018,Dental & Vision,Massachusetts,3701109,3554525
2020,Cancer Insurance,Texas,11061178,7884553
2018,Indemnity Health,Georgia,3783370,3677377
2017,Critical Illness,Illinois,6269575,3723398
2023,Long-term Care,New York,11414198,11140831
2019,Critical Illness,Washington,3582601,2926687
2020,Indemnity Health,Washington,5690489,4339204
2017,Indemnity Health,Pennsylvania,4051173,4331490
2024,Indemnity Health,Arizona,3238869,3685018
2019,Accident Insurance,Maryland,3914697,3933665
2024,Critical Illness,Pennsylvania,4060761,3215656
2024,Cancer Insurance,Arizona,4302891,2962375
2018,Cancer Insurance,Wisconsin,3149598,2068616
2024,Cancer Insurance,Wisconsin,4243872,3706190
2019,Long-term Care,Massachusetts,5818795,5927091
2020,Dental & Vision,Georgia,4350271,2992767
2016,Indemnity Health,Missouri,2816626,3125641
2022,Long-term Care,New Jersey,3834368,4140164
2024,Indemnity Health,Pennsylvania,6260736,7607495
2022,Critical Illness,New Jersey,5328540,4256312
2018,Indemnity Health,North Carolina,4207762,3878126
2015,Cancer Insurance,Indiana,3721115,3248244
2017,Indemnity Health,New York,11689832,10571474
2020,Indemnity Health,Tennessee,4012761,4305806
2020,Critical Illness,New Jersey,4069403,2576335
2018,Dental & Vision,New Jersey,5497447,4074277
2019,Indemnity Health,Indiana,3839637,3310634
2023,Dental & Vision,Arizona,2835205,2041910
2023,Indemnity Health,Washington,4279846,4046406
2018,Dental & Vision,Missouri,2472386,2424414
2024,Long-term Care,Arizona,4389054,4824937
2015,Critical Illness,Virginia,5012856,3813872
2017,Critical Illness,California,10538503,6550921
2017,Accident Insurance,Illinois,5588424,4421790
2021,Critical Illness,Georgia,4764190,3378966
2015,Indemnity Health,Pennsylvania,4238570,4100330
2021,Accident Insurance,Illinois,6919550,6127755
2017,Cancer Insurance,Michigan,3361424,2291850
2017,Critical Illness,Texas,11029405,8709866
2022,Accident Insurance,Missouri,3880222,2822633
2020,Accident Insurance,Illinois,7393225,4822423
2023,Cancer Insurance,North Carolina,4750508,4433534
2022,Long-term Care,Florida,7553421,7874623
2015,Long-term Care,New Jersey,5039855,4679712
2022,Indemnity Health,Washington,4589149,3479175
2016,Dental & Vision,California,9387513,8213480
2021,Long-term Care,Texas,8072508,9095737
2019,Critical Illness,Ohio,5013524,3349437
2024,Long-term Care,Wisconsin,3790756,3992554
2018,Critical Illness,Georgia,4980751,3082538
2023,Long-term Care,North Carolina,4379628,5170638
2018,Critical Illness,New Jersey,5877993,3761406
2022,Critical Illness,Texas,9489414,5091766
2023,Accident Insurance,Georgia,5166488,4489506
2017,Accident Insurance,Arizona,4600351,3299398
2016,Cancer Insurance,Texas,9428210,5808395
2016,Cancer Insurance,Virginia,3824878,3197579
2018,Critical Illness,Missouri,3744014,2340160
2024,Cancer Insurance,Florida,7442481,6396293
2020,Dental & Vision,Texas,8488846,6549391
2024,Long-term Care,California,12572329,14846815
2020,Critical Illness,Indiana,2767933,1728519
2015,Indemnity Health,Tennessee,3339809,3327785
2024,Critical Illness,Massachusetts,4742742,3452039
2017,Critical Illness,Ohio,5188875,4222067
2022,Indemnity Health,California,11579135,8417749
2017,Critical Illness,Michigan,4709654,3244615
2024,Dental & Vision,Maryland,4375804,3657536
2016,Dental & Vision,Texas,9597350,7436296
2022,Accident Insurance,Michigan,4387679,3684734
2016,Long-term Care,Florida,6644709,7095961
2016,Long-term Care,Virginia,5105457,5655758
2024,Cancer Insurance,Indiana,3931388,3521327
2016,Long-term Care,Pennsylvania,6656294,7648437
2017,Accident Insurance,Indiana,3368209,2992139
2022,Critical Illness,New Jersey,6190818,3389444
2015,Critical Illness,Wisconsin,4036034,2187907
2019,Critical Illness,Virginia,4191020,2555076
2024,Accident Insurance,Pennsylvania,5629090,5322171
2015,Cancer Insurance,Georgia,4843068,3614427
2019,Accident Insurance,Wisconsin,3926821,2518902
2017,Indemnity Health,New Jersey,6037334,5945609
2017,Critical Illness,Texas,11467623,6602526
2017,Cancer Insurance,Missouri,3183788,1857732
2016,Accident Insurance,Tennessee,3935948,3290597
2020,Cancer Insurance,Texas,11352302,6637714
2017,Dental & Vision,Indiana,2338598,1796882
2023,Accident Insurance,Virginia,4441159,4340285
2024,Indemnity Health,Virginia,4756745,5043996
2022,Indemnity Health,Washington,4435138,4071285
2020,Indemnity Health,North Carolina,3855136,3259035
2022,Long-term Care,Michigan,3412106,3384380
2024,Dental & Vision,Washington,3611427,2978399
2022,Cancer Insurance,Indiana,3566763,2874132
2021,Dental & Vision,Pennsylvania,4905739,4329766
2015,Long-term Care,Indiana,3107669,3544180
2019,Cancer Insurance,New York,10665573,7459873
2015,Accident Insurance,Georgia,3284525,2327013
2024,Long-term Care,New Jersey,5293971,5689165
2017,Critical Illness,Pennsylvania,5612597,5055491
2015,Long-term Care,Indiana,2610877,2555181
2019,Long-term Care,Maryland,3617744,3251654
2018,Long-term Care,Texas,8413125,9446957
2020,Dental & Vision,North Carolina,3890498,3490831
2022,Accident Insurance,Michigan,4215400,3249861
2017,Accident Insurance,Washington,5003091,4015428
2015,Cancer Insurance,Ohio,5440753,4395309
2021,Accident Insurance,Missouri,3329469,2870753
2020,Accident Insurance,Maryland,3285149,3034753
2020,Accident Insurance,Indiana,2663569,1967996
2018,Accident Insurance,New York,11385138,11099228
2015,Long-term Care,North Carolina,3866778,3488751
2019,Long-term Care,Indiana,3262375,3894180
2020,Indemnity Health,Florida,6940913,4907639
2022,Long-term Care,Maryland,3282461,4010227
2018,Accident Insurance,Texas,11553974,8228568
2023,Indemnity Health,Texas,10905890,10567012
2015,Long-term Care,Missouri,3771140,3811548
2017,Accident Insurance,Tennessee,3754552,3233585
2018,Indemnity Health,California,10059720,10069178
2022,Long-term Care,Maryland,4743261,5070282
2022,Indemnity Health,New Jersey,4904710,4171798
2019,Indemnity Health,Ohio,5179637,3732751
2021,Dental & Vision,Massachusetts,3759536,3475185
2024,Indemnity Health,California,11881871,10977531
2018,Dental & Vision,Massachusetts,4316091,3858751
2018,Critical Illness,New Jersey,4868737,3163140
2023,Long-term Care,Indiana,2956466,2512415
2023,Long-term Care,Michigan,3425861,3245777
2018,Cancer Insurance,Massachusetts,4305026,3268188
2022,Cancer Insurance,Florida,8609905,7670389
2019,Accident Insurance,Ohio,4467946,3576801
2021,Accident Insurance,New Jersey,4878401,3982718
2022,Indemnity Health,Arizona,4178998,3931203
2023,Cancer Insurance,Massachusetts,4235901,2568033
2021,Critical Illness,Wisconsin,2618842,2356047
2015,Dental & Vision,Illinois,7327099,6009421
2021,Indemnity Health,Washington,4484018,3712407
2020,Long-term Care,Pennsylvania,5195472,6638432
2019,Accident Insurance,Ohio,3729681,2806352
2016,Critical Illness,Florida,6291311,4436170
2018,Cancer Insurance,Maryland,4672134,3881372
2023,Critical Illness,Indiana,3651387,3350836
2019,Dental & Vision,Georgia,3886085,3272282
2020,Cancer Insurance,Michigan,4574886,3859244
2018,Dental & Vision,New Jersey,3835352,3257103
2015,Critical Illness,Tennessee,4463385,2792927
2017,Accident Insurance,Florida,6836740,5797084
2018,Long-term Care,New Jersey,3935819,4232813
2018,Cancer Insurance,New York,12437709,7616203
2016,Indemnity Health,California,11526646,8930472
2015,Critical Illness,California,10768163,8256745
2020,Indemnity Health,Texas,9583162,10039199
2019,Critical Illness,Pennsylvania,5672800,4284372
2023,Accident Insurance,North Carolina,5365672,5166855
2016,Dental & Vision,Missouri,3879130,2830680
2017,Cancer Insurance,California,11922111,9929276
2016,Long-term Care,Washington,4794382,4027621
2015,Long-term Care,Indiana,3232684,3007544
2016,Dental & Vision,Texas,8325515,5595591
2022,Critical Illness,New York,8762614,7931701
2015,Indemnity Health,Arizona,3576574,2908144
2021,Critical Illness,Illinois,5205642,3628648
2020,Accident Insurance,Florida,7754186,7099236
2024,Dental & Vision,Georgia,4498136,4045528
2023,Long-term Care,Virginia,3861995,4612721
2022,Long-term Care,Washington,4032208,4044883
2018,Indemnity Health,Washington,4804994,5185554
2022,Long-term Care,Washington,4199036,5217506
2020,Critical Illness,Ohio,4277121,2630570
2020,Cancer Insurance,Florida,9278783,5142371
2018,Accident Insurance,Indiana,3800563,2644057
2015,Critical Illness,Virginia,4280934,2618602
2020,Critical Illness,Virginia,3287286,2026854
2020,Long-term Care,Wisconsin,3437982,4123576
2022,Indemnity Health,Florida,7806399,7249571
2024,Dental & Vision,Pennsylvania,5509530,4853542
2024,Indemnity Health,Missouri,2594953,2736175
2019,Cancer Insurance,Virginia,3725400,3020717
2022,Indemnity Health,Pennsylvania,5661672,4214232
2024,Indemnity Health,Michigan,4441267,4587602
2024,Cancer Insurance,New York,10688833,8739287
2021,Dental & Vision,Tennessee,3598247,3275628
2015,Long-term Care,Ohio,5421650,5853444
2019,Indemnity Health,Missouri,2355580,2249656
2016,Cancer Insurance,Arizona,3791915,2873265
2015,Dental & Vision,Maryland,3220923,2359107
2024,Accident Insurance,Texas,11911988,9356177
2022,Dental & Vision,California,10042999,7353131
2019,Critical Illness,Missouri,3612432,2593327
2018,Indemnity Health,Missouri,3811723,2910755
2020,Cancer Insurance,Indiana,3725168,2141919
2017,Dental & Vision,Illinois,6956440,4831482
2023,Indemnity Health,Texas,9841205,7284644
2020,Critical Illness,Pennsylvania,6421146,4757644
2023,Cancer Insurance,Wisconsin,3568100,2889548
2022,Long-term Care,Washington,4601191,4591345
2017,Dental & Vision,North Carolina,4324961,4202227
2022,Indemnity Health,North Carolina,4050976,4371195
2016,Long-term Care,New Jersey,5581357,5691675
2015,Cancer Insurance,Arizona,3991384,3242263
2023,Accident Insurance,Tennessee,3760590,2900370
2016,Indemnity Health,Michigan,4683132,3553759
2018,Accident Insurance,New Jersey,4187019,4064890
2024,Dental & Vision,Michigan,3953516,3172776
2020,Dental & Vision,Ohio,5520452,4681831
2024,Accident Insurance,Missouri,3240141,2870076
2019,Indemnity Health,California,14427697,13745070
2023,Critical Illness,North Carolina,3889015,2547012
2024,Critical Illness,California,13885466,11800802
2022,Long-term Care,Florida,7797518,9189777
2019,Cancer Insurance,Georgia,4593256,3657836
2015,Long-term Care,Indiana,3069207,2715458
2018,Indemnity Health,Texas,11108678,10719536
2023,Critical Illness,Florida,7826116,6473550
2019,Cancer Insurance,Illinois,6055983,5386590
2023,Indemnity Health,Missouri,4106097,3527121
2018,Dental & Vision,Indiana,2549175,1903881
2020,Cancer Insurance,Georgia,5375144,3537017
2015,Critical Illness,Wisconsin,3029779,1586498
2016,Accident Insurance,Georgia,5049869,3905725
2024,Accident Insurance,Maryland,4929989,3541118
2016,Cancer Insurance,Massachusetts,5467206,4225876
2021,Indemnity Health,Georgia,4990694,5330434
2022,Dental & Vision,Michigan,4659015,3733311
2016,Dental & Vision,Washington,3691907,3521203
2017,Critical Illness,Florida,7820949,4961141
2021,Critical Illness,Wisconsin,3484982,1984397
2016,Critical Illness,Florida,8071710,5918648
2022,Dental & Vision,Missouri,2988276,2074314
2016,Accident Insurance,New York,10663611,7232347
2022,Cancer Insurance,New York,8694158,5375197
2023,Critical Illness,Michigan,3626027,2322255
2017,Long-term Care,Michigan,4459674,5198056
2021,Indemnity Health,New Jersey,4844081,4537882
2018,Long-term Care,Pennsylvania,5742740,4821851
2016,Long-term Care,Indiana,3156296,3090286
2018,Indemnity Health,Indiana,3214696,3130436
2024,Accident Insurance,New Jersey,5215309,4740122
2022,Indemnity Health,Washington,3812378,2972738
2017,Long-term Care,Illinois,5471062,4674903
2020,Critical Illness,Wisconsin,2618424,1968889
2017,Indemnity Health,Virginia,5170537,4745491
2015,Cancer Insurance,Missouri,2727591,1975181
2022,Critical Illness,Virginia,3983884,2295186
2019,Critical Illness,California,13807758,8126309
2020,Dental & Vision,Texas,9359351,6493197
2024,Indemnity Health,Virginia,4385005,4760954
2022,Long-term Care,New York,8442062,8582688
2018,Critical Illness,North Carolina,4877997,3473093
2015,Long-term Care,Georgia,4304215,4075445
2017,Accident Insurance,Pennsylvania,4884727,4576023
2016,Long-term Care,Washington,5442408,4911286
2021,Long-term Care,New Jersey,4900771,5066705
2015,Indemnity Health,Tennessee,2980089,3257821
2024,Dental & Vision,Florida,7594054,6717557
2016,Cancer Insurance,Pennsylvania,4477880,3630708
2015,Indemnity Health,New Jersey,5433584,5609086
2020,Indemnity Health,Florida,6233426,6193771
2016,Critical Illness,Arizona,2821962,1754046
2023,Long-term Care,Tennessee,2515613,2856072
2016,Critical Illness,New Jersey,4394274,3571482
2020,Accident Insurance,California,10825416,6760419
2022,Accident Insurance,North Carolina,5213638,3269169
2020,Accident Insurance,Georgia,4031336,3665316
2016,Cancer Insurance,Washington,3597573,2301962
2024,Long-term Care,Pennsylvania,4808133,5740392
2016,Dental & Vision,New Jersey,6172334,4498479
2017,Accident Insurance,Texas,10960910,8275228
2021,Cancer Insurance,Missouri,3352351,2315459
2024,Dental & Vision,Maryland,3161280,2608797
2019,Dental & Vision,North Carolina,4966212,4816847
2022,Accident Insurance,Georgia,3385885,2952396
2019,Accident Insurance,Florida,7113691,5171720
2015,Dental & Vision,New Jersey,4282702,2739323
2020,Accident Insurance,Virginia,5332007,3543501
2018,Critical Illness,Texas,8888380,5506063
2017,Dental & Vision,Florida,7825967,6575006
2017,Cancer Insurance,Massachusetts,3876315,3057920
2019,Long-term Care,New Jersey,4664908,4907551
2021,Dental & Vision,Illinois,6552877,5123778
2015,Indemnity Health,New Jersey,5395433,5069318
2020,Indemnity Health,Pennsylvania,4059114,3836075
2016,Cancer Insurance,Arizona,4940472,3054379
2024,Accident Insurance,Georgia,3812436,2863518
2016,Dental & Vision,New Jersey,4870631,4383234
2016,Long-term Care,New York,10870086,11131511
2024,Critical Illness,New Jersey,6026358,3690573
2017,Critical Illness,California,11436058,8206670
2017,Long-term Care,Wisconsin,3999573,3299448
2015,Accident Insurance,New Jersey,5588726,4254764
2015,Indemnity Health,Tennessee,3549566,3156448
2023,Critical Illness,Illinois,5155949,4360594
2015,Cancer Insurance,Michigan,4052785,2709226
2020,Long-term Care,Texas,7969055,9445315
2020,Dental & Vision,Illinois,7125371,5742668
2022,Indemnity Health,Florida,9545521,7700373
2024,Critical Illness,Indiana,3294643,2632969
2023,Dental & Vision,North Carolina,5440995,4467536
2020,Dental & Vision,New York,11388494,7958487
2021,Accident Insurance,Ohio,4054425,3344678
2015,Critical Illness,Indiana,3580532,3155562
2015,Accident Insurance,Washington,4827907,3563503
2022,Accident Insurance,North Carolina,4448795,3361493
2015,Cancer Insurance,California,14673414,12695076
2018,Dental & Vision,Michigan,4804110,4301598
2021,Accident Insurance,Georgia,4718609,4795539
2017,Dental & Vision,New York,11131652,8874415
2022,Cancer Insurance,Michigan,3699806,3581760
2018,Cancer Insurance,California,14510065,9368336
2019,Accident Insurance,Indiana,3411665,3251422
2015,Long-term Care,Tennessee,3870222,3262561
2023,Dental & Vision,Texas,10167147,7451894
2022,Cancer Insurance,Michigan,4231740,2750607
2023,Accident Insurance,Indiana,3723372,3827355
2021,Indemnity Health,Florida,7123466,6619750
2023,Indemnity Health,Georgia,4078972,3196679
2024,Indemnity Health,Florida,8254783,8459510
2024,Critical Illness,California,9686838,9243502
2015,Long-term Care,Arizona,4041607,3534789
2017,Indemnity Health,Ohio,4264119,3705973
2018,Dental & Vision,Wisconsin,3086532,2168377
2017,Indemnity Health,North Carolina,4286433,3641387
2016,Cancer Insurance,Massachusetts,4343174,3877965
2023,Long-term Care,Washington,4812877,5973984
2023,Dental & Vision,Illinois,4649982,3630943
2018,Long-term Care,New Jersey,5035339,4953237
2018,Cancer Insurance,Ohio,4816141,4189630
2017,Accident Insurance,Massachusetts,5877095,3915537
2017,Long-term Care,Illinois,6020570,5855373
2016,Indemnity Health,Indiana,3017785,3116186
2022,Critical Illness,Virginia,4310982,3031725
2015,Long-term Care,Washington,3656713,3668960
2021,Cancer Insurance,Illinois,7050077,5670574
2019,Accident Insurance,Michigan,4112846,3315335
2016,Accident Insurance,Maryland,3424139,2726871
2024,Long-term Care,Washington,4357096,5931084
2017,Accident Insurance,North Carolina,4412792,3262957
2017,Accident Insurance,Indiana,3583136,2667803
2020,Dental & Vision,Pennsylvania,6878892,5492403
2021,Accident Insurance,New York,11152043,7431738
2021,Accident Insurance,Illinois,6726954,6109200
2022,Critical Illness,New Jersey,4159026,2226880
2016,Accident Insurance,Washington,4802277,3093446
2020,Dental & Vision,Tennessee,2772018,2161968
2022,Dental & Vision,Georgia,5107379,3984187
2024,Long-term Care,Texas,10307927,11211580
2015,Dental & Vision,Ohio,4218834,2993149
2015,Cancer Insurance,New York,11804224,8438703
2021,Indemnity Health,Missouri,3602678,3150397
2018,Critical Illness,Virginia,4880568,2908000
2020,Cancer Insurance,Washington,3723164,2205035
2018,Accident Insurance,Tennessee,4369066,4062861
2021,Accident Insurance,New York,11957828,7601732
2017,Cancer Insurance,New Jersey,5220278,4081136
2016,Accident Insurance,Massachusetts,4282604,3129990
2022,Long-term Care,Massachusetts,4377620,5817006
2023,Indemnity Health,Illinois,6539043,7311982
2015,Cancer Insurance,Michigan,3940785,3212027
2016,Accident Insurance,Georgia,5423802,5061834
2015,Indemnity Health,Georgia,4040888,3415357
2024,Accident Insurance,California,11291996,8179371
2024,Long-term Care,Texas,8095013,9308034
2017,Dental & Vision,Massachusetts,5557147,5500925
2022,Dental & Vision,Maryland,4264722,3590011
2016,Cancer Insurance,Arizona,3151937,2688683
2019,Dental & Vision,Texas,10664885,9391236
2017,Dental & Vision,Tennessee,3244015,2896760
2017,Dental & Vision,Indiana,3929548,3079618
2015,Accident Insurance,Massachusetts,4155907,3267367
2016,Indemnity Health,North Carolina,4406655,3804709
2021,Dental & Vision,Illinois,6409654,5916851
2023,Long-term Care,Indiana,3641441,4404654
2023,Accident Insurance,Virginia,5301176,5314639
2022,Accident Insurance,Pennsylvania,5056221,4040661
2017,Indemnity Health,Massachusetts,4294725,4288835
2021,Cancer Insurance,Virginia,4543125,3019222
2020,Long-term Care,North Carolina,4022017,4106730
2017,Critical Illness,Illinois,6927690,4067070
2019,Indemnity Health,North Carolina,5258813,4853544
2017,Cancer Insurance,Tennessee,2537140,1796926
2020,Critical Illness,New Jersey,5551045,3740539
2016,Indemnity Health,North Carolina,4462788,3757250
2019,Indemnity Health,Massachusetts,6118061,4797409
2022,Cancer Insurance,California,14217110,9548929
2015,Accident Insurance,California,12064087,8459363
2019,Accident Insurance,Virginia,5344448,4520369
2021,Cancer Insurance,Ohio,4186100,2969754
2020,Indemnity Health,Virginia,4886374,3658480
2018,Accident Insurance,Pennsylvania,5423690,3483269
2019,Accident Insurance,Virginia,3211196,2335573
2024,Critical Illness,New York,10394057,9962874
2016,Dental & Vision,New York,10555551,6729051
2023,Cancer Insurance,California,12541997,10884154
2017,Cancer Insurance,California,11257654,7975607
2020,Long-term Care,Virginia,3732297,4137691
2022,Cancer Insurance,Ohio,5065631,4215515
2015,Long-term Care,Virginia,4807745,4116571
2021,Indemnity Health,Illinois,4680065,4635372
2022,Accident Insurance,Ohio,5920878,5102216
2023,Indemnity Health,Virginia,5147370,4273992
2022,Cancer Insurance,Massachusetts,5940834,5393796
2022,Accident Insurance,New Jersey,4704000,4008185
2022,Indemnity Health,Ohio,4387713,3806518
2015,Indemnity Health,New Jersey,5568171,4173434
2016,Accident Insurance,Florida,6497239,4579518
2023,Indemnity Health,Washington,5253601,4102571
2019,Dental & Vision,New Jersey,5642214,4574412
2020,Indemnity Health,Pennsylvania,4642370,4105897
2021,Indemnity Health,Texas,10464853,8861852
2015,Indemnity Health,Tennessee,4207595,3469448
2021,Dental & Vision,Indiana,2397185,2223563
2015,Accident Insurance,Georgia,4990199,4488806
2017,Cancer Insurance,Maryland,3975870,3823983
2018,Cancer Insurance,Wisconsin,3490694,2003096
2017,Dental & Vision,Washington,3718718,3177669
2017,Dental & Vision,Washington,5029125,3240318
2024,Critical Illness,Arizona,2959543,2243015
2022,Accident Insurance,Tennessee,2902986,2186375
2020,Dental & Vision,Ohio,4773964,3102846
2018,Accident Insurance,Illinois,5783236,4869273
2016,Critical Illness,Michigan,4600117,3714576
2015,Cancer Insurance,New York,12847931,8831664
2018,Indemnity Health,Missouri,3386529,3208918
2015,Long-term Care,Missouri,4158992,4475797
2019,Cancer Insurance,Tennessee,4028404,2958345
2015,Accident Insurance,Georgia,4204550,3326534
2024,Critical Illness,Michigan,3533354,2188035
2020,Dental & Vision,Missouri,2858844,2685966
2019,Critical Illness,Wisconsin,2614086,1420392
2015,Long-term Care,Tennessee,3083337,2556484
2017,Accident Insurance,Michigan,4637972,3535033
2022,Indemnity Health,New York,10007535,8059647
2019,Critical Illness,California,10850082,7213050
2020,Accident Insurance,Michigan,4988257,4314851
2021,Long-term Care,New Jersey,4190631,4265502
2018,Long-term Care,New Jersey,5487960,5881231
2015,Accident Insurance,Washington,5113108,4474758
2020,Long-term Care,North Carolina,5378356,5189758
2017,Cancer Insurance,Florida,6762468,5451551
2020,Cancer Insurance,Washington,3642729,2334253
2023,Critical Illness,Virginia,3992942,3805784
2018,Cancer Insurance,Michigan,3826703,3083555
2020,Cancer Insurance,Massachusetts,3754449,2680418
2020,Cancer Insurance,New Jersey,5646576,5355863
2021,Critical Illness,Missouri,2785091,1884515
2019,Dental & Vision,Tennessee,3760560,3086522
2023,Long-term Care,Arizona,4797553,6129013
2017,Indemnity Health,Illinois,6356574,5998798
2018,Accident Insurance,Texas,11518629,8187568
2020,Critical Illness,Arizona,3490979,2801611
2022,Accident Insurance,California,14919680,11584824
2019,Accident Insurance,Maryland,3410461,3274106
2018,Dental & Vision,Texas,9444145,7450953
2022,Dental & Vision,New Jersey,4354406,3076983
2016,Cancer Insurance,Maryland,5134472,3268953
2023,Indemnity Health,Illinois,5564505,5863359
2020,Critical Illness,Pennsylvania,5037221,3806965
2019,Cancer Insurance,Washington,4288365,3766522
2016,Critical Illness,Ohio,4500842,2612437
2015,Critical Illness,Virginia,4672580,4033011
2018,Indemnity Health,Illinois,5692068,4350097
2021,Accident Insurance,Texas,7688731,5581295
2023,Critical Illness,Maryland,3711869,2692133
2020,Dental & Vision,Michigan,4503534,3321024
2015,Accident Insurance,Virginia,5008367,4334563
2021,Indemnity Health,Virginia,4255602,4041672
2016,Long-term Care,Illinois,6488932,7452193
2019,Dental & Vision,Michigan,4387218,4012975
2017,Accident Insurance,Texas,10374935,8870793
2016,Accident Insurance,New Jersey,5449396,3947541
2023,Accident Insurance,Massachusetts,4933749,4455484
2015,Critical Illness,New Jersey,6209708,4985688
2023,Critical Illness,Tennessee,3691446,2166753
2019,Cancer Insurance,California,10123690,6042501
2015,Dental & Vision,Georgia,3318843,2568434
2021,Indemnity Health,Georgia,4845213,4909543
2021,Dental & Vision,Florida,7005410,5889920
2023,Cancer Insurance,Indiana,3382629,2904638
2019,Accident Insurance,Arizona,4190062,3258331
2018,Critical Illness,New Jersey,4595237,4023288
2022,Cancer Insurance,Florida,7773125,6915125
2023,Dental & Vision,Tennessee,2762525,1843422
2015,Cancer Insurance,New Jersey,5771889,3203437
2016,Indemnity Health,Washington,5588339,4777707
2019,Long-term Care,New York,11373130,11158938
2021,Long-term Care,Virginia,5180989,5550751
2024,Cancer Insurance,Massachusetts,5736088,4146903
2019,Dental & Vision,Massachusetts,4767018,3865983
2023,Indemnity Health,Tennessee,3017499,3216509
2020,Long-term Care,Michigan,3404504,4300328
2018,Cancer Insurance,Arizona,3713148,2358280
2022,Indemnity Health,Texas,11182079,8537610
2021,Long-term Care,Virginia,3251570,3199473
2017,Long-term Care,Pennsylvania,5785266,5921203
2015,Accident Insurance,Texas,9253299,7582194
2024,Accident Insurance,North Carolina,4385570,3370778
2021,Indemnity Health,Michigan,3561560,3362668
2018,Cancer Insurance,Arizona,3045314,2307584
2023,Critical Illness,New York,12551951,8539456
2016,Dental & Vision,New Jersey,5262044,4169905
2019,Cancer Insurance,Virginia,5077145,3792716
2020,Critical Illness,Florida,8795117,5320612
2023,Dental & Vision,Washington,5972968,4809544
2015,Dental & Vision,Florida,6140829,4861984
2020,Accident Insurance,Texas,8601063,7148325
2015,Critical Illness,Maryland,4266015,2308890
2020,Cancer Insurance,Massachusetts,3604067,2302268
2015,Cancer Insurance,Ohio,4289533,2830881
2016,Cancer Insurance,New York,12768740,10492216
2018,Accident Insurance,Ohio,5365517,3532654
2017,Long-term Care,Georgia,5477732,4901215
2020,Cancer Insurance,New Jersey,6308540,4780854
2015,Indemnity Health,Texas,10560434,7981154
2021,Accident Insurance,Pennsylvania,4189945,3015890
2016,Dental & Vision,Washington,5185306,4695293
2024,Accident Insurance,Florida,6730546,5446700
2018,Cancer Insurance,Illinois,6675049,4434893
2018,Critical Illness,New York,12967231,8589660
2018,Accident Insurance,Michigan,3900439,2495701
2017,Accident Insurance,California,13526822,9700593
2016,Long-term Care,Arizona,4903946,5281410
2017,Long-term Care,Washington,4922338,4833787
2017,Indemnity Health,Texas,9175920,7450011
2021,Critical Illness,Pennsylvania,6733053,3363690
2024,Cancer Insurance,Texas,11799238,10500492
2019,Dental & Vision,Georgia,3482006,2844471
2024,Cancer Insurance,Tennessee,4288737,3639043
2018,Dental & Vision,New York,10392775,9197365
2023,Cancer Insurance,New York,9583600,7606022
2021,Cancer Insurance,Texas,7549535,4131778
2016,Dental & Vision,Texas,8211009,5302004
2020,Long-term Care,New Jersey,6431294,5660640
2015,Accident Insurance,Florida,9061379,7139000
2017,Critical Illness,Texas,10653009,8924253
2024,Indemnity Health,Ohio,4951226,4493062
2017,Long-term Care,Washington,3725620,3634658
2024,Dental & Vision,Massachusetts,6115341,5548870
2024,Dental & Vision,Arizona,4132600,2954408
2016,Accident Insurance,Wisconsin,2437901,1991232
2023,Cancer Insurance,Arizona,4062723,2733595
2019,Cancer Insurance,Arizona,3752366,3234935
2021,Dental & Vision,Virginia,5156063,3978062
2017,Long-term Care,Washington,4472241,4919681
2018,Critical Illness,New York,11324892,7684509
2022,Long-term Care,Massachusetts,5167039,6226571
2024,Indemnity Health,Georgia,4098285,4310136
2019,Indemnity Health,California,13939408,12042457
2019,Indemnity Health,Arizona,2885965,2518194
2018,Cancer Insurance,Texas,11615027,9818754
2016,Accident Insurance,Massachusetts,4729781,4381744
2018,Long-term Care,Washington,4763964,5467839
2020,Dental & Vision,North Carolina,5208337,3441027
2019,Dental & Vision,Texas,9633185,6680891
2016,Dental & Vision,Arizona,3285191,2600373
2019,Indemnity Health,Missouri,3299901,3021431
2024,Cancer Insurance,Florida,8048282,5165534
2015,Cancer Insurance,Florida,7895848,6143818
2022,Accident Insurance,Indiana,3548784,2500502
2023,Critical Illness,Washington,4265988,2506547
2017,Indemnity Health,Missouri,3657042,3846787
2019,Cancer Insurance,Wisconsin,2677903,2060370
2024,Dental & Vision,Tennessee,3403967,3354355
2020,Cancer Insurance,New Jersey,4742863,2995811
2023,Dental & Vision,Ohio,4158710,3971843
2019,Cancer Insurance,New York,8312071,5151572
2016,Dental & Vision,California,13101950,8705594
2023,Dental & Vision,Arizona,3198337,2713019
2023,Long-term Care,Wisconsin,4043686,4018853
2024,Dental & Vision,North Carolina,3434959,2759054
2017,Critical Illness,New Jersey,5915947,3337540
2018,Long-term Care,New Jersey,5749464,6877410
2016,Cancer Insurance,Washington,5772386,3340889
2024,Critical Illness,Michigan,3182702,2424282
2019,Cancer Insurance,New York,12339922,10658347
2021,Dental & Vision,Virginia,5176627,4083387
2023,Long-term Care,New York,9412639,8571755
2023,Critical Illness,Georgia,4904500,3139443
2019,Dental & Vision,New York,10256487,8986251
2019,Dental & Vision,Arizona,3894135,3500877
2018,Accident Insurance,Maryland,4011667,3573690
2015,Long-term Care,Massachusetts,4642607,4853187
2024,Cancer Insurance,Maryland,4231594,3366880
2023,Indemnity Health,Virginia,5333166,5029294
2020,Cancer Insurance,Georgia,4209719,2762148
2024,Indemnity Health,Wisconsin,3210989,3097947
2020,Dental & Vision,Maryland,3253598,2696408
2020,Long-term Care,Ohio,4358193,3904055
2021,Dental & Vision,Florida,8517182,6323682
2024,Dental & Vision,Pennsylvania,5271538,4382303
2020,Accident Insurance,Florida,7079864,5017765
2024,Dental & Vision,Massachusetts,4517292,3831117
2020,Accident Insurance,Virginia,4202712,2762512
2021,Accident Insurance,Wisconsin,2905092,2845894
2019,Long-term Care,New York,11625211,11732129
2019,Indemnity Health,North Carolina,3534248,2729853
2019,Long-term Care,Washington,3960491,3552678
2020,Long-term Care,New York,9142782,9912222
2018,Critical Illness,Virginia,3342418,2631094
2021,Long-term Care,Ohio,5432780,5368371
2018,Long-term Care,North Carolina,4157437,4603361
2018,Accident Insurance,Pennsylvania,6935187,4574560
2019,Dental & Vision,Tennessee,3308163,2404323
2015,Dental & Vision,Indiana,2314439,2087917
2021,Cancer Insurance,Arizona,3047780,2800995
2020,Dental & Vision,Tennessee,3857808,2707991
2018,Indemnity Health,Michigan,3324163,3061653
2022,Indemnity Health,New Jersey,3862385,3084456
2020,Accident Insurance,Ohio,4715076,4574953
2019,Long-term Care,Arizona,2975070,3023079
2015,Cancer Insurance,Illinois,6429786,5772066
2024,Accident Insurance,Michigan,3033710,2564194
2024,Critical Illness,Missouri,3066867,2506959
2015,Dental & Vision,Virginia,5119105,3580103
2021,Long-term Care,Texas,11639481,13416203
2018,Accident Insurance,North Carolina,3786833,2679787
2018,Indemnity Health,Arizona,3920198,3362256
2023,Accident Insurance,Pennsylvania,4017426,3360048
2020,Long-term Care,Georgia,3370407,3596271
2024,Cancer Insurance,Michigan,3363647,2990598
2015,Dental & Vision,Massachusetts,4488569,3417440
2022,Cancer Insurance,Virginia,4017756,2898004
2021,Cancer Insurance,Florida,8043998,5990090
2023,Indemnity Health,New Jersey,5067232,4201193
2017,Indemnity Health,Georgia,3310331,2904288
2018,Critical Illness,Florida,8849763,7610556
2024,Dental & Vision,Maryland,3467091,2811777
2017,Dental & Vision,Florida,8433584,6465243
2018,Critical Illness,Wisconsin,2883182,2225208
2021,Critical Illness,Missouri,3404762,3031379
2022,Accident Insurance,Maryland,3116545,3022118
2015,Indemnity Health,Arizona,2859342,2563882
2020,Cancer Insurance,Missouri,3228079,1961840
2016,Cancer Insurance,Virginia,5058480,4213890
2015,Indemnity Health,Texas,8098967,7066766
2017,Dental & Vision,New Jersey,4652035,3472928
2015,Accident Insurance,New York,11684991,10540344
2019,Critical Illness,Massachusetts,5759777,4033712
2023,Critical Illness,Missouri,3849829,2009588
2018,Cancer Insurance,Arizona,4999566,3871880
2023,Cancer Insurance,Arizona,3439068,2890159
2020,Cancer Insurance,Illinois,6391553,3877884
2024,Indemnity Health,Maryland,3681067,2944235
2021,Indemnity Health,Ohio,5712989,4684440
2015,Cancer Insurance,Texas,7679159,4243347
2019,Long-term Care,Massachusetts,4157168,4245194
2022,Long-term Care,California,9604100,11442266
2018,Cancer Insurance,Virginia,3499353,2902773
2022,Cancer Insurance,Wisconsin,3962609,3426308
2017,Long-term Care,Wisconsin,3355522,3194811
2018,Indemnity Health,Indiana,3870659,3428124
2018,Cancer Insurance,North Carolina,4283452,3472096
2024,Accident Insurance,Arizona,2885985,1833676
2021,Accident Insurance,Washington,5434301,3769363
2016,Accident Insurance,Texas,11154833,7856043
2022,Indemnity Health,Missouri,2339722,2195163
2016,Long-term Care,Michigan,3891802,3635516
2015,Long-term Care,Michigan,4806678,4665182
2019,Long-term Care,Washington,3725520,4203537
2024,Accident Insurance,New York,8775831,7579456
2015,Accident Insurance,Maryland,3164966,3047130
2017,Accident Insurance,Wisconsin,3022430,2142601
2020,Indemnity Health,Missouri,2429400,2769186
2023,Critical Illness,Ohio,4035278,2963733
2019,Indemnity Health,Tennessee,2753986,2872371
2023,Long-term Care,Pennsylvania,6789805,8628917
2019,Dental & Vision,Massachusetts,5852590,5196751
2020,Dental & Vision,North Carolina,3263859,2747291
2023,Long-term Care,Virginia,4850267,4272790
2020,Critical Illness,Maryland,5049575,3391819
2024,Dental & Vision,Ohio,3893445,3519060
2016,Indemnity Health,Georgia,3646023,3181034
2023,Critical Illness,Missouri,3304043,2523479
2024,Cancer Insurance,Wisconsin,2997984,2458353
2021,Cancer Insurance,Massachusetts,4685333,3647324
2019,Critical Illness,Pennsylvania,5016867,3648257
2019,Accident Insurance,Texas,10932676,9224653
2017,Cancer Insurance,North Carolina,5097133,3587651
2015,Indemnity Health,Maryland,3121413,2403525
2019,Cancer Insurance,Washington,4290504,3562136
2018,Long-term Care,Georgia,3191320,3832019
2016,Dental & Vision,Georgia,4333650,4099220
2021,Critical Illness,Florida,6844120,4519632
2021,Cancer Insurance,Indiana,2537022,2191957
2017,Cancer Insurance,North Carolina,5795755,3964288
2019,Indemnity Health,New York,10095823,7649184
2016,Indemnity Health,Indiana,3086820,2309122
2022,Accident Insurance,Virginia,3397938,2707499
2024,Cancer Insurance,New Jersey,4793204,3143124
2021,Critical Illness,Georgia,5441430,3421105
2018,Cancer Insurance,Texas,11949467,8984314
2023,Critical Illness,Indiana,3633122,2263169
2024,Long-term Care,Michigan,3981324,4391282
2020,Dental & Vision,Georgia,5323723,4463827
2017,Accident Insurance,Ohio,5430384,4686954
2022,Cancer Insurance,Maryland,4229926,4140732
2020,Indemnity Health,Massachusetts,5538951,4666368
2017,Accident Insurance,North Carolina,5343472,3344613
2024,Accident Insurance,Maryland,3526404,2699260
2020,Cancer Insurance,Ohio,5916245,3856292
2017,Accident Insurance,Texas,8392757,5798777
2017,Cancer Insurance,Washington,3943894,2845429
2015,Indemnity Health,Florida,9069842,7434513
2021,Indemnity Health,Wisconsin,3372611,3249302
2024,Critical Illness,Ohio,3766310,3063252
2020,Critical Illness,Tennessee,3926246,2164846
2020,Accident Insurance,New York,9910382,6176048
2016,Critical Illness,Virginia,5299829,4273536
2017,Accident Insurance,Ohio,3684638,2917894
2016,Accident Insurance,New York,11807164,7846794
2015,Long-term Care,Missouri,2721294,2599035
2020,Long-term Care,Tennessee,4004445,4554451
2023,Critical Illness,Texas,11884457,11441636
2017,Indemnity Health,Georgia,5340707,4673450
2019,Indemnity Health,California,12122975,12235289
2023,Indemnity Health,California,13175172,12803737
2015,Dental & Vision,Tennessee,3236494,2791069
2018,Accident Insurance,Arizona,4827515,4723089
2021,Critical Illness,Wisconsin,2966862,2106016
2018,Long-term Care,Arizona,4055326,4610288
2018,Critical Illness,New Jersey,5476955,3873108
2015,Accident Insurance,Tennessee,3473109,2486942
2021,Accident Insurance,Maryland,3856914,3821752
2015,Dental & Vision,New York,8511349,6911657
2021,Critical Illness,Virginia,4432506,2355375
2023,Indemnity Health,Wisconsin,2886309,2534000
2019,Critical Illness,Virginia,4462930,2538974
2022,Long-term Care,Washington,4497032,4303886
2024,Critical Illness,New York,12567582,6601568
2022,Cancer Insurance,Massachusetts,4553652,3381525
2023,Dental & Vision,Washington,3610647,3480138
2023,Long-term Care,California,11644956,11383967
2019,Indemnity Health,Tennessee,3330923,2562998
2016,Indemnity Health,Missouri,3114682,2435906
2023,Long-term Care,Maryland,4045759,3908746
2015,Cancer Insurance,Illinois,5385979,4595155
2016,Accident Insurance,Tennessee,3186003,3086530
2017,Accident Insurance,Missouri,3907329,3652440
2021,Long-term Care,Virginia,4016836,4767505
2023,Dental & Vision,Georgia,4680321,3200281
2018,Indemnity Health,California,9380603,8281708
2015,Accident Insurance,Washington,5399912,4169298
2017,Critical Illness,Missouri,2741630,2142176
2018,Indemnity Health,Arizona,3981675,4529468
2022,Critical Illness,Massachusetts,5471568,4864213
2023,Indemnity Health,Massachusetts,4330143,3642690
2021,Long-term Care,Michigan,3495437,4302656
2017,Accident Insurance,Arizona,3121719,2170792
2023,Dental & Vision,Arizona,3811831,3785635
2017,Dental & Vision,Michigan,3970332,3085496
2024,Indemnity Health,Missouri,2651416,2733009
2024,Cancer Insurance,Tennessee,4486447,4283433
2017,Indemnity Health,Massachusetts,5084517,4822115
2020,Dental & Vision,California,10289314,9301215
2021,Dental & Vision,Tennessee,3947543,3553506
2021,Long-term Care,Tennessee,4158330,3934544
2019,Dental & Vision,Arizona,3246658,2738335
2023,Accident Insurance,Indiana,2722119,2105401
2018,Cancer Insurance,Washington,4587201,3335524
2024,Long-term Care,Ohio,4851555,5685105
2024,Critical Illness,Massachusetts,4882017,4253824
2017,Dental & Vision,Indiana,3095298,2410361
2020,Indemnity Health,Georgia,5223796,4483109
2016,Long-term Care,Wisconsin,3436506,4230474
2017,Accident Insurance,Georgia,3271622,2371439
2022,Long-term Care,Ohio,4309555,4179944
2021,Cancer Insurance,Missouri,2787047,1874941
2016,Cancer Insurance,Indiana,2308764,1919529
2023,Cancer Insurance,Virginia,3371695,3138855
2017,Critical Illness,Texas,9370893,5412019
2022,Dental & Vision,Washington,3501780,3276899
2018,Accident Insurance,Massachusetts,4704798,3569892
2020,Cancer Insurance,New Jersey,5548667,5195079
2016,Long-term Care,Washington,5771500,4923872
2017,Cancer Insurance,Texas,10137869,9436364
2017,Cancer Insurance,Georgia,3980049,2055033
2017,Accident Insurance,Missouri,3876212,2771785
2020,Critical Illness,Indiana,3535859,1952470
2016,Long-term Care,Indiana,3291969,3945294
2023,Accident Insurance,Florida,9452332,6901430
2019,Long-term Care,Michigan,3459640,3435025
2019,Critical Illness,Texas,10354524,5316004
2021,Long-term Care,California,9132661,11180233
2017,Dental & Vision,Maryland,4812642,3367126
2016,Critical Illness,California,13039742,6999714
2018,Accident Insurance,Pennsylvania,6508851,5614524
2016,Accident Insurance,Georgia,4417123,3677121
2024,Indemnity Health,Maryland,3726432,3050133
2023,Critical Illness,Missouri,3589851,3057243
2020,Critical Illness,Georgia,5418260,3133010
2023,Long-term Care,Maryland,4466637,5749049
2018,Long-term Care,North Carolina,5055142,4599804
2017,Long-term Care,Missouri,2986693,3397073
2022,Critical Illness,Maryland,4661961,2801726
2018,Critical Illness,California,14163152,9587378
2018,Accident Insurance,Pennsylvania,6601394,6467889
2022,Accident Insurance,Massachusetts,3840308,3518594
2020,Dental & Vision,Washington,3639074,2385095
2021,Cancer Insurance,Wisconsin,4189360,3264983
2021,Long-term Care,Massachusetts,4047772,4108255
2021,Cancer Insurance,New York,10187741,9897583
2020,Critical Illness,Tennessee,2625497,2133005
2019,Accident Insurance,California,13812990,10394538
2022,Accident Insurance,Florida,7336658,6350337
2020,Indemnity Health,Wisconsin,2645402,2558118
2015,Critical Illness,Texas,10384436,6348709
2021,Critical Illness,New York,12433428,10722986
2019,Critical Illness,Virginia,4246141,3597037
2016,Accident Insurance,Georgia,4691122,3841149
2017,Accident Insurance,Texas,11373405,8147807
2020,Critical Illness,Washington,5336913,4824223
2017,Long-term Care,Virginia,5435688,5308828
2019,Indemnity Health,Georgia,4213530,3071014
2016,Long-term Care,Michigan,4003344,4297145
2016,Cancer Insurance,Virginia,4498983,3609499
2024,Critical Illness,Maryland,4646461,2749267
2022,Critical Illness,Wisconsin,2867086,2326127
2020,Long-term Care,Georgia,4728951,5451143
2022,Long-term Care,California,14277446,17891139
2022,Cancer Insurance,Maryland,3146816,2721118
2020,Accident Insurance,Arizona,4873887,4560545
2024,Cancer Insurance,Maryland,5016856,3769193
2015,Cancer Insurance,Maryland,4075603,3156266
2024,Long-term Care,Wisconsin,3611450,3543680
2016,Accident Insurance,California,9968187,8391650
2022,Long-term Care,Massachusetts,5957727,5843460
2020,Accident Insurance,Wisconsin,2546982,1982501
2021,Dental & Vision,Michigan,4970585,4151550
2020,Long-term Care,New Jersey,6425248,5980554
2015,Critical Illness,Georgia,4680426,3357225
2018,Accident Insurance,Arizona,4645402,3682273
2019,Accident Insurance,Massachusetts,5466690,4443964
2023,Dental & Vision,Georgia,3546343,2311677
2024,Accident Insurance,North Carolina,4573679,3843443
2020,Dental & Vision,California,12952583,10597462
2022,Cancer Insurance,Virginia,3857329,2381241
2019,Indemnity Health,Tennessee,2973312,2699327
2024,Indemnity Health,Indiana,3003611,3096006
2022,Long-term Care,Arizona,2985016,3142423
2015,Long-term Care,North Carolina,5600224,6001267
2023,Indemnity Health,New York,8983272,8967626
2018,Dental & Vision,North Carolina,4784234,4086440
2018,Indemnity Health,Illinois,4551190,3901260
2019,Dental & Vision,Missouri,3921902,3633875
2017,Accident Insurance,North Carolina,4367764,3825511
2024,Accident Insurance,Maryland,4457161,4480129
2021,Dental & Vision,North Carolina,4271440,3326360
2018,Indemnity Health,Arizona,3936046,3660996
2017,Long-term Care,Arizona,3140003,2665085
2020,Critical Illness,Indiana,3865028,3472808
2024,Dental & Vision,Maryland,4492480,3257564
2017,Dental & Vision,Indiana,2278561,1666084
2018,Dental & Vision,North Carolina,3962150,3316115
2018,Dental & Vision,Tennessee,2983857,2406765
2017,Dental & Vision,Georgia,5137196,4753593
2020,Accident Insurance,Indiana,3941698,3765462
2021,Long-term Care,Arizona,4220743,4700320
2024,Dental & Vision,Pennsylvania,5936978,4018866
2016,Indemnity Health,Indiana,3551182,3850339
2018,Cancer Insurance,Florida,7888019,7487173
2022,Cancer Insurance,Washington,4917366,2903170
2021,Long-term Care,Arizona,3307791,3000636
2019,Critical Illness,Washington,5894546,3348905
2016,Dental & Vision,Arizona,4757913,3306337
2015,Cancer Insurance,Indiana,3626899,2605857
2019,Indemnity Health,Wisconsin,2703038,2651574
2021,Cancer Insurance,Virginia,4172982,3740663
2017,Accident Insurance,New York,9979308,8579451
2017,Dental & Vision,Tennessee,3150833,2723905
2018,Accident Insurance,Maryland,4496125,4037117
2022,Long-term Care,Georgia,4043658,3824276
2015,Long-term Care,Texas,8204973,8312852
2022,Dental & Vision,New Jersey,4356165,3381065
2017,Indemnity Health,Massachusetts,4670740,4185849
2022,Dental & Vision,Massachusetts,4516364,3495054
2020,Cancer Insurance,New Jersey,6290862,4075739
2023,Cancer Insurance,Washington,4379179,2850907
2019,Long-term Care,Wisconsin,3171871,3546586
2020,Critical Illness,Florida,9339111,8061474
2024,Cancer Insurance,Arizona,4105854,3497031
2024,Indemnity Health,New Jersey,4350726,4562801
2020,Dental & Vision,New Jersey,4727696,3677462
2021,Cancer Insurance,Georgia,4907463,3801598
2015,Dental & Vision,Indiana,3247700,2487226
2016,Dental & Vision,Pennsylvania,4734532,3450427
2023,Critical Illness,Ohio,4955660,3774889
2022,Long-term Care,North Carolina,5105380,4731250
2019,Accident Insurance,Texas,10529616,8188702
2019,Critical Illness,New Jersey,4756529,3080155
2016,Dental & Vision,Michigan,4791056,3458833
2015,Cancer Insurance,Wisconsin,2419434,1609406
2015,Critical Illness,Texas,9974458,7864220
2020,Dental & Vision,New Jersey,4496672,3588632
2015,Dental & Vision,California,13215447,12621211
2016,Indemnity Health,Missouri,3106753,2763213
2015,Cancer Insurance,Tennessee,4482615,3124775
2023,Indemnity Health,Indiana,2847344,2330110
2015,Long-term Care,Florida,8504487,8379770
2017,Long-term Care,Missouri,2715215,2655614
2023,Critical Illness,California,9382100,5338337
2018,Long-term Care,California,12849090,13538196
2021,Critical Illness,Washington,5838023,4794330
2015,Accident Insurance,Maryland,3809889,2503994
2015,Dental & Vision,Florida,8507848,7676824
2021,Cancer Insurance,New Jersey,6276080,6254551
2020,Long-term Care,California,10734115,13049045
2019,Long-term Care,Illinois,6309486,7040343
2021,Long-term Care,Wisconsin,3377791,4229078
2019,Critical Illness,Virginia,4534203,2959082
2020,Indemnity Health,Wisconsin,3566138,3352499
2021,Long-term Care,Virginia,3432048,4202309
2017,Long-term Care,Massachusetts,4917488,4549168
2020,Cancer Insurance,Missouri,3505125,2950375
2017,Indemnity Health,Wisconsin,4172113,4610290
2015,Critical Illness,Pennsylvania,4496312,3243622
2020,Dental & Vision,Virginia,3960492,2976511
2015,Long-term Care,Pennsylvania,5408235,5237967
2020,Accident Insurance,Wisconsin,4260806,2670834
2022,Accident Insurance,Ohio,4028309,2891206
2018,Indemnity Health,Ohio,5796373,4421519
2023,Dental & Vision,Ohio,5701483,4151504
2016,Long-term Care,Washington,4508038,4617807
2019,Cancer Insurance,Massachusetts,5356713,3948201
2017,Critical Illness,New York,12310893,8012315
2015,Cancer Insurance,Virginia,3531043,2670245
2020,Long-term Care,Michigan,4626462,4768507
2020,Long-term Care,Wisconsin,2980419,3729737
2019,Accident Insurance,Ohio,3565328,2262182
2020,Indemnity Health,Texas,11377443,8917137
2016,Long-term Care,Illinois,4690611,5207050
2021,Cancer Insurance,Texas,8209947,6921024
2021,Accident Insurance,New Jersey,5943401,4250327
2024,Cancer Insurance,New York,11685257,10077606
2017,Dental & Vision,North Carolina,3329662,2605547
2015,Long-term Care,Arizona,4310849,4727619
2024,Cancer Insurance,Pennsylvania,4020132,3573294
2019,Accident Insurance,Wisconsin,3624460,2328239
2021,Accident Insurance,Pennsylvania,5425044,5401364
2018,Accident Insurance,Georgia,5033360,4970858
2018,Cancer Insurance,Missouri,2938609,1704191
2015,Accident Insurance,Pennsylvania,4567517,3273720
2021,Long-term Care,Maryland,3438261,3546409
2022,Long-term Care,Florida,8771188,8874944
2020,Dental & Vision,California,13835927,11516875
2022,Critical Illness,Texas,9708200,8110802
2024,Cancer Insurance,Illinois,4524078,3280199
2015,Dental & Vision,Massachusetts,4153283,3571919
2019,Critical Illness,California,14358461,7722728
2020,Critical Illness,Massachusetts,3665731,3214438
2015,Long-term Care,New York,12416170,12290865
2019,Indemnity Health,Maryland,4026938,3519729
2017,Indemnity Health,Virginia,3473911,3216460
2018,Long-term Care,Virginia,4933375,5478434
2021,Long-term Care,Georgia,3743800,3985416
2018,Dental & Vision,Virginia,4335492,3480322
2020,Critical Illness,North Carolina,3344992,2690953
2024,Accident Insurance,Wisconsin,2551324,1832343
2016,Dental & Vision,North Carolina,4132997,3327593
2021,Accident Insurance,Tennessee,2976746,2354732
2020,Dental & Vision,Wisconsin,4216278,3127641
2023,Critical Illness,Virginia,3553284,2336012
2016,Critical Illness,Indiana,2631447,1721354
2024,Accident Insurance,Washington,5925442,3940088
2023,Critical Illness,Tennessee,4280168,3146299
2022,Dental & Vision,Illinois,5397861,4996731
2022,Accident Insurance,Washington,5389396,5057671
2021,Dental & Vision,Washington,5066495,3446173
2023,Dental & Vision,California,12699109,10078906
2023,Indemnity Health,New Jersey,6040848,5410962
2023,Long-term Care,Ohio,4622254,4813354
2021,Accident Insurance,Massachusetts,5670665,4809724
2022,Dental & Vision,New Jersey,5693944,4557705
2018,Indemnity Health,Illinois,4997098,3599732
2020,Critical Illness,Wisconsin,3359393,2144830
2020,Indemnity Health,Ohio,5828960,5398028
2022,Critical Illness,Pennsylvania,6531694,3960708
2024,Long-term Care,Ohio,4899988,4894890
2024,Indemnity Health,Illinois,6433271,6121590
2016,Critical Illness,Arizona,4015913,3198218
2018,Dental & Vision,California,12539484,10989021
2018,Long-term Care,Missouri,3121643,2747365
2018,Accident Insurance,Arizona,3225979,3023552
2015,Cancer Insurance,Missouri,3769098,2047258
2019,Dental & Vision,Maryland,3244061,2955366
2018,Indemnity Health,New Jersey,6001592,5528847
2020,Indemnity Health,New York,8163179,8414039
2019,Indemnity Health,Tennessee,2545463,2077549
2019,Cancer Insurance,Michigan,4721248,3537985
2015,Critical Illness,Georgia,3963730,2684387
2017,Cancer Insurance,North Carolina,4647648,4309203
2016,Indemnity Health,California,14367247,11629084
2024,Cancer Insurance,Missouri,2947513,2841750
2016,Critical Illness,Pennsylvania,6602473,4726361
2015,Cancer Insurance,North Carolina,5063104,4022883
2021,Cancer Insurance,New York,12284563,7620071
2017,Dental & Vision,North Carolina,5672798,5155362
2024,Long-term Care,New York,8406440,10027951
2015,Critical Illness,Pennsylvania,5515198,3741218
2018,Long-term Care,Pennsylvania,6340890,7114983
2024,Critical Illness,Arizona,2853610,2587279
2024,Critical Illness,Florida,9755429,7869374
2015,Cancer Insurance,Tennessee,3559993,2422846
2016,Indemnity Health,Ohio,5906387,5865123
2023,Accident Insurance,Illinois,7394577,6612107
2024,Long-term Care,New Jersey,6261127,7826707
2016,Cancer Insurance,Michigan,4219690,3382132
2017,Cancer Insurance,California,13256831,10807992
2016,Cancer Insurance,Pennsylvania,4469395,3882526
2024,Critical Illness,Tennessee,3580874,2753944
2022,Indemnity Health,Ohio,3836784,3607940
2015,Dental & Vision,Georgia,4594140,3151178
2020,Indemnity Health,Washington,5733951,6191159
2019,Long-term Care,Washington,4706853,4977350
2018,Cancer Insurance,New Jersey,4396031,4180257
2023,Indemnity Health,Pennsylvania,4139447,4449091
2023,Long-term Care,New Jersey,6387050,6969176
2017,Cancer Insurance,Virginia,4259966,2577427
2016,Long-term Care,Virginia,3334717,3381642
2021,Indemnity Health,Illinois,4973703,5534816
2023,Indemnity Health,Missouri,2543006,2781633
2023,Long-term Care,Arizona,3290800,4127055
2020,Dental & Vision,Ohio,4182098,3871000
2020,Indemnity Health,Washington,5766159,5140294
2024,Critical Illness,Florida,8602973,6244905
2017,Indemnity Health,Illinois,6956509,6840398
2018,Accident Insurance,Pennsylvania,6775953,4908755
2019,Accident Insurance,Missouri,2923250,2556585
2015,Indemnity Health,Washington,4910949,3783555
2023,Long-term Care,California,14532487,14682904
2019,Accident Insurance,New Jersey,5742031,5006426
2022,Long-term Care,Pennsylvania,4397420,5824541
2015,Indemnity Health,Virginia,4200530,3286091
2015,Cancer Insurance,Ohio,5930465,4478124
2023,Cancer Insurance,Georgia,3427780,2774051
2022,Cancer Insurance,Wisconsin,4018387,3433304
2020,Accident Insurance,Texas,11210729,10829056
2015,Indemnity Health,Massachusetts,3940524,2882679
2016,Long-term Care,Illinois,7410022,7190647
2021,Cancer Insurance,Maryland,5112861,4001732
2022,Accident Insurance,Maryland,3579204,3448691
2015,Indemnity Health,Florida,7231028,6197563
2021,Long-term Care,Indiana,2449314,2640610
2023,Cancer Insurance,California,9837790,8089179
2016,Critical Illness,New York,10762611,8411411
2015,Indemnity Health,Texas,9553622,7251161
2019,Cancer Insurance,Ohio,4717469,3728819
2016,Cancer Insurance,California,14740048,10772955
2022,Accident Insurance,Michigan,4660152,3748257
2021,Cancer Insurance,Michigan,3686144,2988635
2017,Long-term Care,Wisconsin,4031622,4423388
2018,Indemnity Health,New York,10795977,10935609
2022,Critical Illness,Wisconsin,2427322,1522297
2020,Long-term Care,Arizona,3982274,4731742
2018,Accident Insurance,Wisconsin,3764473,2712333
2020,Cancer Insurance,Washington,5477761,4955724
2016,Critical Illness,Indiana,3002345,1780626
2015,Dental & Vision,Georgia,4574654,3607753
2023,Dental & Vision,California,11983505,11404728
2021,Indemnity Health,Wisconsin,3052532,2593998
2016,Indemnity Health,Georgia,4943857,4141672
2021,Accident Insurance,Washington,5595762,5129490
2022,Critical Illness,Missouri,3799897,2040113
2018,Critical Illness,Virginia,3834731,1936239
2020,Accident Insurance,Ohio,4615558,3573460
2021,Accident Insurance,Washington,4813204,4881713
2017,Critical Illness,Florida,6128011,4276483
2023,Indemnity Health,Wisconsin,3066285,2522006
2022,Accident Insurance,Michigan,3355434,2227925
2020,Accident Insurance,Pennsylvania,5428895,4614152
2022,Indemnity Health,Washington,5864554,5259328
2016,Indemnity Health,Tennessee,2946594,2930608
2024,Accident Insurance,Texas,7516717,4775995
2020,Dental & Vision,Illinois,5448838,5018101
2018,Accident Insurance,Pennsylvania,4685135,2956702
2023,Cancer Insurance,Virginia,3721783,3056884
2018,Long-term Care,Indiana,2776584,2481612
2022,Long-term Care,Illinois,7302096,8519030
2020,Critical Illness,Virginia,4374842,2496158
2020,Indemnity Health,Tennessee,3664251,3327532
2022,Critical Illness,Washington,5670805,4092169
2022,Indemnity Health,Michigan,4592822,4284314
2023,Accident Insurance,Michigan,4674670,4766620
2024,Indemnity Health,North Carolina,3397480,3392010
2022,Critical Illness,Wisconsin,4295819,2750672
2019,Long-term Care,Maryland,3678786,3620132
2023,Long-term Care,Washington,3757943,4225353
2018,Accident Insurance,California,9670685,9163460
2022,Accident Insurance,Michigan,3550804,3585562
2016,Critical Illness,North Carolina,4117956,2269138
2020,Critical Illness,Indiana,2256662,1570850
2021,Indemnity Health,New Jersey,4542612,4888248
2023,Accident Insurance,Wisconsin,3826797,3163226
2018,Cancer Insurance,Maryland,3448026,3069142
2016,Long-term Care,Illinois,7244564,7888731
2018,Critical Illness,New Jersey,6165683,3207354
2018,Long-term Care,Texas,9257202,8798033
2023,Accident Insurance,California,13673207,12559836
2023,Critical Illness,Indiana,3051914,2597111
2015,Cancer Insurance,Arizona,4807666,3680767
2019,Indemnity Health,California,14833224,10808274
2016,Critical Illness,Illinois,6307109,4000924
2020,Indemnity Health,Illinois,4729906,4158815
2020,Dental & Vision,New York,11716678,10346921
2017,Cancer Insurance,Missouri,3842444,3368705
2016,Long-term Care,Maryland,4803633,4868440
2019,Long-term Care,Texas,8314541,8784344
2019,Dental & Vision,North Carolina,5538959,4722850
2015,Indemnity Health,Pennsylvania,4410658,3508877
2019,Indemnity Health,Michigan,3999106,2782612
2019,Dental & Vision,New Jersey,5111438,3567659
2017,Critical Illness,Massachusetts,5653270,3304980
2021,Accident Insurance,Ohio,5031716,5202218
2024,Long-term Care,Florida,9622230,11892008
2021,Dental & Vision,Ohio,4177577,4039211
2017,Cancer Insurance,New York,12030083,10859402
2017,Cancer Insurance,Illinois,5457860,3975245
2018,Dental & Vision,Virginia,3978136,2854855
2021,Dental & Vision,Wisconsin,2604667,1942106
2017,Accident Insurance,Tennessee,3658615,2423457
2024,Accident Insurance,Florida,7737315,5757222
2022,Dental & Vision,New York,9555274,7557921
2015,Indemnity Health,Georgia,4930651,4330249
2019,Long-term Care,Washington,4633986,5340342
2018,Long-term Care,Missouri,3849412,4407460
2020,Dental & Vision,Texas,10608803,9868409
2021,Cancer Insurance,Maryland,4710365,4154886
2021,Long-term Care,Wisconsin,3948831,4541082
2015,Indemnity Health,Tennessee,3175957,2697948
2016,Accident Insurance,Michigan,3352529,1943634
2017,Cancer Insurance,California,12053192,9793824
2022,Accident Insurance,Florida,9601348,7340818
2023,Accident Insurance,Massachusetts,3924423,4210116
2017,Cancer Insurance,Arizona,3594172,2997272
2020,Critical Illness,Texas,8247865,5264030
2024,Cancer Insurance,Michigan,3266702,2867636
2024,Long-term Care,Indiana,2837945,3297065
2018,Critical Illness,Texas,10944070,8213777
2024,Dental & Vision,Washington,4204776,3781869
2023,Long-term Care,Texas,11585193,12061672
2020,Indemnity Health,California,13727826,11515422
2020,Accident Insurance,Ohio,3511504,2558142
2023,Accident Insurance,Maryland,4995693,3790792
2015,Cancer Insurance,New York,9025350,6635937
2023,Accident Insurance,Indiana,2500156,1613283
2015,Long-term Care,Arizona,3783586,3308090
2015,Cancer Insurance,Arizona,4347325,3341961
2022,Long-term Care,Ohio,5744567,5652500
2016,Dental & Vision,Texas,8155645,7571735
2021,Accident Insurance,Georgia,4207651,3271652
2015,Critical Illness,North Carolina,3564245,3161027
2015,Indemnity Health,New York,8825588,6769426
2018,Long-term Care,New York,8427219,9147133
2020,Critical Illness,Georgia,4675619,2700015
2019,Long-term Care,California,14720683,17589749
2022,Indemnity Health,Michigan,4510492,3548004
2019,Long-term Care,New Jersey,4712294,5375265
2020,Accident Insurance,Florida,7054368,7066821
2022,Indemnity Health,Georgia,4103361,3763531
2023,Long-term Care,Florida,9783711,9136685
2020,Cancer Insurance,Texas,7960285,5807457
2017,Indemnity Health,Maryland,3758068,2977848
2019,Critical Illness,Indiana,3794328,2835261
2017,Critical Illness,Missouri,4008492,2986903
2019,Cancer Insurance,Michigan,3702761,3029586
2017,Indemnity Health,Georgia,4192169,3034139
2019,Cancer Insurance,Arizona,3008832,2443127
2023,Critical Illness,Massachusetts,4739205,3175183
2022,Accident Insurance,Indiana,2556235,1786687
2021,Critical Illness,Wisconsin,2457633,1743748
2018,Cancer Insurance,Arizona,3298081,2653628
2019,Dental & Vision,Pennsylvania,5266369,3899454
2021,Critical Illness,Georgia,4607328,2533329
2022,Long-term Care,Washington,4858135,4662509
2020,Dental & Vision,Maryland,3534253,2559562
2024,Accident Insurance,Georgia,3890313,3426315
2022,Critical Illness,California,13590940,10503405
2024,Cancer Insurance,Florida,9395091,8873808
2017,Dental & Vision,New York,8810232,7716660
2023,Indemnity Health,Ohio,4006533,4178770
2019,Long-term Care,Michigan,4566301,5136701
2022,Indemnity Health,Ohio,4485388,4355289
2020,Critical Illness,California,10673252,7674289
2020,Critical Illness,Ohio,4481188,3182910
2023,Dental & Vision,Texas,7724397,6533246
2016,Cancer Insurance,Michigan,3176749,1754888
2015,Cancer Insurance,New Jersey,4814762,3730109
2019,Indemnity Health,Ohio,4341260,3835041
2017,Long-term Care,Florida,6214730,6547513
2017,Accident Insurance,Michigan,3657573,3038664
2024,Indemnity Health,Missouri,2543139,2362103
2017,Indemnity Health,California,12364809,11057373
2019,Dental & Vision,Pennsylvania,5210852,4793782
2015,Indemnity Health,New York,8813114,8069373
2015,Long-term Care,New Jersey,6144748,6515757
2018,Critical Illness,Illinois,6342093,3600910
2023,Dental & Vision,California,9449274,6911609
2019,Dental & Vision,Indiana,2661039,2555117
2019,Dental & Vision,Georgia,3790731,3488779
2020,Cancer Insurance,Arizona,4358957,3798051
2023,Accident Insurance,North Carolina,4595983,3957264
2024,Long-term Care,Virginia,4314273,4513422
2019,Long-term Care,Maryland,3995049,4532653
2017,Critical Illness,Indiana,2897563,1672376
2023,Cancer Insurance,Wisconsin,4189444,3005199
2022,Accident Insurance,Indiana,3731172,2957403
2023,Critical Illness,Arizona,4478410,3178083
2015,Accident Insurance,Missouri,2307767,1927705
2019,Accident Insurance,Washington,4651999,3190208
2020,Accident Insurance,Pennsylvania,4057716,3772172
2023,Dental & Vision,Tennessee,2559738,1970803
2023,Critical Illness,New Jersey,5729896,3408495
2023,Long-term Care,Washington,3534764,3295456
2019,Cancer Insurance,Massachusetts,5680533,3881122
2024,Long-term Care,Missouri,2512572,2378469
2017,Dental & Vision,Florida,6362578,5576214
2024,Cancer Insurance,California,14744959,13512571
2019,Critical Illness,Missouri,3143413,1798945
2017,Long-term Care,Michigan,3748432,3705391
2020,Accident Insurance,Pennsylvania,5173045,3302947
2022,Dental & Vision,Tennessee,4396887,3003133
2015,Long-term Care,New York,10993269,10348428
2024,Cancer Insurance,Washington,3989097,3217272
2017,Critical Illness,Michigan,4205008,3508075
2023,Long-term Care,Wisconsin,3252162,3100677
2024,Critical Illness,North Carolina,5684315,4198945
2022,Accident Insurance,Missouri,3925152,2703774
2017,Long-term Care,New York,10334554,11539947
2023,Accident Insurance,Washington,3809115,3084461
2016,Accident Insurance,Missouri,3549438,2371396
2020,Dental & Vision,Michigan,4238920,3100342
2018,Long-term Care,Washington,5807042,5913322
2020,Dental & Vision,Indiana,3010179,2329875
2018,Critical Illness,North Carolina,5339182,3549453
2017,Indemnity Health,Arizona,3902282,3350574
2021,Long-term Care,Illinois,5319614,6637036
2016,Indemnity Health,North Carolina,5181981,4080441
2022,Accident Insurance,Texas,11761012,8731925
2019,Dental & Vision,Illinois,4741806,3745242
2015,Long-term Care,Maryland,3237417,3097533
2016,Critical Illness,Michigan,3845030,2829934
2023,Dental & Vision,Maryland,5122122,4630860
2023,Indemnity Health,Arizona,4073558,3395629
2018,Dental & Vision,Texas,9911471,7326651
2020,Indemnity Health,Massachusetts,4036203,3869146
2020,Indemnity Health,New York,12592780,12520792
2022,Indemnity Health,New York,9288153,8331428
2020,Long-term Care,Ohio,5715487,6081343
2019,Cancer Insurance,Wisconsin,3825060,2248066
2022,Long-term Care,Arizona,4048460,3711296
2015,Critical Illness,Florida,7504671,5775301
2023,Dental & Vision,Wisconsin,3007426,2413716
2015,Cancer Insurance,Pennsylvania,5295975,4510794
2020,Long-term Care,Washington,4994206,6391999
2018,Long-term Care,Georgia,5360500,5260864
2022,Indemnity Health,North Carolina,5741005,5101027
2024,Indemnity Health,Washington,3512715,3512128
2017,Critical Illness,Washington,5709488,4205205
2021,Indemnity Health,Washington,4757704,4865210
2019,Critical Illness,Maryland,4220750,2380432
2022,Accident Insurance,New York,11034034,9986095
2017,Indemnity Health,Florida,9320288,6787657
2016,Dental & Vision,Florida,7487562,5525922
2022,Long-term Care,North Carolina,5521018,5348775
2024,Long-term Care,Illinois,4916591,5492797
2020,Cancer Insurance,California,13969694,9116304
2019,Dental & Vision,Washington,3930031,3803907
2015,Long-term Care,Florida,9265426,9220573
2022,Accident Insurance,New York,8054604,7461777
2015,Critical Illness,Virginia,4713984,2978609
2021,Dental & Vision,Maryland,4621411,4057703
2018,Critical Illness,Ohio,5382270,3987952
2016,Cancer Insurance,Wisconsin,3628273,3108557
2020,Long-term Care,Michigan,3691436,3635642
2019,Indemnity Health,Maryland,4795037,3991951
2022,Long-term Care,Georgia,4416076,4530044
2021,Accident Insurance,Missouri,3473047,2710018
2021,Critical Illness,California,10456423,8846151
2015,Indemnity Health,Missouri,3938977,3990097
2024,Cancer Insurance,New Jersey,4431957,2640660
2021,Cancer Insurance,Michigan,3139862,2074050
2020,Indemnity Health,Pennsylvania,5682141,5210717
2023,Critical Illness,Washington,4247868,2586322
2022,Critical Illness,Michigan,4803361,3765336
2020,Dental & Vision,North Carolina,3344563,2623700
2016,Cancer Insurance,California,12631677,7166848
2017,Cancer Insurance,Florida,8542416,5003823
2023,Accident Insurance,Illinois,7117549,4574414
2015,Dental & Vision,Virginia,4447574,4051741
2024,Accident Insurance,Indiana,2737673,2087400
2022,Critical Illness,Ohio,4961516,2646641
2019,Indemnity Health,Pennsylvania,6573392,5815783
2016,Cancer Insurance,California,11537615,10659742
2020,Dental & Vision,Virginia,3584082,2544487
2015,Long-term Care,Michigan,4258361,4100015
2019,Accident Insurance,Wisconsin,3344746,2293449
2019,Long-term Care,Missouri,3116143,2527337
2020,Indemnity Health,Washington,4218718,4500306
2015,Indemnity Health,Maryland,5046600,4708703
2019,Dental & Vision,North Carolina,5220937,5118199
2020,Dental & Vision,Washington,5203064,3901003
2024,Accident Insurance,Georgia,4752545,4457546
2019,Long-term Care,Missouri,3372083,4258846
2017,Indemnity Health,Washington,4962412,4788526
2017,Dental & Vision,Washington,3585958,2953387
2023,Long-term Care,North Carolina,4068289,4302248
2022,Indemnity Health,New Jersey,5870072,6416117
2017,Accident Insurance,New York,8569961,7802617
2018,Long-term Care,California,12800569,15692618
2020,Dental & Vision,Illinois,4527802,4064182
2020,Dental & Vision,Illinois,5032153,4576563
2024,Critical Illness,Missouri,2856045,1753769
2016,Accident Insurance,Illinois,5882795,3850438
2024,Dental & Vision,Illinois,7371635,7432035
2023,Dental & Vision,New York,12046536,8968646
2016,Long-term Care,Maryland,4352263,3778855
2024,Cancer Insurance,New York,9246098,6253975
2022,Critical Illness,Wisconsin,2871007,2322007
2017,Accident Insurance,Texas,7610134,6339556
2018,Critical Illness,Washington,3760507,2082011
2017,Long-term Care,New York,10947610,10111631
2017,Dental & Vision,Virginia,4061801,3198827
2015,Accident Insurance,Massachusetts,6024899,3686562
2020,Indemnity Health,Tennessee,3573012,2544969
2024,Accident Insurance,Florida,9363965,7452781
2019,Long-term Care,New Jersey,4370563,3805135
2020,Indemnity Health,Maryland,4214509,4279759
2018,Long-term Care,California,10984726,9586852
2020,Dental & Vision,Ohio,5873344,5744278
2016,Accident Insurance,Tennessee,4031701,3736736
2023,Cancer Insurance,New York,8938713,8770917
2020,Accident Insurance,Illinois,7498348,6600131
2023,Long-term Care,Washington,4437379,4661564
2016,Cancer Insurance,Illinois,6978998,6047018
2024,Critical Illness,Florida,9213751,5822614
2017,Accident Insurance,Pennsylvania,6770086,5273069
2022,Long-term Care,Michigan,4412605,5530806
2015,Indemnity Health,Washington,4583608,4047137
2018,Accident Insurance,Massachusetts,4719919,3511037
2022,Critical Illness,New Jersey,3882826,2005345
2017,Long-term Care,Ohio,4071308,4161198
2022,Long-term Care,Michigan,3166721,3767068
2017,Accident Insurance,Michigan,3260291,2795001
2015,Long-term Care,Florida,9399068,10875927
2017,Dental & Vision,Arizona,3583524,2403044
2018,Indemnity Health,Georgia,3134000,2982465
2020,Long-term Care,Washington,5235695,6307233
2022,Dental & Vision,Florida,6358127,5018192
2015,Critical Illness,Michigan,4391301,2719755
2018,Critical Illness,Michigan,4237337,3803913
2019,Long-term Care,Pennsylvania,6385313,6291576
2024,Dental & Vision,Ohio,4199408,3908431
2021,Dental & Vision,New Jersey,5507930,4211013
2019,Cancer Insurance,Georgia,5460982,3542084
2015,Long-term Care,California,9338310,9133285
2022,Critical Illness,Massachusetts,5282634,2986874
2018,Long-term Care,Michigan,4995533,4430995
2021,Dental & Vision,Arizona,4865749,3684780
2024,Dental & Vision,North Carolina,5240637,5285619
2023,Dental & Vision,Wisconsin,3959929,3532201
2020,Dental & Vision,Indiana,2835319,2704455
2023,Indemnity Health,New Jersey,4527670,4547188
2018,Dental & Vision,Pennsylvania,4572739,3832374
2021,Dental & Vision,New Jersey,5678547,4951649
2023,Indemnity Health,Tennessee,3946028,4240438
2017,Accident Insurance,Illinois,5004335,4088150
2016,Indemnity Health,Maryland,4680497,3593041
2017,Long-term Care,Arizona,4112162,3852737
2018,Critical Illness,Washington,5522333,4012761
2015,Accident Insurance,Arizona,4110718,3564662
2017,Critical Illness,Virginia,4189931,2342373
2021,Indemnity Health,New York,12076509,11576642
2018,Accident Insurance,Indiana,2444475,1891423
2016,Long-term Care,California,9443460,11399430
2015,Accident Insurance,Missouri,3204404,2217283
2021,Cancer Insurance,New Jersey,4934752,4924468
2023,Cancer Insurance,Michigan,4628165,4118234
2021,Dental & Vision,Michigan,4888233,3568652
2020,Accident Insurance,Arizona,4112011,3995699
2022,Critical Illness,Ohio,4919326,4062946
2015,Indemnity Health,Virginia,4508443,4370585
2022,Long-term Care,New York,9795220,10065656
2021,Long-term Care,Maryland,4579070,4220325
2022,Long-term Care,Florida,6255656,7627038
2016,Long-term Care,North Carolina,3671476,4079808
2024,Dental & Vision,Illinois,5144394,4051591
2021,Accident Insurance,Missouri,2394243,1833047
2021,Cancer Insurance,New Jersey,3942469,2684185
2018,Accident Insurance,New Jersey,5036904,4779062
2018,Cancer Insurance,Florida,8354105,5906073
2015,Cancer Insurance,Florida,8469828,5325382
2024,Accident Insurance,Indiana,3646024,2516608
2019,Accident Insurance,Wisconsin,3562505,2746488
2019,Dental & Vision,Wisconsin,3256398,2719741
2019,Long-term Care,Virginia,3544713,4212138
2018,Dental & Vision,Illinois,6440959,5686747
2023,Long-term Care,Pennsylvania,4505383,4427309
2021,Critical Illness,Wisconsin,2883112,2066275
2017,Indemnity Health,Ohio,4984504,4883408
2022,Cancer Insurance,New York,11384933,7301696
2016,Dental & Vision,North Carolina,4471296,3249720
2022,Accident Insurance,Washington,4323960,3433996
2015,Critical Illness,Washington,4814839,2843227
2017,Long-term Care,Georgia,3472335,3798267
2021,Critical Illness,Pennsylvania,6825355,5546533
2023,Critical Illness,Georgia,3427846,3040449
2022,Indemnity Health,New York,9699005,8110264
2024,Cancer Insurance,Massachusetts,6029917,3588923
2023,Dental & Vision,Missouri,2845249,2105765
2019,Accident Insurance,New Jersey,5850447,5264707
2016,Accident Insurance,Virginia,3320951,2819687
2023,Cancer Insurance,Ohio,5850091,4900946
2016,Critical Illness,Florida,8861068,6630876
2023,Critical Illness,California,14420935,8445958
2018,Indemnity Health,Georgia,3780425,2942637
2024,Indemnity Health,Illinois,4942090,5086147
2021,Dental & Vision,Florida,8192517,6276783
2017,Long-term Care,North Carolina,3759883,3131009
2023,Critical Illness,Missouri,3620318,2924661
2018,Dental & Vision,Florida,8513589,5836214
2015,Dental & Vision,Maryland,3184708,2589269
2015,Dental & Vision,Michigan,3824044,3060391
2017,Indemnity Health,Georgia,3901690,3626930
2023,Dental & Vision,Georgia,3293895,3205219
2018,Dental & Vision,New Jersey,6277355,5071083
2023,Critical Illness,Pennsylvania,6145915,3468400
2015,Accident Insurance,New Jersey,5324417,4050671
2023,Long-term Care,Missouri,3834962,4707372
2016,Cancer Insurance,New York,9246601,8582786
2019,Cancer Insurance,Florida,6209373,5777887
2024,Indemnity Health,Ohio,5922644,5162244
2023,Accident Insurance,Michigan,3184401,2722887
2021,Long-term Care,Virginia,3675256,3790247
2022,Accident Insurance,Missouri,3648699,3249570
2023,Cancer Insurance,Pennsylvania,5252216,4319670
2016,Critical Illness,New York,10678756,8978612
2016,Accident Insurance,Indiana,3219508,2763038
2018,Critical Illness,North Carolina,3966046,2709028
2019,Dental & Vision,Tennessee,3780080,2962043
2023,Dental & Vision,New York,11585029,9700446
2024,Critical Illness,Indiana,2394849,1549651
2021,Critical Illness,Washington,5918446,5111428
2018,Long-term Care,Texas,8872602,8963742
2015,Accident Insurance,Illinois,4878240,3456811
2022,Dental & Vision,New Jersey,5353107,4017665
2023,Long-term Care,Pennsylvania,6891333,5931808
2018,Dental & Vision,Missouri,3380138,2396238
2024,Long-term Care,California,11539612,12904169
2022,Cancer Insurance,California,13952714,12176521
2019,Critical Illness,Virginia,4344614,2854100
2022,Indemnity Health,Georgia,5401464,5664496
2015,Indemnity Health,New York,8493868,7195630
2024,Indemnity Health,Michigan,3893971,4013592
2016,Cancer Insurance,Illinois,4655261,3374009
2017,Critical Illness,Massachusetts,3737127,2375173
2021,Critical Illness,Washington,5399470,4002237
2017,Long-term Care,New Jersey,6214555,5910760
2022,Indemnity Health,Washington,4971125,5197732
2022,Critical Illness,California,14317945,11416029
2020,Dental & Vision,Florida,6055906,4703222
2024,Critical Illness,Georgia,4460444,2510111
2021,Long-term Care,Georgia,3987915,3842112
2019,Cancer Insurance,Florida,8544221,8160898
2021,Indemnity Health,North Carolina,3575662,3111562
2022,Accident Insurance,Maryland,4950235,4312929
2022,Long-term Care,Georgia,4707400,4572983
2016,Dental & Vision,Ohio,5857425,4933467
2016,Dental & Vision,Virginia,5262436,3212747
2019,Dental & Vision,New Jersey,4830261,3340795
2015,Accident Insurance,North Carolina,4683087,2754626
2015,Long-term Care,Michigan,3705237,4530870
2023,Dental & Vision,Arizona,4853097,4210813
2019,Indemnity Health,Wisconsin,4227677,4110567
2017,Dental & Vision,Pennsylvania,4068031,2556248
2020,Dental & Vision,New Jersey,4479704,4136124
2016,Cancer Insurance,Indiana,3893812,2276920
2017,Long-term Care,Massachusetts,5823128,5234910
2015,Cancer Insurance,Georgia,3276454,2200344
2020,Critical Illness,Indiana,2224285,1489750
2017,Cancer Insurance,Maryland,3577442,2561217
2017,Indemnity Health,Massachusetts,5826630,4337549
2016,Critical Illness,Missouri,2902760,2506321
2018,Critical Illness,Texas,10328774,7377418
2020,Dental & Vision,North Carolina,4122192,2933461
2019,Cancer Insurance,Indiana,2936444,1651636
2015,Indemnity Health,Ohio,4181581,4574512
2016,Dental & Vision,Tennessee,4315830,3984559
2022,Cancer Insurance,Michigan,4023854,2949759
2016,Dental & Vision,Michigan,4010828,2599250
2020,Dental & Vision,Florida,8095319,7240930
2021,Accident Insurance,Georgia,4788363,4106311
2023,Dental & Vision,Texas,8530636,7126252
2023,Cancer Insurance,Florida,6718357,4562183
2022,Dental & Vision,New York,8430780,7052565
2015,Cancer Insurance,Maryland,4733511,3136726
2016,Critical Illness,Indiana,3316716,1678754
2019,Accident Insurance,Tennessee,4288010,2872522
2016,Cancer Insurance,Wisconsin,3952063,2671846
2015,Accident Insurance,California,12623339,8704601
2022,Critical Illness,Illinois,6144633,4064589
2015,Indemnity Health,Michigan,3168983,2322044
2015,Indemnity Health,Tennessee,4103818,3722651
2021,Accident Insurance,Michigan,4944441,3454208
2021,Long-term Care,North Carolina,5509501,7072869
2023,Long-term Care,Indiana,3097306,3109963
2016,Cancer Insurance,Missouri,3982727,2739105
2024,Long-term Care,Wisconsin,4261533,5026952
2020,Critical Illness,Pennsylvania,6801898,4420659
2024,Indemnity Health,New Jersey,5961505,6016274
2022,Long-term Care,Massachusetts,3606023,3480370
2023,Dental & Vision,New Jersey,4383600,3451581
2022,Accident Insurance,Tennessee,3715726,3397270
2017,Cancer Insurance,Texas,9004419,7127433
2016,Critical Illness,Texas,9324215,4859059
2022,Cancer Insurance,Wisconsin,2489947,1715470
2020,Accident Insurance,Ohio,5419859,5002421
2017,Accident Insurance,New Jersey,5521595,3624423
2021,Cancer Insurance,Massachusetts,5650189,4083693
2020,Critical Illness,Arizona,3388079,1917969
2022,Dental & Vision,Indiana,3916506,3335187
2022,Long-term Care,New York,8270763,7018945
2015,Critical Illness,Tennessee,3898160,2107109
2022,Indemnity Health,Georgia,5037504,4588451
2017,Accident Insurance,Georgia,4110783,3829712
2018,Dental & Vision,Michigan,4569962,3926776
2015,Cancer Insurance,Virginia,3400504,2822723
2023,Long-term Care,Missouri,3504788,3615339
2016,Critical Illness,Maryland,3333643,2040684
2017,Indemnity Health,Massachusetts,5902256,4883585
2018,Cancer Insurance,New York,9503626,6193830
2018,Cancer Insurance,California,12089418,7732104
2023,Cancer Insurance,Ohio,4257135,2833177
2023,Indemnity Health,Florida,7474053,6812807
2024,Critical Illness,New Jersey,6045537,4923041
2021,Accident Insurance,Michigan,3172195,2546804
2017,Dental & Vision,Texas,9781386,8592706
2020,Long-term Care,Missouri,2521963,2722533
2018,Accident Insurance,Wisconsin,3184284,2351225
2018,Critical Illness,Pennsylvania,5707647,3535162
2019,Critical Illness,Arizona,3736226,2823504
2016,Accident Insurance,Maryland,4023832,3979281
2015,Accident Insurance,Washington,4227334,3077430
2017,Dental & Vision,New Jersey,4202194,3957072
2024,Long-term Care,Indiana,3542020,4168586
2020,Indemnity Health,North Carolina,5622457,5040465
2022,Indemnity Health,California,10747046,12086181
2021,Accident Insurance,New Jersey,6386109,4072678
2015,Indemnity Health,Indiana,3964555,4023893
2023,Long-term Care,Pennsylvania,5331017,5612723
2021,Accident Insurance,Virginia,4124431,2711830
2019,Accident Insurance,Virginia,5255446,4368382
2018,Indemnity Health,Illinois,6809990,5014760
2015,Indemnity Health,Wisconsin,4214177,4144049
2017,Critical Illness,Virginia,4297678,2402263
2021,Accident Insurance,Pennsylvania,5069835,4649876
2021,Accident Insurance,New York,12236886,10850726
2015,Dental & Vision,New Jersey,4394228,3187424
2023,Critical Illness,California,13163110,8886091
2024,Indemnity Health,New Jersey,6176194,6917109
2017,Long-term Care,Missouri,3786625,3560192
2018,Indemnity Health,New York,8397895,6620597
2021,Cancer Insurance,Virginia,5471484,4542747
2018,Dental & Vision,Florida,7288726,5161213
2016,Dental & Vision,Virginia,5007533,3443018
2021,Critical Illness,Indiana,2417238,1336036
2019,Long-term Care,Texas,11970033,10364173
2022,Cancer Insurance,Arizona,2889156,1731235
2018,Accident Insurance,New Jersey,4723013,3764137
2022,Accident Insurance,New York,11975092,9518681
2020,Cancer Insurance,New Jersey,6290273,5104227
2020,Accident Insurance,Michigan,3285952,2192295
2019,Dental & Vision,Wisconsin,2988595,2701918
2017,Cancer Insurance,Ohio,5891207,4000169
2019,Dental & Vision,Wisconsin,2595054,2199229
2016,Dental & Vision,Tennessee,3921656,3000133
2020,Indemnity Health,Arizona,2830421,2581207
2021,Long-term Care,New Jersey,5129945,5758732
2015,Indemnity Health,Massachusetts,5940727,5874222
2016,Dental & Vision,Ohio,5772065,4351672
2023,Dental & Vision,North Carolina,4940750,4145475
2017,Accident Insurance,California,9187740,6536693
2019,Cancer Insurance,Michigan,3704480,2930413
2016,Long-term Care,Washington,3546040,3862992
2017,Indemnity Health,Arizona,2943551,3030096
2016,Dental & Vision,Florida,9447136,7871767
2016,Dental & Vision,Ohio,5071373,4357342
2023,Cancer Insurance,New York,12988149,8212842
2020,Dental & Vision,Ohio,3981326,3184506
2022,Accident Insurance,New York,10092170,9377288
2021,Critical Illness,Ohio,4452196,3865440
2016,Critical Illness,Texas,9778966,7895723
2016,Long-term Care,Florida,7766035,9249871
2020,Critical Illness,California,14395689,11825039
2019,Critical Illness,Missouri,3702649,2664568
2021,Critical Illness,New Jersey,5990883,4635467
2021,Cancer Insurance,Illinois,6097765,4164771
2020,Long-term Care,Virginia,3674225,4123707
2016,Long-term Care,New York,10074958,10875971
2022,Accident Insurance,Michigan,3940511,3642789
2020,Critical Illness,Florida,6454477,4164085
2018,Cancer Insurance,Illinois,4509717,3399153
2018,Indemnity Health,Illinois,6974166,6885481
2020,Accident Insurance,Washington,5312049,4986826
2020,Critical Illness,Wisconsin,2660833,2137425
2021,Dental & Vision,Missouri,3583273,2775412
2023,Cancer Insurance,Arizona,4933786,4933092
2022,Dental & Vision,North Carolina,4165290,3998949
2019,Dental & Vision,Washington,4060152,3266958
2021,Cancer Insurance,Ohio,5943985,4254748
2023,Critical Illness,Tennessee,4348991,3598395
2022,Critical Illness,Tennessee,3336613,1760716
2022,Dental & Vision,Illinois,7333068,5763257
2017,Long-term Care,Maryland,3502062,4495822
2023,Accident Insurance,Wisconsin,3792531,3739641
2017,Dental & Vision,California,9261724,8129271
2017,Long-term Care,Washington,5366783,4969295
2024,Critical Illness,Illinois,6790230,6032676
2019,Long-term Care,North Carolina,5715325,6738859
2017,Cancer Insurance,Georgia,4030859,3009095
2018,Dental & Vision,Arizona,4670985,4122445
2017,Dental & Vision,Maryland,3744795,2422986
2021,Accident Insurance,Washington,4713934,3887809
2020,Long-term Care,Massachusetts,4730593,4633664
2018,Critical Illness,New Jersey,4201166,2687541
2019,Dental & Vision,Georgia,3190459,2455618
2020,Dental & Vision,Virginia,5418900,3922818
2020,Long-term Care,North Carolina,5540409,5996107
2024,Accident Insurance,Virginia,3958846,2978996
2023,Long-term Care,North Carolina,5632651,5608191
2019,Cancer Insurance,Georgia,3183946,1949887
2024,Long-term Care,Massachusetts,5787641,6301871
2024,Long-term Care,Massachusetts,5513686,5124448
2018,Cancer Insurance,Georgia,5405923,4739627
2024,Critical Illness,Georgia,3733831,3164916
2020,Dental & Vision,Georgia,3602747,2741513
2020,Cancer Insurance,Washington,4419039,3155477
2021,Critical Illness,Maryland,4556499,2998089
2024,Critical Illness,New York,8329757,5177836
2015,Accident Insurance,Tennessee,4182579,2718940
2022,Indemnity Health,Illinois,5639702,6084527
2016,Indemnity Health,Washington,3820936,3624846
2021,Critical Illness,Washington,3549835,3113940
2024,Indemnity Health,Virginia,5399820,4532195
2021,Indemnity Health,Michigan,3340080,3105190
2017,Cancer Insurance,Illinois,6273522,5192443
2021,Dental & Vision,Missouri,2803301,2143695
2018,Cancer Insurance,Michigan,4421110,3051438
2015,Long-term Care,Maryland,4600473,4865770
2021,Indemnity Health,Wisconsin,2823713,2575374
2023,Accident Insurance,Missouri,3122866,2993389
2024,Long-term Care,New York,9898011,10029697
2022,Cancer Insurance,Massachusetts,5050292,3952891
2019,Dental & Vision,Florida,8853054,6582103
2022,Indemnity Health,North Carolina,3352570,3198862
2024,Indemnity Health,Wisconsin,2617120,2861290
2016,Accident Insurance,Illinois,4962697,4745518
2022,Long-term Care,Texas,9976368,9562187
2017,Indemnity Health,Massachusetts,4365931,4042280
2015,Cancer Insurance,Illinois,6905012,4882218
2023,Cancer Insurance,Arizona,3966040,3373755
2016,Critical Illness,California,11747602,6062189
2023,Dental & Vision,Tennessee,2769340,2728478
2020,Cancer Insurance,Maryland,3294146,2820661
2019,Dental & Vision,Florida,8485171,7536425
2015,Indemnity Health,Massachusetts,4224906,4533620
2021,Dental & Vision,Maryland,4808515,4591238
2015,Dental & Vision,Indiana,3694491,2861965
2021,Cancer Insurance,Georgia,3356089,2379272
2018,Accident Insurance,Virginia,5067178,3761918
2017,Dental & Vision,Michigan,3518053,2638862
2020,Accident Insurance,Massachusetts,5053431,3129793
2021,Long-term Care,North Carolina,3241136,3744440
2024,Cancer Insurance,Indiana,2682436,2531146
2015,Accident Insurance,Maryland,4000279,2869424
2021,Dental & Vision,New York,12428122,10863128
2022,Long-term Care,Indiana,3142301,3164559
2021,Long-term Care,Tennessee,2525036,2391729
2017,Dental & Vision,Indiana,2367708,2098089
2016,Accident Insurance,Arizona,4686065,4331353
2021,Dental & Vision,Virginia,4056327,3013537
2017,Dental & Vision,Tennessee,4487524,3213128
2016,Dental & Vision,Virginia,4078813,3644359
2021,Cancer Insurance,Indiana,2525094,1639771
2024,Indemnity Health,Ohio,5543273,5188507
2017,Long-term Care,Massachusetts,5570354,4685890
2021,Long-term Care,Massachusetts,3790597,3891586
2021,Critical Illness,Ohio,5752362,3745449
2019,Cancer Insurance,Massachusetts,3985966,3567833
2023,Accident Insurance,Virginia,4535942,3650015
2020,Critical Illness,Texas,9835431,7672267
2023,Cancer Insurance,North Carolina,3904768,2497984
2020,Long-term Care,Arizona,3143516,3726187
2023,Cancer Insurance,Maryland,3382009,2939398
2024,Long-term Care,Wisconsin,2656177,3219651
2019,Cancer Insurance,Illinois,6866857,5817796
2022,Indemnity Health,Michigan,3838574,3448392
2020,Critical Illness,Washington,3854394,3044671
2017,Dental & Vision,Illinois,6289842,4103169
2016,Dental & Vision,Missouri,2546050,1821796
2023,Dental & Vision,Michigan,4587137,4613568
2018,Cancer Insurance,Illinois,5027060,2671267
2015,Long-term Care,Tennessee,2933798,3143704
2019,Cancer Insurance,Massachusetts,5876459,5495497
2021,Long-term Care,Indiana,3396801,3520485
2017,Indemnity Health,Pennsylvania,5926534,5588083
2016,Cancer Insurance,Wisconsin,3194658,2663776
2022,Critical Illness,Maryland,4211858,3494946
2020,Indemnity Health,Ohio,5392910,5209855
2017,Cancer Insurance,Tennessee,4290579,3094749
2018,Indemnity Health,Virginia,3697089,2997510
2018,Indemnity Health,North Carolina,3728827,2726331
2015,Indemnity Health,North Carolina,5797368,5060696
2016,Cancer Insurance,Ohio,4942200,3508129
2020,Critical Illness,New York,12316738,6704466
2024,Critical Illness,Washington,4327631,3226017
2022,Accident Insurance,New York,10138392,9435544
2021,Dental & Vision,Wisconsin,2791541,2112936
2017,Long-term Care,New Jersey,4219822,3827444
2023,Critical Illness,Maryland,3230042,2860800
2020,Indemnity Health,New Jersey,6014533,4927318
2018,Critical Illness,California,14849655,9100076
2016,Indemnity Health,Michigan,4726616,3443959
2016,Critical Illness,Indiana,3664529,2518265
2020,Cancer Insurance,Arizona,3223740,2661440
2016,Cancer Insurance,Georgia,3444142,2909377
2023,Dental & Vision,California,14494528,12862339
2020,Dental & Vision,Illinois,7069512,6818359
2022,Cancer Insurance,Texas,11241971,9740748
2024,Accident Insurance,Georgia,3860852,3915561
2018,Accident Insurance,California,11225994,7257516
2021,Critical Illness,Wisconsin,2913598,2124747
2023,Long-term Care,Maryland,3560603,3502980
2021,Long-term Care,Texas,8633031,9229392
2018,Indemnity Health,Virginia,4823612,3960752
2022,Critical Illness,Arizona,2984349,1719204
2023,Dental & Vision,Missouri,3522781,3175341
2020,Critical Illness,Georgia,3089513,2310193
2015,Critical Illness,North Carolina,5543067,2816106
2022,Critical Illness,New York,10031551,6114666
2024,Cancer Insurance,Arizona,4190598,2950368
2024,Long-term Care,Florida,8953455,9411735
2021,Dental & Vision,New York,8805548,6619517
2017,Cancer Insurance,California,13624020,11836863
2017,Long-term Care,Ohio,5637771,5268309
2015,Cancer Insurance,Wisconsin,2768039,2161252
2018,Dental & Vision,Wisconsin,3551235,2445546
2019,Accident Insurance,Washington,4372378,3501262
2021,Long-term Care,Pennsylvania,6803917,6366247
2024,Indemnity Health,Tennessee,4087305,3275317
2018,Accident Insurance,Indiana,3440447,3292062
2023,Accident Insurance,Illinois,4847883,4725702
2019,Long-term Care,Wisconsin,3946425,4736539
2020,Long-term Care,Illinois,7259965,8275325
2020,Indemnity Health,New Jersey,6360105,6389254
2024,Long-term Care,California,9879863,11946766
2022,Dental & Vision,Tennessee,3325728,2983330
2019,Long-term Care,Virginia,4670124,4599362
2020,Indemnity Health,California,10290347,7836105
2018,Critical Illness,North Carolina,4431632,2576638
2023,Indemnity Health,California,9566221,10841135
2019,Indemnity Health,Maryland,4152556,3726424
2018,Critical Illness,Georgia,5338195,2632471
2022,Cancer Insurance,Ohio,4401890,4083275
2017,Critical Illness,Wisconsin,2806121,2079328
2023,Accident Insurance,Florida,6497530,5379892
2023,Indemnity Health,Indiana,3273201,2898411
2024,Long-term Care,Florida,6377634,6387860
2018,Critical Illness,Florida,9536315,5491659
2021,Dental & Vision,Georgia,3602178,3357036
2016,Cancer Insurance,New York,9101312,5798068
2023,Dental & Vision,Florida,9557374,7305039
2022,Critical Illness,Virginia,4550178,3662939
2020,Long-term Care,Illinois,7070107,6602062
2018,Cancer Insurance,Virginia,5333116,4429389
2016,Accident Insurance,Virginia,3608841,3158294
2018,Long-term Care,Washington,3502393,3710409
2023,Long-term Care,Texas,9959166,10770889
2022,Indemnity Health,Florida,6194483,4594906
2019,Cancer Insurance,Tennessee,3777056,2401907
2023,Long-term Care,North Carolina,3926891,4031832
2021,Accident Insurance,Virginia,3584318,3310037
2024,Cancer Insurance,California,13982573,11567213
2024,Accident Insurance,Florida,7077238,4619227
2024,Critical Illness,Massachusetts,4827760,2984940
2023,Critical Illness,Michigan,4481141,3354038
2022,Indemnity Health,Texas,8276685,8111081
2015,Cancer Insurance,Washington,5671581,3925921
2018,Indemnity Health,Pennsylvania,4134178,3392890
2016,Accident Insurance,Washington,3584336,3282308
2023,Accident Insurance,Tennessee,4257662,3127104
2019,Cancer Insurance,Massachusetts,5163123,3248112
2017,Indemnity Health,Wisconsin,4239061,4271398
2017,Accident Insurance,Missouri,2708918,1926096
2016,Accident Insurance,Indiana,2594202,1558466
2021,Cancer Insurance,Illinois,5168350,3569725
2017,Cancer Insurance,Washington,5550303,3413539
2021,Dental & Vision,Wisconsin,2684674,2480973
2019,Critical Illness,Missouri,3330589,2607219
2017,Accident Insurance,Wisconsin,2678294,2109661
2020,Long-term Care,California,14221494,13940712
2023,Critical Illness,New York,11012703,7515929
2024,Cancer Insurance,Arizona,2834227,1933670
2023,Indemnity Health,Arizona,3156994,3386242
2017,Indemnity Health,Ohio,5637198,4742802
2017,Dental & Vision,Michigan,4697807,3590530
2024,Long-term Care,Arizona,4254286,4954532
2020,Critical Illness,Texas,7631210,5076208
2024,Dental & Vision,Indiana,2809367,2437885
2018,Critical Illness,Missouri,3532639,2074359
2019,Dental & Vision,Maryland,4031806,2930700
2017,Indemnity Health,Michigan,4395448,3691186
2022,Cancer Insurance,Georgia,3935346,3936951
2021,Dental & Vision,Ohio,5403892,5046580
2015,Critical Illness,Indiana,2777397,2267385
2021,Cancer Insurance,Missouri,2668471,2530591
2015,Accident Insurance,Georgia,4089093,3459265
2017,Long-term Care,Maryland,3012893,3649424
2017,Dental & Vision,Florida,9045897,6925093
2018,Cancer Insurance,Indiana,3200070,2327863
2018,Indemnity Health,North Carolina,5250314,5307003
2018,Critical Illness,Maryland,4593358,2549835
2021,Cancer Insurance,Pennsylvania,5626688,4477683
2020,Accident Insurance,Massachusetts,4151452,3079914
2018,Long-term Care,Pennsylvania,4937246,4633076
2018,Accident Insurance,Tennessee,3315322,2111102
2019,Indemnity Health,Virginia,4707366,5076670
2019,Long-term Care,Maryland,4565215,3958238
2023,Long-term Care,Virginia,3390450,3562373
2021,Cancer Insurance,Michigan,3758324,2526758
2020,Critical Illness,Wisconsin,3958546,2241034
2017,Accident Insurance,Indiana,3619216,2773695
2018,Cancer Insurance,Florida,9735138,6899701
2024,Critical Illness,Maryland,3629820,3046970
2022,Cancer Insurance,Arizona,3270144,3053107
2020,Dental & Vision,Arizona,3175652,2611465
2017,Critical Illness,Ohio,5784211,4367237
2021,Indemnity Health,California,13184466,12138156
2022,Dental & Vision,Massachusetts,5374840,4823384
2017,Cancer Insurance,North Carolina,3724389,3118708
2020,Accident Insurance,Georgia,3925162,3648342
2019,Accident Insurance,Michigan,3116992,2981470
2016,Indemnity Health,Wisconsin,3589594,2841317
2024,Critical Illness,Pennsylvania,6970908,5751045
2019,Accident Insurance,Georgia,3968834,2527141
2016,Accident Insurance,Tennessee,2510369,1892807
2024,Dental & Vision,North Carolina,5399878,4103530
2019,Indemnity Health,New York,10665738,10079448
2015,Indemnity Health,Missouri,2996243,3197862
2022,Accident Insurance,Tennessee,4071725,3223069
2015,Accident Insurance,Massachusetts,4823701,4344607
2018,Cancer Insurance,California,10023617,7766798
2023,Indemnity Health,Massachusetts,4018646,3587467
2018,Long-term Care,Maryland,3196196,3013007
2019,Indemnity Health,Michigan,4318412,4131310
2019,Long-term Care,New Jersey,5299114,6736443
2019,Critical Illness,New Jersey,4884750,3585963
2024,Long-term Care,Wisconsin,3218888,2850697
2022,Cancer Insurance,Arizona,4502752,4065122
2023,Indemnity Health,Michigan,4045946,4433909
2017,Long-term Care,Indiana,3819078,3379354
2024,Cancer Insurance,Illinois,5631280,4236067
2021,Cancer Insurance,Maryland,3733327,2470614
2023,Long-term Care,Indiana,3940578,4409506
2017,Accident Insurance,Illinois,5477850,4409247
2020,Indemnity Health,Michigan,3955603,4250630
2021,Cancer Insurance,Indiana,2785334,2171107
2021,Accident Insurance,Florida,7326473,5390934
2016,Accident Insurance,California,13241644,8181348
2021,Critical Illness,Missouri,3080929,1660568
2018,Indemnity Health,Tennessee,3853956,3509264
2017,Dental & Vision,Georgia,4991285,3770378
2019,Dental & Vision,Ohio,4814423,3619611
2021,Cancer Insurance,Florida,7776367,6123684
2015,Accident Insurance,Massachusetts,4590677,3702797
2024,Long-term Care,Ohio,3896899,3897489
2018,Indemnity Health,Maryland,3908867,4501857
2024,Cancer Insurance,Ohio,4289412,2608111
2022,Cancer Insurance,North Carolina,4483997,3745324
2016,Critical Illness,New Jersey,4310914,2622004
2021,Critical Illness,Michigan,4099133,3146492
2019,Dental & Vision,Tennessee,2796332,2245768
2023,Cancer Insurance,California,13681706,10446528
2015,Long-term Care,California,10005907,9255844
2018,Accident Insurance,Missouri,3090404,2625149
2017,Indemnity Health,Florida,6028870,6095959
2024,Accident Insurance,North Carolina,4451445,4570869
2017,Critical Illness,Florida,9175139,4958703
2023,Accident Insurance,Wisconsin,4113457,3680124
2020,Long-term Care,Maryland,4397090,4782282
2016,Long-term Care,Washington,5813961,5765674
2021,Cancer Insurance,Arizona,4677856,3707269
2023,Accident Insurance,Michigan,3806837,3237650
2017,Accident Insurance,California,11360544,9716773
2019,Indemnity Health,Florida,6743846,6779468
2018,Critical Illness,Pennsylvania,4855946,3667459
2018,Long-term Care,Arizona,2940048,2754597
2021,Cancer Insurance,California,10920066,9667929
2022,Accident Insurance,California,14075281,13210433
2017,Indemnity Health,Texas,7690585,8004317
2020,Long-term Care,Pennsylvania,4442594,4360557
2023,Long-term Care,Indiana,2214217,2682894
2020,Long-term Care,New Jersey,5919829,6116125
2018,Critical Illness,Michigan,3386964,1907727
2023,Accident Insurance,Florida,9519263,6289988
2024,Accident Insurance,Arizona,3835160,3738244
2017,Indemnity Health,Pennsylvania,6030036,5741057
2022,Accident Insurance,Maryland,4282283,2705634
2018,Cancer Insurance,Virginia,4875068,3132402
2022,Cancer Insurance,Maryland,4214289,2570726
2015,Long-term Care,Michigan,3119065,3701268
2024,Critical Illness,Missouri,4152960,2257288
2019,Indemnity Health,Washington,5638840,5858585
2018,Critical Illness,Michigan,4299988,2355495
2024,Dental & Vision,Missouri,4052506,3561762
2016,Accident Insurance,Texas,11265607,10651312
2020,Long-term Care,California,11646192,14723238
2024,Dental & Vision,Wisconsin,2469974,2217177
2019,Accident Insurance,Texas,8368797,6565046
2024,Indemnity Health,Michigan,3940130,4322392
2015,Indemnity Health,Missouri,2997177,2722640
2016,Long-term Care,Arizona,3881895,5034588
2021,Long-term Care,Illinois,4950118,5711628
2015,Cancer Insurance,North Carolina,5215743,4503326
2020,Accident Insurance,Arizona,4078197,3889457
2019,Cancer Insurance,Wisconsin,3914881,2454162
2017,Indemnity Health,Washington,4261747,3886629
2024,Accident Insurance,Maryland,3580947,3756445
2024,Critical Illness,Florida,9191543,6840745
2021,Dental & Vision,New York,12801537,11345076
2018,Long-term Care,New Jersey,4665041,4505724
2015,Dental & Vision,Michigan,4823754,4064517
2018,Dental & Vision,Ohio,5322078,4495653
2024,Indemnity Health,Washington,5563865,5179867
2022,Dental & Vision,Tennessee,4033768,3019694
2016,Cancer Insurance,California,14813502,9816488
2017,Long-term Care,New York,12602667,12815318
2015,Cancer Insurance,Arizona,4251325,3759382
2020,Critical Illness,Georgia,4926947,3505371
2022,Long-term Care,Florida,8051869,10763430
2017,Long-term Care,Georgia,3537672,3970717
2024,Dental & Vision,California,14351796,11376620
2015,Cancer Insurance,North Carolina,5082940,3077872
2018,Cancer Insurance,Arizona,4474767,3885076
2018,Long-term Care,Tennessee,3970563,3559632
2016,Critical Illness,Maryland,4481994,2886700
2020,Accident Insurance,Michigan,3443803,3041767
2017,Critical Illness,New Jersey,5352110,3081442
2015,Critical Illness,North Carolina,5057106,4281296
2015,Critical Illness,New York,11009795,5897469
2023,Critical Illness,Illinois,4707123,4532652
2018,Cancer Insurance,Michigan,3754472,2845678
2017,Critical Illness,Illinois,7301275,4966374
2021,Accident Insurance,Michigan,4321032,3668068
2015,Long-term Care,Massachusetts,4918009,4449195
2019,Cancer Insurance,Pennsylvania,5678475,4278650
2018,Critical Illness,Massachusetts,5881651,4304076
2020,Dental & Vision,Pennsylvania,5238797,3355058
2020,Critical Illness,Ohio,5567986,4578261
2018,Accident Insurance,New York,11452944,9680107
2016,Indemnity Health,Texas,11301277,8686624
2024,Dental & Vision,Texas,11891424,8536297
2017,Accident Insurance,Missouri,4193601,3547183
2019,Dental & Vision,Michigan,3139549,2742846
2021,Long-term Care,Maryland,3757630,4015923
2021,Indemnity Health,Wisconsin,3266533,3007640
2016,Critical Illness,Arizona,4971641,4140126
2019,Critical Illness,Indiana,2237208,1463264
2016,Long-term Care,Texas,11966173,12999214
2023,Critical Illness,California,9811128,6752934
2017,Accident Insurance,Missouri,3662888,2731628
2021,Long-term Care,Florida,8144351,7526913
2018,Long-term Care,Massachusetts,4280321,4007862
2024,Critical Illness,Illinois,5333519,4675960
2017,Dental & Vision,Florida,6687424,5429090
2019,Cancer Insurance,Texas,9762627,6889858
2016,Critical Illness,Illinois,5501461,2715384
2022,Accident Insurance,North Carolina,4134925,3921624
2017,Critical Illness,Florida,7366412,5587656
2022,Cancer Insurance,California,11127649,9736521
2021,Indemnity Health,Ohio,4686624,4672878
2017,Accident Insurance,Pennsylvania,6034050,3983692
2021,Cancer Insurance,Pennsylvania,6107258,5228252
2022,Indemnity Health,Ohio,5540995,5371510
2020,Dental & Vision,Arizona,2853545,2115140
2015,Dental & Vision,Georgia,5336164,4204964
2019,Long-term Care,Georgia,5243097,6205018
2023,Indemnity Health,Ohio,5292087,5409801
2022,Accident Insurance,Texas,9177716,8241367
2020,Accident Insurance,Tennessee,2701730,2221756
2022,Indemnity Health,Virginia,4153212,3609017
2016,Critical Illness,Massachusetts,5390269,3530384
2023,Cancer Insurance,North Carolina,4718959,3764002
2017,Critical Illness,Wisconsin,3133951,2526410
2022,Indemnity Health,Indiana,3244254,2944097
2024,Accident Insurance,Massachusetts,6027098,4940544
2020,Long-term Care,Ohio,5778946,6234884
2018,Long-term Care,Georgia,4825074,5813294
2022,Long-term Care,Ohio,5689323,5943267
2022,Long-term Care,Missouri,2905680,2762557
2015,Indemnity Health,Washington,5757260,5585396
2020,Dental & Vision,Wisconsin,4172140,3353872
2024,Cancer Insurance,Indiana,3634595,2718738
2016,Critical Illness,Maryland,3072421,2014464
2018,Critical Illness,Florida,8725509,7168788
2018,Critical Illness,Indiana,2961899,1625674
2016,Critical Illness,Washington,5703829,3503844
2019,Indemnity Health,Wisconsin,4094076,4302700
2023,Cancer Insurance,California,12476054,8993608
2016,Critical Illness,California,10619456,5985172
2023,Dental & Vision,Virginia,5011410,4354180
2021,Dental & Vision,Ohio,5249070,3962788
2017,Indemnity Health,Wisconsin,2914539,2958707
2019,Indemnity Health,Florida,8439427,7825636
2016,Accident Insurance,Virginia,3942004,3383441
2019,Long-term Care,Tennessee,3903809,4264357
2019,Long-term Care,Massachusetts,5093364,5848623
2020,Dental & Vision,Wisconsin,3822694,2505260
2018,Cancer Insurance,Tennessee,2898190,1794991
2024,Cancer Insurance,Pennsylvania,5889748,5047396
2024,Cancer Insurance,Texas,9454352,7320915
2023,Accident Insurance,Georgia,3057422,2106844
2018,Dental & Vision,Texas,7566390,5469385
2020,Dental & Vision,Maryland,3882370,3285110
2023,Critical Illness,Indiana,2597561,2034274
2020,Critical Illness,Ohio,3666586,2440708
2017,Long-term Care,Pennsylvania,4574281,5339033
2020,Cancer Insurance,New Jersey,5625336,4092359
2021,Critical Illness,Michigan,4878422,4201238
2020,Indemnity Health,Massachusetts,5570552,4912777
2018,Long-term Care,Ohio,5195672,5611242
2015,Dental & Vision,Ohio,3899976,3710389
2019,Critical Illness,Arizona,3351953,2121561
2017,Critical Illness,Michigan,4136174,2452969
2019,Cancer Insurance,Florida,8358420,8234437
2017,Indemnity Health,New Jersey,4534409,4138558
2017,Dental & Vision,Michigan,3789707,3607230
2024,Critical Illness,Ohio,4938428,3984024
2019,Indemnity Health,Georgia,3068047,3216303
2023,Dental & Vision,Wisconsin,3971741,3042148
2019,Accident Insurance,Arizona,3618484,2529452
2015,Dental & Vision,North Carolina,4796905,3214122
2017,Indemnity Health,Pennsylvania,4271592,3504787
2016,Critical Illness,New York,8402681,6563871
2021,Critical Illness,Florida,8546349,6686226
2019,Critical Illness,Texas,10190731,5977176
2015,Indemnity Health,California,13571300,11555491
2016,Critical Illness,North Carolina,3202691,1573708
2015,Accident Insurance,Michigan,3323124,2365252
2016,Dental & Vision,Arizona,3618212,3253501
2015,Indemnity Health,New York,9015056,6724131
2016,Indemnity Health,Maryland,3559980,2979142
2020,Dental & Vision,California,10788429,8987486
2016,Indemnity Health,California,13527523,12032277
2019,Indemnity Health,Massachusetts,4529555,4463856
2020,Accident Insurance,Virginia,3996575,4150997
2020,Cancer Insurance,North Carolina,5365017,5138415
2020,Accident Insurance,Illinois,5447767,4518594
2016,Dental & Vision,Massachusetts,4085238,2813620
2022,Long-term Care,Michigan,4191544,4892516
2023,Indemnity Health,Pennsylvania,4405133,4384553
2021,Long-term Care,Wisconsin,2700803,3139805
2017,Critical Illness,Indiana,3900294,3302219
2019,Accident Insurance,Texas,11722226,8777896
2023,Indemnity Health,Virginia,3764585,3726254
2021,Indemnity Health,Virginia,4429047,4730586
2017,Indemnity Health,New Jersey,4936983,4265675
2023,Cancer Insurance,Ohio,5134689,3538104
2016,Accident Insurance,Washington,3862461,2626766
2015,Long-term Care,New Jersey,5795378,6950880
2016,Accident Insurance,Ohio,5624807,3587024
2023,Long-term Care,New Jersey,4846372,4976317
2024,Long-term Care,Tennessee,3865339,4147588
2015,Cancer Insurance,Ohio,4313291,3649805
2022,Accident Insurance,Indiana,3274661,3056810
2018,Critical Illness,Texas,10823392,7805613
2015,Indemnity Health,Illinois,7242975,6653225
2015,Accident Insurance,North Carolina,5385539,3932186
2016,Accident Insurance,North Carolina,4584863,4422994
2021,Critical Illness,Missouri,3241913,2614820
2020,Dental & Vision,Texas,7999689,6015717
2016,Cancer Insurance,Indiana,2670911,1627095
2022,Accident Insurance,Tennessee,3649978,3450801
2016,Cancer Insurance,New York,11573690,6810483
2022,Dental & Vision,Virginia,4602922,3238821
2022,Cancer Insurance,Massachusetts,3870224,3407021
2022,Dental & Vision,Michigan,4970282,3321889
2020,Cancer Insurance,Washington,4988778,3895012
2015,Long-term Care,Massachusetts,4148008,4219110
2022,Dental & Vision,Massachusetts,5428253,5274445
2020,Long-term Care,Massachusetts,5971449,6448075
2015,Long-term Care,Tennessee,2665319,2823638
2020,Accident Insurance,Maryland,4296317,4291698
2022,Dental & Vision,Ohio,4197079,3167789
2019,Dental & Vision,Pennsylvania,6814136,4525367
2024,Cancer Insurance,Massachusetts,5543928,3699243
2022,Accident Insurance,Pennsylvania,5090378,4088306
2017,Long-term Care,New Jersey,4849904,5585503
2022,Indemnity Health,Texas,7527190,7163341
2017,Critical Illness,Texas,8732553,5114989
2023,Accident Insurance,Missouri,4171820,3039060
2019,Accident Insurance,Maryland,4086809,2935815
2017,Long-term Care,Virginia,4456586,5115168
2017,Accident Insurance,Wisconsin,4281821,3722569
2021,Accident Insurance,Wisconsin,2520974,1686262
2015,Dental & Vision,Pennsylvania,5097068,4041282
2023,Critical Illness,North Carolina,3735252,2064455
2024,Long-term Care,Ohio,5452981,7365784
2020,Long-term Care,Missouri,3141444,2890785
2015,Indemnity Health,New York,11986957,11712949
2015,Critical Illness,Illinois,6863929,5264386
2018,Indemnity Health,Arizona,4437474,4692777
2024,Accident Insurance,Texas,10715203,8209984
2024,Critical Illness,Ohio,5748081,3667102
2022,Indemnity Health,Ohio,4902693,5203032
2017,Indemnity Health,Indiana,2445979,2224832
2023,Cancer Insurance,Wisconsin,2875784,2782483
2019,Accident Insurance,Tennessee,3149064,2719824
2017,Critical Illness,Georgia,4649857,3573381
2022,Indemnity Health,Wisconsin,2827483,3088711
2024,Long-term Care,Pennsylvania,5492329,6846925
2017,Accident Insurance,Washington,5161283,4025966
2019,Cancer Insurance,Michigan,4159818,2840298
2022,Indemnity Health,Indiana,2761314,3015981
2024,Accident Insurance,Virginia,3384118,2476061
2017,Cancer Insurance,Indiana,3830395,2507368
2023,Accident Insurance,Arizona,3289714,3177026
2017,Cancer Insurance,Maryland,4821416,3738782
2017,Long-term Care,Tennessee,3911382,3578161
2024,Indemnity Health,Arizona,4551332,5121127
2024,Dental & Vision,California,10959206,8957691
2020,Indemnity Health,Ohio,4873731,4934387
2024,Critical Illness,Ohio,3675761,2155843
2023,Indemnity Health,Illinois,6722096,5927449
2017,Long-term Care,Wisconsin,4255013,4827572
2021,Long-term Care,Pennsylvania,5520045,5528530
2020,Indemnity Health,Texas,8692163,9223434
2024,Long-term Care,New York,8372758,7942420
2017,Critical Illness,Ohio,3558776,2926939
2019,Dental & Vision,Illinois,5455619,4083561
2022,Dental & Vision,Arizona,4487788,3765242
2020,Dental & Vision,Pennsylvania,4524019,3491842
2022,Cancer Insurance,Missouri,4185257,2409057
2015,Critical Illness,Georgia,3268772,1895384
2022,Long-term Care,Georgia,4265987,4298732
2015,Critical Illness,Pennsylvania,5845068,3040645
2017,Accident Insurance,Arizona,4860466,4222043
2018,Critical Illness,Pennsylvania,5291681,3664432
2017,Dental & Vision,Florida,7457256,6128296
2017,Accident Insurance,Washington,3557126,3224617
2024,Critical Illness,North Carolina,4822791,3011211
2015,Cancer Insurance,Tennessee,3006961,2064966
2023,Dental & Vision,Massachusetts,3893251,2983125
2020,Dental & Vision,Missouri,2894914,2441565
2016,Long-term Care,Texas,8644444,8890697
2023,Cancer Insurance,Tennessee,3501405,2172403
2021,Indemnity Health,Georgia,4967395,5101564
2020,Cancer Insurance,Maryland,3245778,2074065
2024,Dental & Vision,Pennsylvania,6103914,4083569
2015,Long-term Care,North Carolina,4891919,4637158
2018,Dental & Vision,Michigan,4060438,3494424
2020,Accident Insurance,Virginia,3898818,2274753
2020,Long-term Care,Maryland,3157587,2830176
2015,Accident Insurance,Virginia,4635294,3509889
2018,Cancer Insurance,Georgia,5006505,3818046
2021,Accident Insurance,Georgia,4669765,4263364
2018,Dental & Vision,Indiana,3874200,2614402
2017,Accident Insurance,Georgia,4578377,3278355
2019,Dental & Vision,New Jersey,3929257,2708949
2017,Critical Illness,New York,8671964,5399497
2015,Dental & Vision,New York,12372570,8500309
2024,Long-term Care,Wisconsin,3811948,4433907
2022,Cancer Insurance,Tennessee,4382683,2545097
2022,Accident Insurance,Ohio,5149563,3726584
2024,Critical Illness,Tennessee,2800998,2308579
2017,Long-term Care,Ohio,4286641,4266179
2024,Dental & Vision,Georgia,5065364,4910568
2024,Critical Illness,Massachusetts,3812448,2954424
2018,Dental & Vision,North Carolina,4245950,3183174
2019,Cancer Insurance,Illinois,5298777,4430449
2016,Cancer Insurance,New Jersey,4298140,3246967
2023,Dental & Vision,Texas,11260890,9157407
2017,Cancer Insurance,Wisconsin,3985369,3073883
2024,Critical Illness,Tennessee,3298688,1993137
2020,Cancer Insurance,Texas,10665225,8614312
2017,Indemnity Health,Indiana,2553277,2698077
2021,Long-term Care,Washington,5025887,5645683
2015,Accident Insurance,Arizona,3127499,2641768
2024,Long-term Care,Missouri,4127260,4525734
2022,Cancer Insurance,Tennessee,3160886,2487772
2017,Indemnity Health,California,10826641,9587750
2023,Accident Insurance,New York,9179283,8014670
2019,Accident Insurance,Massachusetts,5878756,4564007
2023,Cancer Insurance,Wisconsin,3134911,2181803
2023,Dental & Vision,Virginia,3763563,3470731
2019,Cancer Insurance,Ohio,5943451,4431616
2018,Critical Illness,Pennsylvania,4025483,2977344
2024,Cancer Insurance,New Jersey,5984879,4257008
2015,Critical Illness,Georgia,4444335,3370592
2015,Long-term Care,Wisconsin,3096010,2891587
2017,Indemnity Health,Illinois,7206498,6347996
2023,Long-term Care,New York,12334774,15307280
2018,Dental & Vision,Texas,11166437,7894621
2017,Indemnity Health,North Carolina,4547492,4015290
2017,Indemnity Health,Michigan,3542853,3656668
2019,Dental & Vision,Georgia,5127001,3582563
2024,Long-term Care,Ohio,5669361,5639771
2021,Cancer Insurance,Pennsylvania,6363065,5308487
2016,Dental & Vision,Virginia,4914599,4061264
2019,Dental & Vision,Washington,4676261,4217499
2022,Cancer Insurance,North Carolina,5642906,4927526
2020,Dental & Vision,Virginia,4145919,3574086
2018,Accident Insurance,Washington,5675016,5375821
2019,Cancer Insurance,Massachusetts,4879579,3549235
2024,Dental & Vision,Pennsylvania,6619437,6424700
2016,Critical Illness,Missouri,3497647,2291332
2020,Cancer Insurance,California,14251564,9490559
2017,Critical Illness,New York,11265570,5548523
2019,Dental & Vision,Ohio,3724094,3367495
2023,Cancer Insurance,California,13747691,10025934
2020,Cancer Insurance,Washington,4913558,3959469
2020,Critical Illness,Massachusetts,4901726,3689151
2022,Cancer Insurance,Pennsylvania,4506315,3318819
2019,Long-term Care,Arizona,4845977,4885982
2021,Critical Illness,Maryland,3063987,1730411
2021,Indemnity Health,Pennsylvania,4847691,4273478
2017,Critical Illness,Wisconsin,2670128,1443667
2020,Cancer Insurance,Arizona,3410143,2709949
2017,Critical Illness,Washington,5386512,3635675
2020,Cancer Insurance,Missouri,2790333,2236071
2015,Accident Insurance,Virginia,3200773,2839862
2018,Critical Illness,Wisconsin,2775899,1561684
2017,Critical Illness,Illinois,6985355,3941626
2017,Indemnity Health,Florida,9302693,6784664
2018,Indemnity Health,Wisconsin,4057496,4213732
2015,Dental & Vision,Illinois,5417376,4174578
2017,Indemnity Health,Washington,5895952,4489902
2019,Dental & Vision,Virginia,4004780,3105278
2016,Accident Insurance,Tennessee,3415509,2085543
2018,Long-term Care,Florida,8460741,9851980
2017,Cancer Insurance,Florida,7599249,5773921
2018,Dental & Vision,Arizona,3086901,2264893
2015,Indemnity Health,Tennessee,2880610,2990738
2018,Long-term Care,Missouri,2684967,2924258
2019,Accident Insurance,California,10041365,9695569
2022,Accident Insurance,Ohio,5712665,4895994
2024,Accident Insurance,North Carolina,5256853,4789821
2021,Accident Insurance,Massachusetts,4044150,3440466
2019,Long-term Care,Pennsylvania,4187468,4505326
2016,Dental & Vision,Washington,3530458,2682703
2024,Indemnity Health,Illinois,5794790,4623262
2017,Cancer Insurance,Texas,10055682,6877052
2016,Critical Illness,Arizona,4786979,3183673
2023,Long-term Care,Maryland,4647044,4943892
2022,Long-term Care,Indiana,2879002,3801346
2023,Dental & Vision,Maryland,4339689,3700191
2018,Cancer Insurance,Texas,10090128,6522283
2017,Long-term Care,Pennsylvania,6183194,6170808
2024,Indemnity Health,Virginia,3936991,3679553
2016,Dental & Vision,Washington,4851335,3128965
2024,Critical Illness,Georgia,5486221,3904052
2016,Accident Insurance,Virginia,4261318,2777653
2021,Accident Insurance,Texas,8481830,7780046
2021,Long-term Care,Virginia,5377472,5599629
2021,Long-term Care,Tennessee,4458811,4439264
2022,Cancer Insurance,Florida,9311849,8433943
2021,Long-term Care,North Carolina,4586193,4291061
2022,Cancer Insurance,Washington,4026701,2342625
2020,Critical Illness,New Jersey,6490769,4988712
2024,Critical Illness,California,13394402,11192313
2023,Cancer Insurance,Massachusetts,5949896,5139896
2021,Long-term Care,New Jersey,5928983,5835554
2018,Critical Illness,Missouri,2348875,1670541
2022,Indemnity Health,Illinois,4623951,4144214
2017,Cancer Insurance,Pennsylvania,5283027,4065089
2019,Accident Insurance,Ohio,4228276,2983426
2015,Dental & Vision,Texas,8997145,8118662
2016,Accident Insurance,Virginia,3340627,2846294
2020,Cancer Insurance,Illinois,7199155,6312483
2023,Accident Insurance,Tennessee,3845609,3732863
2017,Indemnity Health,Washington,4577355,3633872
2018,Indemnity Health,Georgia,3027242,2591887
2024,Cancer Insurance,California,12992350,8489060
2022,Dental & Vision,Georgia,3426448,2996672
2018,Cancer Insurance,Maryland,4192132,2768585
2022,Indemnity Health,Massachusetts,5777593,4819685
2019,Critical Illness,Texas,11693234,9447920
2017,Cancer Insurance,Texas,7944352,6304826
2016,Long-term Care,Texas,11064981,12711479
2020,Critical Illness,Arizona,4252761,2833151
2023,Dental & Vision,Michigan,4655622,4659706
2017,Long-term Care,Ohio,5886622,6135276
2020,Long-term Care,Virginia,5074901,5191741
2015,Critical Illness,Ohio,3530174,2123425
2023,Cancer Insurance,New York,12083448,7982908
2017,Long-term Care,Texas,11736088,11079251
2022,Cancer Insurance,Indiana,2428775,1425551
2017,Long-term Care,New Jersey,5263639,6550275
2021,Accident Insurance,Texas,10602978,10530211
2020,Accident Insurance,Washington,5446053,5011439
2016,Indemnity Health,New Jersey,6324098,5344212
2024,Dental & Vision,Florida,8331240,6547799
2019,Indemnity Health,North Carolina,4465276,3988051
2016,Dental & Vision,New York,11383702,10121433
2024,Accident Insurance,North Carolina,3554784,3102025
2022,Indemnity Health,Massachusetts,4418578,4151708
2023,Long-term Care,Ohio,3836288,3653693
2024,Critical Illness,North Carolina,3283227,2222593
2024,Critical Illness,New York,9587714,8297042
2017,Dental & Vision,Massachusetts,6115736,6019905
2018,Indemnity Health,New Jersey,4426074,3378943
2015,Cancer Insurance,Florida,8505643,6211217
2022,Indemnity Health,Pennsylvania,6436005,5908284
2016,Cancer Insurance,New York,9300818,8246033
2016,Critical Illness,Ohio,4198961,2546960
2015,Dental & Vision,Virginia,3761817,2647697
2024,Indemnity Health,Tennessee,2937599,2936112
2021,Long-term Care,Florida,8048677,7916679
2019,Indemnity Health,Florida,9303157,7864734
2017,Cancer Insurance,Tennessee,4478323,3140282
2021,Critical Illness,Texas,9582309,5526652
2021,Indemnity Health,Indiana,3421439,2929647
2020,Long-term Care,New York,10083054,10633014
2016,Cancer Insurance,Wisconsin,2612211,1509224
2024,Accident Insurance,New York,12831916,10847721
2018,Accident Insurance,Virginia,5272458,4418470
2016,Cancer Insurance,Missouri,2988272,2133633
2020,Indemnity Health,Massachusetts,4239182,3561057
2017,Critical Illness,Massachusetts,3629713,2705731
2022,Dental & Vision,Wisconsin,3157839,2774561
2019,Accident Insurance,Massachusetts,5728604,3709347
2019,Dental & Vision,Indiana,3167942,2755186
2017,Indemnity Health,Texas,8853747,8115221
2020,Indemnity Health,Maryland,5006776,4603913
2019,Cancer Insurance,Arizona,3620261,1959618
2015,Long-term Care,Ohio,3781068,3359100
2016,Indemnity Health,New Jersey,5608783,3889548
2019,Indemnity Health,Texas,8479317,8130654
2016,Accident Insurance,Ohio,3918084,2803244
2017,Cancer Insurance,Michigan,4624407,3958508
2023,Cancer Insurance,New York,12608427,11333694
2017,Cancer Insurance,Florida,8655025,5048179
2016,Accident Insurance,New Jersey,4697158,4739360
2015,Critical Illness,Virginia,5368484,3578855
2016,Indemnity Health,Georgia,4146424,3613013
2017,Long-term Care,North Carolina,4224644,4915747
2017,Dental & Vision,Virginia,4493918,3706625
2017,Indemnity Health,Maryland,4063315,3562261
2020,Dental & Vision,New Jersey,5881924,4369908
2022,Dental & Vision,Texas,10569461,9010669
2015,Critical Illness,Texas,11132477,6678860
2022,Accident Insurance,New Jersey,4297724,3071130
2023,Accident Insurance,North Carolina,4645756,4134109
2024,Dental & Vision,Texas,9173769,7929268
2019,Long-term Care,Georgia,5250333,6577216
2016,Critical Illness,Wisconsin,3639893,1899874
2018,Indemnity Health,Pennsylvania,6797019,5268899
2023,Accident Insurance,Illinois,6219348,6089960
2015,Accident Insurance,Illinois,7489005,7260165
2016,Accident Insurance,Arizona,4361467,3594086
2016,Accident Insurance,Florida,9849083,6974679
2019,Indemnity Health,New Jersey,5527424,4954993
2023,Cancer Insurance,California,11136392,9614909
2019,Cancer Insurance,New Jersey,4375061,3508721
2015,Long-term Care,Maryland,4054201,3954625
2015,Accident Insurance,Pennsylvania,5362711,5144946
2016,Indemnity Health,Massachusetts,5024131,3798891
2020,Indemnity Health,Pennsylvania,5779413,4314324
2018,Accident Insurance,Illinois,4823108,4446000
2017,Indemnity Health,Pennsylvania,4234775,3745670
2022,Cancer Insurance,New Jersey,4350063,3401228
2019,Cancer Insurance,Tennessee,3321322,2888851
2021,Long-term Care,Illinois,7426236,8499634
2021,Accident Insurance,New York,9918470,8564759
2018,Critical Illness,California,11236475,8261451
2021,Indemnity Health,Missouri,2639966,2226222
2016,Indemnity Health,Texas,11156301,9225825
2017,Accident Insurance,Arizona,4791173,3248449
2019,Accident Insurance,Virginia,4078038,3356003
2023,Indemnity Health,Arizona,3620389,3596358
2022,Dental & Vision,North Carolina,3532551,2825221
2020,Critical Illness,Michigan,4521441,3147512
2024,Cancer Insurance,Pennsylvania,4480991,3824038
2015,Critical Illness,New York,10353977,7811437
2018,Critical Illness,Virginia,5279142,3523524
2017,Cancer Insurance,New York,11733823,6190248
2018,Indemnity Health,New York,9483749,7662200
2016,Long-term Care,Tennessee,4376859,5012384
2017,Cancer Insurance,Arizona,3058451,1733045
2017,Accident Insurance,Washington,4459688,4123893
2023,Long-term Care,New York,8175113,8662929
2015,Dental & Vision,Wisconsin,4020287,3583913
2018,Dental & Vision,Pennsylvania,6810149,5652530
2016,Long-term Care,Missouri,3518935,4123246
2022,Indemnity Health,New York,9862426,9914937
2019,Accident Insurance,New Jersey,5712810,3681775
2024,Dental & Vision,Georgia,3218996,2408414
2021,Critical Illness,California,9074606,6512717
2022,Accident Insurance,Florida,8990453,5630430
2020,Indemnity Health,Virginia,4173353,3027978
2018,Long-term Care,Ohio,4884098,4695633
2022,Long-term Care,Massachusetts,4086913,4198903
2024,Accident Insurance,Texas,10844331,10833906
2015,Long-term Care,Missouri,3739928,3731059
2021,Long-term Care,Illinois,5586227,5100440
2024,Accident Insurance,Massachusetts,3739377,2421250
2015,Long-term Care,New Jersey,5189644,5155950
2024,Long-term Care,Maryland,4105616,4899391
2016,Critical Illness,Maryland,4109466,3270358
2017,Cancer Insurance,Maryland,3945898,2665931
2019,Indemnity Health,Wisconsin,3043462,2527686
2015,Cancer Insurance,New York,11787917,10007483
2019,Cancer Insurance,Tennessee,3860690,2438289
2020,Indemnity Health,New York,12150834,11447704
2022,Dental & Vision,Michigan,4704714,4144327
2015,Accident Insurance,Maryland,4884531,4228546
2024,Long-term Care,Michigan,3142579,3845762
2024,Long-term Care,California,13268639,15371841
2019,Long-term Care,Maryland,5040708,5354137
2016,Dental & Vision,Ohio,5082911,4692830
2019,Cancer Insurance,California,10643190,7158799
2020,Long-term Care,Tennessee,4371666,4833183
2021,Indemnity Health,Maryland,4465189,5216953
2024,Dental & Vision,California,10510159,8629210
2023,Critical Illness,Arizona,4411338,3195458
2020,Critical Illness,Missouri,3944291,2223093
2023,Long-term Care,Texas,11860163,11925944
2024,Accident Insurance,New York,10524107,7788530
2024,Accident Insurance,California,14262064,10981779
2015,Accident Insurance,Massachusetts,5080230,4983070
2022,Dental & Vision,Illinois,5790044,4731149
2022,Long-term Care,Missouri,2522097,3069788
2023,Indemnity Health,Wisconsin,3437116,3148060
2021,Critical Illness,Pennsylvania,4606527,4283641
2023,Long-term Care,Texas,11237421,11703020
2020,Indemnity Health,Indiana,2787629,2749107
2015,Cancer Insurance,Ohio,3878730,2971566
2015,Cancer Insurance,Pennsylvania,5552115,3556429
2018,Accident Insurance,Georgia,4165920,3505454
2024,Indemnity Health,North Carolina,3988158,3511922
2016,Cancer Insurance,Virginia,5250149,2936713
2020,Long-term Care,Massachusetts,4371484,4548086
2020,Indemnity Health,Missouri,2927823,2967673
2024,Cancer Insurance,Pennsylvania,4002571,3447537
2020,Accident Insurance,North Carolina,4269407,4397699
2024,Indemnity Health,Arizona,2845449,2652837
2021,Dental & Vision,Virginia,3323781,3097482
2021,Critical Illness,California,9724048,6677952
2022,Critical Illness,Arizona,4887448,3538526
2024,Critical Illness,Wisconsin,3356498,2938752
2020,Dental & Vision,California,13051925,8159750
2020,Long-term Care,Washington,3864856,3625177
2024,Indemnity Health,Arizona,3266407,2645295
2017,Dental & Vision,Arizona,2802404,2081072
2018,Long-term Care,New Jersey,5360066,4703289
2021,Critical Illness,Maryland,3571605,2842571
2024,Accident Insurance,Michigan,3406546,2106723
2017,Cancer Insurance,Washington,5386909,4453300
2023,Long-term Care,Wisconsin,4245311,4692844
2018,Cancer Insurance,Washington,4744277,4077233
2019,Accident Insurance,New Jersey,5585500,3670874
2015,Cancer Insurance,Indiana,3073548,2428441
2017,Dental & Vision,Missouri,3138547,2367968
2023,Accident Insurance,Washington,4274842,2882723
2015,Dental & Vision,Pennsylvania,5954562,4339278
2021,Dental & Vision,Massachusetts,5761435,4270796
2017,Long-term Care,Indiana,2574246,2876091
2015,Long-term Care,Florida,8755089,8224882
2015,Accident Insurance,Ohio,5045892,4848990
2017,Critical Illness,Georgia,3064851,1799154
2018,Accident Insurance,Michigan,4345087,3421749
2021,Cancer Insurance,Virginia,5090560,3329074
2023,Critical Illness,Michigan,4149644,2284309
2017,Indemnity Health,Illinois,6627740,5717339
2023,Long-term Care,Virginia,3665695,4368787
2015,Critical Illness,Georgia,3854353,2597448
2019,Long-term Care,Virginia,3353932,3447228
2018,Indemnity Health,Missouri,2558826,2436426
2019,Long-term Care,Washington,5864233,5197337
2023,Accident Insurance,Illinois,6694717,6968882
2017,Critical Illness,Tennessee,3683810,2933733
2022,Critical Illness,Washington,5995953,4523916
2016,Accident Insurance,Massachusetts,5367512,4038334
2023,Cancer Insurance,Florida,8613079,5260242
2017,Dental & Vision,Florida,7890661,7238527
2016,Long-term Care,Tennessee,3380220,3617589
2022,Cancer Insurance,Texas,9317105,7531106
2020,Accident Insurance,New York,11995781,12538190
2022,Indemnity Health,California,12728000,10095467
2022,Dental & Vision,Ohio,5521034,4657062
2021,Critical Illness,Massachusetts,5531450,4633677
2022,Accident Insurance,Florida,9260238,7491229
2020,Accident Insurance,Georgia,4045086,2552578
2015,Accident Insurance,Wisconsin,3771184,2436923
2022,Cancer Insurance,California,10818618,8261701
2015,Indemnity Health,Arizona,3436389,2669968
2023,Critical Illness,New Jersey,5364799,2969168
2021,Dental & Vision,Massachusetts,3667439,2604274
2015,Long-term Care,North Carolina,5661554,5757663
2018,Cancer Insurance,North Carolina,3967040,3294730
2020,Indemnity Health,Wisconsin,3696184,3490734
2023,Dental & Vision,North Carolina,4479761,4264051
2022,Accident Insurance,Ohio,5165616,4483981
2023,Long-term Care,Georgia,4139767,4443214
2016,Critical Illness,Maryland,5125334,4192177
2020,Critical Illness,Ohio,5974817,4735909
2018,Dental & Vision,Indiana,2721492,2502253
2022,Long-term Care,Ohio,4433233,3912265
2016,Indemnity Health,Ohio,5645620,6252586
2022,Cancer Insurance,Massachusetts,4554130,3061908
2024,Dental & Vision,Virginia,4554463,3590666
2017,Dental & Vision,Missouri,2930338,2420048
2022,Dental & Vision,California,10343372,8649748
2016,Dental & Vision,Tennessee,4296795,3326752
2017,Long-term Care,California,13039926,12478070
2022,Critical Illness,Texas,8299596,5978573
2022,Cancer Insurance,Arizona,3227700,2410183
2021,Dental & Vision,Missouri,4199547,3179345
2016,Indemnity Health,Pennsylvania,5209522,5073099
2018,Dental & Vision,Massachusetts,5852442,5100530
2015,Cancer Insurance,Indiana,2502550,1553019
2019,Indemnity Health,Florida,9763236,8083160
2023,Indemnity Health,Virginia,4010794,3859458
2021,Accident Insurance,Florida,9254287,6991933
2018,Long-term Care,Michigan,4514218,4725674
2018,Dental & Vision,Illinois,6054879,4809951
2022,Critical Illness,Indiana,2614881,2133700
2022,Accident Insurance,Tennessee,3273175,2781035
2020,Dental & Vision,Wisconsin,2878146,2268665
2016,Dental & Vision,Tennessee,3093577,2417941
2024,Indemnity Health,Texas,10080037,9799573
2024,Accident Insurance,North Carolina,4808800,3884703
2016,Indemnity Health,New Jersey,5791101,4979087
2016,Cancer Insurance,New Jersey,4345525,3112262
2019,Long-term Care,Missouri,2715920,2523004
2024,Dental & Vision,New York,8752832,7397376
2023,Critical Illness,Florida,8505342,5379539
2024,Indemnity Health,Pennsylvania,5137582,4541799
2019,Long-term Care,Georgia,5011714,6389300
2019,Dental & Vision,Michigan,4264808,3347726
2020,Long-term Care,Missouri,2510882,2254930
2016,Long-term Care,Virginia,4783602,5404175
2019,Accident Insurance,New York,8793739,5709607
2017,Accident Insurance,Illinois,6761148,4762880
2018,Long-term Care,Missouri,3535185,4286750
2022,Accident Insurance,Michigan,3879454,3544201
2023,Indemnity Health,Wisconsin,3128624,3394918
2017,Dental & Vision,Illinois,6623553,5183430
2022,Critical Illness,California,12075601,7596707
2021,Long-term Care,Washington,5888164,7399655
2019,Accident Insurance,California,9205581,7030099
2021,Indemnity Health,Missouri,4077347,4352182
2024,Dental & Vision,Wisconsin,3285186,2952124
2016,Cancer Insurance,New Jersey,5548699,4422058
2019,Dental & Vision,Washington,5018217,4267974
2021,Critical Illness,Florida,8983161,7702761
2017,Indemnity Health,Missouri,3323120,3220574
2017,Dental & Vision,Texas,9307540,6492878
2024,Critical Illness,Wisconsin,3627119,2366747
2019,Accident Insurance,Indiana,3713132,2681850
2022,Accident Insurance,Wisconsin,2599544,1815724
2020,Critical Illness,North Carolina,4073124,3023607
2024,Dental & Vision,Florida,9265742,8159849
2024,Critical Illness,California,12723607,8031072
2016,Dental & Vision,New Jersey,5067600,4032088
2019,Critical Illness,California,13044911,8665301
2015,Long-term Care,Illinois,5296851,5306636
2024,Dental & Vision,California,12712359,11824754
2021,Accident Insurance,Florida,6447814,5818989
2015,Critical Illness,North Carolina,4681124,3385726
2021,Cancer Insurance,Tennessee,2642000,2251480
2023,Cancer Insurance,Arizona,3876161,2857220
2019,Long-term Care,Michigan,4544359,4505713
2022,Cancer Insurance,New York,8056729,4441625
2020,Dental & Vision,North Carolina,3391713,3143822
2023,Long-term Care,Wisconsin,2595461,2521790
2016,Indemnity Health,Missouri,4022528,3409248
2017,Dental & Vision,Indiana,2918771,2607167
2015,Long-term Care,Virginia,4916274,6246920
2024,Accident Insurance,Tennessee,3268415,2942309
2020,Dental & Vision,Tennessee,3202081,2696166
2016,Critical Illness,Michigan,3916230,2115431
2017,Critical Illness,New Jersey,5827119,3565828
2015,Accident Insurance,Pennsylvania,5199212,3909935
2023,Cancer Insurance,Tennessee,3749400,3532472
2019,Long-term Care,Ohio,4311722,4283103
2016,Critical Illness,New York,11183950,6348215
2017,Long-term Care,Tennessee,2543430,2385026
2017,Indemnity Health,California,9928054,8691262
2018,Long-term Care,Pennsylvania,5529488,6775286
2015,Critical Illness,New Jersey,5973509,4068176
2016,Critical Illness,Texas,9059567,5319052
2021,Indemnity Health,Texas,9768966,8510333
2021,Cancer Insurance,Indiana,3889114,2655063
2016,Cancer Insurance,Indiana,3374648,2689434
2024,Dental & Vision,North Carolina,3384198,2869419
2015,Critical Illness,Virginia,3603919,2306711
2019,Accident Insurance,Michigan,3869215,3326311
2017,Long-term Care,Pennsylvania,6676302,6322387
2019,Accident Insurance,Pennsylvania,6368291,6059664
2023,Long-term Care,Arizona,4382675,5165714
2017,Cancer Insurance,Massachusetts,4324691,2837958
2021,Accident Insurance,California,9203244,9200985
2018,Long-term Care,Maryland,4515429,4393511
2018,Long-term Care,Tennessee,3566812,3845943
2015,Long-term Care,Illinois,4984479,4696419
2019,Dental & Vision,Michigan,4320446,3350929
2015,Indemnity Health,Tennessee,2584371,2381034
2019,Long-term Care,Maryland,5164871,4887258
2016,Long-term Care,Tennessee,3316081,3841147
2021,Cancer Insurance,Wisconsin,3295461,1958486
2020,Indemnity Health,New York,10225241,9487343
2016,Cancer Insurance,Michigan,3542512,2364975
2024,Indemnity Health,Illinois,6704939,4881490
2020,Dental & Vision,Missouri,2412587,2198140
2018,Accident Insurance,California,11037487,11045458
2018,Indemnity Health,Texas,9174446,6858543
2015,Long-term Care,Illinois,4906792,3992981
2022,Dental & Vision,Wisconsin,4092890,3524889
2017,Critical Illness,Texas,7959465,5363751
2017,Dental & Vision,Tennessee,2712447,1964062
2018,Indemnity Health,Tennessee,2843095,3135169
2017,Cancer Insurance,New Jersey,5649421,4111381
2022,Cancer Insurance,Florida,8584644,5475699
2016,Dental & Vision,Ohio,4646103,3164693
2018,Indemnity Health,Michigan,3351229,3055824
2020,Long-term Care,Virginia,5111656,5299106
2021,Dental & Vision,Ohio,5584203,5172092
2016,Long-term Care,Pennsylvania,4406374,4956268
2022,Indemnity Health,North Carolina,4117005,4633725
2018,Long-term Care,Illinois,6138727,6937346
2022,Indemnity Health,Tennessee,4162997,4223418
2024,Cancer Insurance,California,11173054,8841279
2019,Cancer Insurance,Washington,5449735,3296806
2019,Cancer Insurance,New Jersey,4725368,3713256
2015,Dental & Vision,Florida,9658324,6651346
2018,Accident Insurance,Arizona,3229508,3054521
2019,Indemnity Health,Ohio,4533677,3588506
2022,Cancer Insurance,Virginia,3513521,3294097
2018,Indemnity Health,Tennessee,4421306,4489836
2020,Dental & Vision,Georgia,4851285,3780247
2019,Critical Illness,California,11128367,6931234
2021,Cancer Insurance,New Jersey,4010043,3431557
2016,Dental & Vision,Indiana,2224332,1427855
2023,Accident Insurance,Indiana,3318986,2617211
2024,Critical Illness,North Carolina,4729652,3052757
2020,Long-term Care,North Carolina,4822382,5068883
2023,Cancer Insurance,Indiana,2766794,1696203
2017,Cancer Insurance,Maryland,3101607,1889326
2022,Indemnity Health,Maryland,3807740,3911553
2016,Dental & Vision,Michigan,4523891,3119544
2017,Indemnity Health,California,14572003,16085650
2015,Critical Illness,Wisconsin,4285390,3215759
2020,Critical Illness,New York,10263352,5531110
2020,Long-term Care,Virginia,4043752,4487744
2015,Dental & Vision,Washington,5855445,4601415
2017,Dental & Vision,Wisconsin,3276545,2766706
2023,Indemnity Health,New Jersey,4742619,3917662
2020,Critical Illness,New York,12090323,7236127
2017,Critical Illness,Indiana,2964007,2013760
2023,Critical Illness,Tennessee,4219292,3322960
2023,Critical Illness,Georgia,3636000,3123619
2022,Critical Illness,Texas,10117163,6957577
2018,Accident Insurance,Indiana,3324103,2591340
2019,Long-term Care,Illinois,5364041,5860649
2021,Accident Insurance,Indiana,3325928,2915113
2021,Long-term Care,Virginia,3986008,4392270
2019,Dental & Vision,Pennsylvania,4405850,3597499
2024,Long-term Care,New Jersey,6176936,7073625
2018,Critical Illness,Ohio,3580700,2426951
2017,Indemnity Health,Washington,3904323,3620084
2016,Indemnity Health,New Jersey,4126045,3012721
2020,Indemnity Health,North Carolina,4928262,3992811
2015,Long-term Care,Maryland,3614165,4259884
2016,Accident Insurance,Michigan,3403996,2511067
2017,Dental & Vision,Georgia,3942548,3209766
2016,Indemnity Health,Indiana,3301550,2837126
2018,Indemnity Health,Georgia,4062320,3142988
2023,Indemnity Health,Ohio,5238272,5150308
2024,Indemnity Health,Georgia,4466721,4405044
2018,Dental & Vision,Florida,6714336,5592726
2018,Accident Insurance,Maryland,4356338,2542698
2021,Accident Insurance,Tennessee,4170452,3115774
2023,Critical Illness,Pennsylvania,6816755,3550298
2024,Dental & Vision,Wisconsin,3506390,3038588
2015,Long-term Care,Missouri,3571211,4141553
2018,Cancer Insurance,Florida,7464254,5397451
2023,Dental & Vision,Ohio,4865663,4359097
2023,Long-term Care,Arizona,3814849,3504506
2021,Long-term Care,Florida,9579758,9378440
2018,Indemnity Health,Indiana,2331872,1859916
2016,Accident Insurance,Washington,3513524,2535017
2015,Critical Illness,Florida,7377183,5115831
2019,Indemnity Health,Ohio,3803473,4025831
2023,Dental & Vision,Michigan,4604695,3653354
2021,Dental & Vision,Tennessee,2832802,2071409
2024,Long-term Care,Virginia,5076967,4964669
2022,Cancer Insurance,Maryland,3596935,3193383
2021,Dental & Vision,New York,9429380,6825411
2016,Cancer Insurance,Texas,11912537,9324917
2020,Dental & Vision,Texas,11655056,10429455
2017,Accident Insurance,Pennsylvania,6334306,5197133
2024,Cancer Insurance,California,11296328,9429565
2018,Indemnity Health,North Carolina,3580985,3807088
2018,Accident Insurance,North Carolina,4134373,3485153
2016,Dental & Vision,Florida,9229933,7150395
2024,Critical Illness,Washington,5851481,4339283
2020,Critical Illness,Tennessee,2782284,1723838
2024,Dental & Vision,New York,10302770,7476230
2021,Long-term Care,Washington,4866937,6452278
2017,Long-term Care,North Carolina,5366276,6402736
2023,Cancer Insurance,Texas,8452033,7253851
2020,Accident Insurance,Missouri,4049360,2848200
2021,Indemnity Health,Washington,5995329,5583100
2020,Long-term Care,New York,10766020,11150803
2018,Cancer Insurance,Indiana,2410661,2202628
2018,Accident Insurance,Ohio,5372382,4132140
2017,Critical Illness,North Carolina,4353014,2611163
2019,Indemnity Health,Ohio,5721457,5672469
2024,Cancer Insurance,Michigan,4966616,3158526
2016,Accident Insurance,Pennsylvania,5457850,4795095
2020,Critical Illness,Maryland,4891903,3894315
2023,Accident Insurance,Maryland,3310324,2370316
2020,Cancer Insurance,Washington,4380558,3355865
2023,Critical Illness,California,11898330,8655103
2020,Cancer Insurance,Tennessee,3889410,2997138
2015,Indemnity Health,Illinois,5758278,5359022
2015,Dental & Vision,Washington,5532597,3991802
2019,Cancer Insurance,Washington,4722362,3519422
2023,Long-term Care,North Carolina,4968163,5431636
2024,Accident Insurance,Ohio,3726344,3555709
2017,Dental & Vision,Texas,10627448,7144635
2021,Critical Illness,Illinois,5329143,3731951
2022,Dental & Vision,Washington,4901089,3911615
2020,Dental & Vision,Washington,5497499,4518413
2024,Cancer Insurance,New York,8432962,5509427
2024,Long-term Care,Maryland,4639076,5438090
2016,Long-term Care,Texas,9595182,11656122
2019,Critical Illness,Illinois,4890196,3746769
2024,Accident Insurance,California,10892259,11458931
2024,Long-term Care,Wisconsin,3803548,3706200
2023,Accident Insurance,North Carolina,5707290,3637404
2024,Critical Illness,New Jersey,4972915,3180619
2023,Accident Insurance,Washington,4140290,3875115
2023,Accident Insurance,Georgia,5057444,4635280
2022,Critical Illness,Maryland,3592697,1953815
2023,Long-term Care,Texas,11038369,14068895
2022,Critical Illness,California,11792925,6976765
2020,Cancer Insurance,Texas,11673023,10761222
2019,Long-term Care,Indiana,2426923,2764699
2017,Critical Illness,California,11030882,6855473
2017,Critical Illness,Virginia,4035286,2889955
2015,Cancer Insurance,Massachusetts,5303275,3231873
2022,Indemnity Health,Ohio,4557095,4062630
2021,Accident Insurance,Pennsylvania,6410444,4492092
2019,Long-term Care,Illinois,6174111,7079616
2022,Dental & Vision,Massachusetts,5483515,5220738
2015,Critical Illness,Washington,4600804,3076521
2020,Dental & Vision,New York,8134856,6023474
2015,Cancer Insurance,Massachusetts,6138136,4379485
2019,Indemnity Health,Tennessee,3726915,2865753
2018,Dental & Vision,New York,9025315,6896838
2023,Dental & Vision,Pennsylvania,6890132,6194145
2020,Cancer Insurance,Maryland,4417797,2704007
2017,Long-term Care,New Jersey,4699819,4138529
2024,Dental & Vision,Texas,10099346,8603861
2020,Indemnity Health,Maryland,4483030,3972790
2020,Accident Insurance,North Carolina,4462698,4295205
2019,Dental & Vision,Texas,10404304,9028692
2019,Dental & Vision,Michigan,3194925,2519061
2019,Cancer Insurance,Pennsylvania,4279071,3503812
2018,Accident Insurance,Maryland,3766331,2940875
2023,Dental & Vision,Georgia,5326326,3944268
2018,Cancer Insurance,Indiana,2976437,2420743
2018,Long-term Care,Texas,8943407,7713601
2024,Cancer Insurance,Indiana,3165961,2937599
2016,Dental & Vision,Missouri,2433165,2186657
2021,Critical Illness,Pennsylvania,5026405,3493071
2017,Dental & Vision,Ohio,5303439,3546498
2016,Cancer Insurance,Illinois,7144130,6030569
2018,Critical Illness,Indiana,3885914,2492084
2018,Indemnity Health,Illinois,7341802,7479133
2017,Accident Insurance,Virginia,5095516,4118948
2023,Critical Illness,New York,8653346,7346754
2024,Accident Insurance,Arizona,2866431,1972848
2019,Dental & Vision,Michigan,4179445,4021325
2020,Dental & Vision,Wisconsin,2950125,2499704
2022,Long-term Care,New Jersey,6174710,7397307
2023,Cancer Insurance,Michigan,3260923,1829801
2019,Accident Insurance,Indiana,3752885,2381447
2023,Indemnity Health,Tennessee,3040743,2743814
2019,Dental & Vision,Maryland,3140497,2746324
2017,Indemnity Health,Tennessee,3665507,3339278
2015,Accident Insurance,Michigan,3440078,2329853
2019,Critical Illness,Maryland,3899909,2127875
2015,Long-term Care,Missouri,3019027,3564554
2021,Accident Insurance,Georgia,4958884,4186359
2018,Indemnity Health,Pennsylvania,4742922,5417178
2016,Indemnity Health,Michigan,4115885,4090941
2023,Accident Insurance,Florida,9338990,7852406
2022,Cancer Insurance,Georgia,3861982,3509600
2021,Dental & Vision,Missouri,3716267,3211201
2021,Long-term Care,Indiana,3562051,4553102
2024,Dental & Vision,Wisconsin,4007366,2921731
2016,Long-term Care,Michigan,4112498,3805004
2019,Indemnity Health,Michigan,4716333,4209233
2023,Accident Insurance,Florida,7166180,6389048
2021,Accident Insurance,Illinois,7135493,5601178
2015,Dental & Vision,Texas,11460020,7437159
2021,Critical Illness,Massachusetts,4498376,3133475
2019,Critical Illness,North Carolina,4326810,3307695
2020,Critical Illness,Indiana,2403208,1594055
2021,Indemnity Health,Wisconsin,2540119,1863479
2018,Critical Illness,Ohio,5717495,3499749
2019,Dental & Vision,California,14188799,9481257
2023,Accident Insurance,Virginia,3212510,2550611
2021,Dental & Vision,Virginia,4847820,4359910
2019,Indemnity Health,New York,12589007,12970688
2018,Accident Insurance,Wisconsin,2946757,2582264
2023,Cancer Insurance,Ohio,5476740,4357168
2015,Dental & Vision,Maryland,3192860,2435581
2019,Cancer Insurance,Massachusetts,5725155,3540608
2021,Indemnity Health,New Jersey,4185314,3812304
2024,Long-term Care,Texas,8555159,9696917
2024,Long-term Care,New Jersey,5512259,6034953
2015,Cancer Insurance,Washington,4818628,3595680
2021,Cancer Insurance,North Carolina,4729216,4570319
2015,Cancer Insurance,Massachusetts,6177098,4552648
2016,Critical Illness,Michigan,4362897,2399351
2023,Dental & Vision,Indiana,3500485,2910132
2015,Indemnity Health,Missouri,3223389,2586281
2024,Accident Insurance,Ohio,3751128,2810494
2020,Long-term Care,Arizona,3740658,4421301
2018,Indemnity Health,California,10490029,10156345
2024,Long-term Care,Maryland,3858528,4014781
2019,Accident Insurance,North Carolina,3817996,2707971
2021,Cancer Insurance,Ohio,5149384,3481861
2017,Dental & Vision,Florida,6198367,4278930
2019,Long-term Care,Washington,4510789,4167704
2015,Indemnity Health,California,13953410,11087266
2017,Long-term Care,Indiana,2809433,3154986
2016,Accident Insurance,Maryland,4271718,3533253
2016,Long-term Care,Texas,8488726,8119849
2021,Accident Insurance,Arizona,3150058,2073649
2015,Accident Insurance,Arizona,4768103,3715771
2016,Cancer Insurance,Washington,5730780,3268057
2022,Dental & Vision,Indiana,2353058,1854780
2021,Cancer Insurance,Texas,8063879,7083922
2016,Accident Insurance,New Jersey,4964912,4479840
2018,Critical Illness,Texas,9856141,7086150
2018,Critical Illness,New York,10706608,9217016
2017,Cancer Insurance,New York,12116861,7466293
2023,Long-term Care,Tennessee,4188942,4674209
2017,Cancer Insurance,Indiana,2370514,1760193
2022,Critical Illness,Pennsylvania,4799775,2775545
2021,Indemnity Health,Massachusetts,4950806,5169504
2020,Accident Insurance,Ohio,5972495,3740177
2016,Indemnity Health,Wisconsin,4105849,3910724
2024,Long-term Care,Maryland,3896145,4858638
2017,Long-term Care,California,14933971,14691214
2021,Accident Insurance,North Carolina,4996533,3886308
2017,Critical Illness,Arizona,2826246,2152768
2020,Long-term Care,Virginia,3756607,4096791
2017,Cancer Insurance,Missouri,3568947,2227269
2019,Dental & Vision,North Carolina,3356542,2381110
2015,Long-term Care,Texas,10622573,12391517
2022,Accident Insurance,Maryland,3580886,2456641
2015,Indemnity Health,Illinois,5394033,4502850
2024,Accident Insurance,Maryland,4255709,3469865
2015,Long-term Care,Virginia,4509009,3960929
2020,Critical Illness,North Carolina,4755194,3390300
2015,Long-term Care,Arizona,3263180,3828440
2019,Critical Illness,Arizona,3098661,1719554
2015,Indemnity Health,Maryland,3421557,3056502
2019,Dental & Vision,New York,11525863,9121567
2017,Long-term Care,Wisconsin,2976758,2887282
2015,Critical Illness,Washington,5135133,2997352
2022,Accident Insurance,Georgia,3634741,2884804
2015,Dental & Vision,Ohio,5170574,4508050
2019,Accident Insurance,Arizona,4747447,3034560
2021,Indemnity Health,Indiana,3939482,3345625
2017,Indemnity Health,Tennessee,2818874,2760582
2022,Dental & Vision,Tennessee,4215904,3427467
2017,Critical Illness,Georgia,3716975,2170688
2018,Critical Illness,Ohio,5762496,3083185
2022,Indemnity Health,Florida,7467773,7079043
2023,Critical Illness,Virginia,4888514,4053196
2023,Long-term Care,New Jersey,4674980,5543128
2017,Indemnity Health,New Jersey,4664631,3646019
2018,Dental & Vision,Indiana,3779089,3106944
2016,Dental & Vision,Virginia,3657998,3087013
2023,Accident Insurance,California,11842125,9123163
2017,Critical Illness,Arizona,3090424,1748232
2020,Accident Insurance,Indiana,2926951,2491649
2018,Indemnity Health,North Carolina,3916876,3171040
2023,Accident Insurance,Massachusetts,4986046,3473872
2021,Long-term Care,Michigan,3357079,3675687
2023,Critical Illness,Tennessee,3940617,2340030
2019,Indemnity Health,Missouri,3619527,3786184
2024,Dental & Vision,Michigan,3519665,2621070
2016,Cancer Insurance,Illinois,6485323,3938862
2017,Dental & Vision,Massachusetts,4186552,3399008
2023,Dental & Vision,Florida,9805918,9658054
2020,Accident Insurance,New York,11031234,7230455
2018,Accident Insurance,Tennessee,3305936,3135683
2017,Cancer Insurance,Tennessee,3282981,2938552
2024,Indemnity Health,Georgia,3642447,3165836
2022,Cancer Insurance,Florida,9105376,7573356
2023,Critical Illness,Indiana,2360006,1426699
2017,Dental & Vision,New York,11406780,8086180
2021,Critical Illness,Arizona,4321744,3347598
2017,Cancer Insurance,Ohio,4931715,4093162
2024,Indemnity Health,Wisconsin,3631506,3496773
2022,Indemnity Health,Arizona,4153410,4537027
2021,Cancer Insurance,Georgia,4384214,3362579
2020,Accident Insurance,Wisconsin,2815152,2089694
2018,Long-term Care,New York,11914622,13497878
2018,Cancer Insurance,Florida,7186100,5458703
2022,Cancer Insurance,Washington,5023312,4359285
2022,Critical Illness,Indiana,2396448,1605018
2021,Indemnity Health,Arizona,4440437,4537290
2021,Accident Insurance,Ohio,4932192,5040046
2022,Cancer Insurance,North Carolina,5500272,5210873
2020,Long-term Care,Texas,11571943,13542701
2016,Long-term Care,Florida,7528805,7202546
2023,Accident Insurance,Arizona,3888789,3650798
2022,Accident Insurance,Indiana,3114343,2556012
2019,Indemnity Health,Georgia,3418127,2798278
2018,Accident Insurance,Wisconsin,3503066,2841632
2021,Accident Insurance,Indiana,3531881,2820804
2017,Indemnity Health,Indiana,3866094,3344144
2017,Cancer Insurance,Indiana,3692978,2376820
2020,Cancer Insurance,Ohio,5487517,4407532
2016,Cancer Insurance,Missouri,3926864,2978656
2024,Dental & Vision,Maryland,4518617,3368005
2019,Accident Insurance,Tennessee,4108629,3589422
2024,Dental & Vision,New Jersey,3840962,2827575
2022,Cancer Insurance,Indiana,3134514,1941766
2019,Dental & Vision,Arizona,2893319,2799046
2016,Cancer Insurance,Washington,5608219,4587005
2021,Long-term Care,New York,11458642,12742004
2020,Cancer Insurance,Michigan,4769131,3323700
2018,Dental & Vision,Ohio,5562272,4650089
2015,Dental & Vision,Ohio,3838131,3354066
2017,Dental & Vision,New York,10809342,8349192
2022,Dental & Vision,Arizona,3961005,3333680
2019,Indemnity Health,Missouri,3725544,3644423
2018,Accident Insurance,Massachusetts,5392112,5415499
2023,Long-term Care,Massachusetts,3867187,4674962
2021,Accident Insurance,Illinois,6376949,4463401
2022,Long-term Care,Pennsylvania,6899835,7422963
2018,Cancer Insurance,New York,12739951,8665451
2016,Indemnity Health,Texas,9167247,9500665
2015,Critical Illness,Michigan,3662135,2304229
2022,Critical Illness,Tennessee,3559075,2899699
2016,Accident Insurance,Maryland,4143700,2395716
2017,Cancer Insurance,Wisconsin,3470065,2880123
2021,Critical Illness,Indiana,2838386,1793217
2022,Cancer Insurance,Tennessee,2526747,1588281
2024,Dental & Vision,Missouri,2399224,1669528
2016,Accident Insurance,Wisconsin,3245022,2112236
2016,Dental & Vision,Missouri,2732495,2125605
2021,Critical Illness,Arizona,4677742,2687459
2022,Critical Illness,Illinois,5902402,4258841
2018,Dental & Vision,Florida,7090340,5626067
2016,Dental & Vision,California,12948243,11478342
2022,Indemnity Health,Virginia,3615109,3481422
2020,Cancer Insurance,Michigan,4526745,3135986
2023,Accident Insurance,Michigan,3969175,3928970
2020,Long-term Care,New York,11791868,14028176
2024,Critical Illness,New York,11270147,6847840
2019,Critical Illness,Georgia,3963900,3234213
2015,Indemnity Health,Pennsylvania,5196421,4793644
2023,Cancer Insurance,Illinois,5235572,3694551
2023,Critical Illness,Virginia,5435733,3661619
2016,Dental & Vision,Michigan,3835179,2893442
2024,Long-term Care,California,10600650,11408627
2020,Dental & Vision,Indiana,3417073,2579119
2015,Dental & Vision,Michigan,3683432,2908408
2016,Critical Illness,Indiana,3992172,2868714
2015,Long-term Care,Michigan,3529301,4017265
2023,Accident Insurance,Indiana,2860696,2623013
2016,Indemnity Health,New Jersey,6052871,4560352
2020,Long-term Care,Washington,5265744,5211089
2023,Accident Insurance,Tennessee,2726586,2570001
2022,Accident Insurance,Florida,7325351,6018328
2017,Accident Insurance,Wisconsin,3365886,2546147
2017,Cancer Insurance,North Carolina,3758323,2922517
2020,Dental & Vision,Pennsylvania,5526403,5009009
2018,Cancer Insurance,Georgia,3668920,2191449
2017,Long-term Care,California,9352535,10559262
2023,Accident Insurance,Washington,5584039,4100659
2021,Indemnity Health,New York,10033112,10219308
2016,Dental & Vision,Pennsylvania,6937340,6423333
2018,Accident Insurance,Florida,9307638,6396042
2017,Accident Insurance,Ohio,5616809,3859279
2021,Critical Illness,Massachusetts,3973418,3014097
2024,Accident Insurance,Indiana,3745052,3072913
2019,Critical Illness,Georgia,4930652,2501394
2015,Indemnity Health,Texas,8169343,8667872
2021,Long-term Care,Indiana,3855092,4389137
2020,Dental & Vision,Tennessee,3335429,2438236
2022,Indemnity Health,Washington,4654410,3843847
2024,Critical Illness,Florida,7567536,6661805
2024,Indemnity Health,Tennessee,3408487,3001843
2017,Long-term Care,Pennsylvania,4230321,5199515
2020,Indemnity Health,Michigan,4146405,4501569
2020,Cancer Insurance,Illinois,7233147,6871025
2019,Critical Illness,Ohio,5921948,3770486
2020,Long-term Care,New Jersey,5575508,6218848
2022,Long-term Care,Washington,4505622,4902231
2021,Indemnity Health,Massachusetts,6027727,5331877
2020,Cancer Insurance,Virginia,4648348,3150827
2022,Dental & Vision,Pennsylvania,5236707,4582042
2020,Indemnity Health,Florida,6996863,7410723
2024,Critical Illness,Ohio,4709876,3487230
2015,Indemnity Health,Maryland,4230473,3507045
2017,Long-term Care,Arizona,4216338,3842725
2019,Long-term Care,Virginia,5011559,5503341
2021,Critical Illness,California,10743335,8274171
2022,Dental & Vision,Arizona,3397325,3008887
2020,Dental & Vision,New Jersey,6258824,5919269
2017,Critical Illness,Maryland,4835582,3863572
2019,Indemnity Health,California,10549260,8109557
2023,Indemnity Health,Ohio,5552195,4774339
2017,Dental & Vision,Wisconsin,2601578,1980772
2021,Accident Insurance,Indiana,2960405,2207396
2019,Cancer Insurance,Illinois,6303540,5172237
2016,Long-term Care,Georgia,4360057,4203376
2024,Long-term Care,Florida,6164627,6021177
2021,Cancer Insurance,Georgia,3842505,2336720
2019,Long-term Care,Texas,8427797,8328289
2015,Critical Illness,Florida,8987179,6750982
2018,Cancer Insurance,Maryland,5176791,4549565
2019,Indemnity Health,New Jersey,5697382,5075506
2016,Dental & Vision,Washington,5493130,4480904
2015,Accident Insurance,North Carolina,5219538,3394066
2021,Dental & Vision,Tennessee,3407512,2878160
2015,Indemnity Health,Virginia,4667840,3450425
2017,Indemnity Health,Florida,9616198,8651572
2016,Long-term Care,Tennessee,4475394,4478618
2023,Cancer Insurance,Wisconsin,4113058,3662385
2016,Cancer Insurance,Maryland,3286906,2277910
2022,Cancer Insurance,Michigan,3245880,2574334
2021,Dental & Vision,Ohio,5183869,4566919
2017,Critical Illness,Georgia,3305149,2669081
2021,Critical Illness,Texas,11179258,6053827
2016,Cancer Insurance,Illinois,5139305,4152066
2021,Cancer Insurance,Michigan,3468702,3285835
2023,Long-term Care,North Carolina,4766371,5162153
2016,Dental & Vision,Wisconsin,4052102,2895486
2024,Critical Illness,New Jersey,5221509,3612055
2017,Dental & Vision,Illinois,6746733,5256317
2020,Cancer Insurance,Ohio,3854601,3725357
2017,Cancer Insurance,Missouri,2641628,1969589
2017,Indemnity Health,California,13116767,13669265
2017,Accident Insurance,Georgia,4417749,2690325
2023,Indemnity Health,Maryland,5045418,4365564
2020,Accident Insurance,Florida,9438991,8576404
2015,Long-term Care,Pennsylvania,6024744,6533998
2023,Critical Illness,Michigan,4788356,2945244
2017,Dental & Vision,Virginia,4060372,3658690
2016,Long-term Care,Virginia,3857669,3435249
2020,Long-term Care,Indiana,2342613,2715381
2019,Dental & Vision,New Jersey,5585920,5136461
2023,Cancer Insurance,Pennsylvania,6748245,5548394
2024,Critical Illness,Maryland,3864546,3113940
2022,Cancer Insurance,California,9580713,8137051
2018,Indemnity Health,Pennsylvania,6745911,6630563
2017,Accident Insurance,New Jersey,6200818,4185119
2018,Dental & Vision,Maryland,3621888,2925392
2018,Accident Insurance,Washington,3918458,2652905
2021,Critical Illness,Virginia,3923634,2556107
2023,Cancer Insurance,New Jersey,6153683,4882710
2017,Long-term Care,Virginia,4088291,3587651
2018,Accident Insurance,New Jersey,6493756,5713874
2017,Accident Insurance,Virginia,3321179,2422606
2018,Cancer Insurance,Missouri,3231843,2840670
2015,Accident Insurance,California,10093666,8721593
2018,Accident Insurance,Massachusetts,3758317,2624839
2022,Accident Insurance,California,13837160,10387767
2019,Accident Insurance,California,10279259,7628261
2016,Accident Insurance,Massachusetts,5274926,3904549
2020,Long-term Care,Arizona,3009310,3160179
2022,Dental & Vision,Massachusetts,4811463,4103800
2023,Dental & Vision,Michigan,4015599,3439296
2024,Critical Illness,Arizona,3432142,1808198
2020,Accident Insurance,Washington,5166886,5353166
2018,Long-term Care,Texas,8142470,10070085
2015,Critical Illness,Tennessee,3718606,2867614
2023,Dental & Vision,Arizona,4598266,3826194
2024,Dental & Vision,Arizona,2934044,2533551
2018,Indemnity Health,Arizona,2945686,2853574
2018,Critical Illness,Maryland,4186946,3233731
2021,Long-term Care,Tennessee,2820688,2637246
2019,Accident Insurance,Ohio,5149206,4548399
2016,Critical Illness,Virginia,4852256,2701417
2017,Accident Insurance,Illinois,4796157,4892574
2020,Indemnity Health,Illinois,7373748,6923886
2021,Critical Illness,Texas,8537009,6638391
2022,Accident Insurance,Virginia,4108859,4051900
2024,Long-term Care,Massachusetts,5737822,7204627
2019,Long-term Care,Pennsylvania,4540301,4182201
2020,Indemnity Health,Maryland,4198442,3259807
2015,Accident Insurance,Florida,6077058,4279955
2019,Accident Insurance,Tennessee,4090891,2979988
2021,Critical Illness,New York,9538050,5710740
2020,Dental & Vision,Indiana,2316103,2326833
2024,Indemnity Health,Arizona,4467615,3239034
2016,Accident Insurance,Georgia,5376657,4363240
2020,Dental & Vision,Florida,7698475,7208163
2018,Dental & Vision,Illinois,7181409,6332798
2019,Critical Illness,Wisconsin,3247711,1648078
2020,Accident Insurance,Florida,6761329,4275535
2019,Long-term Care,Michigan,4135503,4591143
2020,Cancer Insurance,Pennsylvania,6838111,4726739
2015,Cancer Insurance,Virginia,5477635,3629635
2016,Long-term Care,New Jersey,4377980,4055303
2021,Dental & Vision,North Carolina,4284743,4264360
2019,Critical Illness,Maryland,3875690,2793238
2023,Dental & Vision,Massachusetts,3600827,3215418
2023,Accident Insurance,New York,10576742,9271527
2023,Critical Illness,Virginia,4326517,2470211
2021,Dental & Vision,North Carolina,3600464,2643760
2024,Dental & Vision,Indiana,2521627,1821570
2024,Indemnity Health,Illinois,6190086,6900311
2017,Cancer Insurance,Michigan,4455359,2847116
2022,Long-term Care,Pennsylvania,6028818,5329670
2022,Dental & Vision,California,14310534,11915592
2022,Long-term Care,Tennessee,3060012,3364579
2017,Long-term Care,Massachusetts,4115657,3680564
2015,Cancer Insurance,Washington,5560242,3246753
2023,Indemnity Health,New York,8611061,6388136
2017,Cancer Insurance,Missouri,3357235,2316173
2021,Accident Insurance,Texas,10509707,7533512
2021,Dental & Vision,Pennsylvania,5971169,4258304
2018,Accident Insurance,Virginia,4049451,3122665
2015,Cancer Insurance,Georgia,3630711,2452553
2024,Cancer Insurance,Tennessee,4165080,3258696
2015,Cancer Insurance,Illinois,5714029,3499715
2017,Critical Illness,Illinois,5008618,2859243
2018,Dental & Vision,New Jersey,4072653,3127312
2019,Indemnity Health,Ohio,5570408,4887789
2023,Cancer Insurance,Pennsylvania,4479927,2749935
2018,Cancer Insurance,Michigan,4226693,3475579
2020,Dental & Vision,Illinois,5708609,4720134
2024,Indemnity Health,North Carolina,5099034,5732047
2016,Cancer Insurance,Pennsylvania,4785139,2806130
2022,Cancer Insurance,Maryland,3062788,2626937
2021,Critical Illness,Illinois,7234567,6266458
2020,Cancer Insurance,California,14794696,11528297
2018,Accident Insurance,Tennessee,2650586,2400575
2024,Long-term Care,North Carolina,5147790,5560211
2021,Accident Insurance,Illinois,5663804,5173706
2023,Accident Insurance,Illinois,5677699,4000119
2018,Accident Insurance,Michigan,4078571,3552256
2023,Cancer Insurance,Wisconsin,4266240,3671491
2024,Dental & Vision,Maryland,3561053,2659457
2018,Long-term Care,New York,11983279,13345535
2018,Long-term Care,New York,11914416,13743236
2019,Long-term Care,Florida,6380330,7621182
2022,Dental & Vision,Illinois,7063645,6810161
2022,Indemnity Health,California,13498342,11614685
2018,Cancer Insurance,Indiana,2432089,1701941
2021,Dental & Vision,Ohio,5609147,4873722
2016,Dental & Vision,Arizona,4863424,3407680
2016,Critical Illness,Pennsylvania,4906537,3222894
2020,Critical Illness,North Carolina,5283006,4733467
2024,Critical Illness,New Jersey,4296154,2889781
2015,Long-term Care,Pennsylvania,4453129,4553162
2023,Accident Insurance,Michigan,4954586,3678810
2021,Cancer Insurance,Arizona,3677507,2630738
2018,Dental & Vision,Pennsylvania,6457179,5881884
2015,Accident Insurance,North Carolina,4936244,4240417
2017,Cancer Insurance,New Jersey,4076920,2987983
2016,Dental & Vision,Texas,9728222,7900370
2023,Long-term Care,Georgia,4777938,5915633
2020,Indemnity Health,Maryland,3645349,3089288
2024,Dental & Vision,Virginia,4825319,4446462
2023,Long-term Care,New Jersey,4760161,5532298
2017,Critical Illness,Illinois,6159218,3496973
2021,Indemnity Health,Michigan,3676531,4011750
2015,Dental & Vision,California,13805643,9237999
2024,Dental & Vision,Florida,7166701,5069794
2015,Indemnity Health,Pennsylvania,5315353,3980220
2023,Critical Illness,Missouri,3314917,1932846
2015,Accident Insurance,Michigan,4211230,3725676
2022,Cancer Insurance,Arizona,4990692,3973615
2016,Cancer Insurance,New Jersey,4906011,3812696
2023,Long-term Care,Michigan,4670312,4980619
2016,Cancer Insurance,North Carolina,5792866,4687722
2020,Cancer Insurance,Georgia,3708761,3182212
2018,Accident Insurance,Georgia,4268930,3151059
2019,Long-term Care,Florida,6426161,6053991
2021,Dental & Vision,Florida,8988254,6726926
2019,Accident Insurance,Virginia,4245408,2869779
2021,Indemnity Health,Massachusetts,4799225,3965552
2023,Long-term Care,Pennsylvania,6644264,7768748
2020,Accident Insurance,Maryland,3908478,2845432
2019,Long-term Care,Massachusetts,5905513,7286406
2018,Accident Insurance,Wisconsin,3843267,2187935
2021,Dental & Vision,California,12493126,9871689
2020,Critical Illness,California,12780807,10399030
2019,Indemnity Health,Maryland,3622865,3892379
2022,Indemnity Health,Texas,7906319,6539926
2023,Indemnity Health,Illinois,6608319,6850270
2024,Cancer Insurance,North Carolina,3274817,2906553
2015,Accident Insurance,North Carolina,4523314,3316249
2015,Cancer Insurance,Indiana,2493141,1687394
2024,Indemnity Health,California,11517669,10261317
2020,Accident Insurance,Tennessee,3525430,2873351
2024,Dental & Vision,Arizona,4974388,4407388
2022,Long-term Care,New Jersey,5748604,5881512
2023,Critical Illness,Washington,4419434,3636516
2015,Indemnity Health,New Jersey,3881922,4057898
2022,Long-term Care,Virginia,5404864,6398108
2018,Critical Illness,Missouri,3887494,2494299
2019,Indemnity Health,Massachusetts,6117583,4549424
2017,Cancer Insurance,Missouri,4152232,3273548
2023,Dental & Vision,New Jersey,3961365,3543472
2016,Dental & Vision,Pennsylvania,6416475,3992817
2018,Critical Illness,Wisconsin,3338779,1707924
2017,Indemnity Health,Tennessee,3129131,2198304
2018,Indemnity Health,Washington,3992709,3292782
2022,Accident Insurance,North Carolina,4010186,3031783
2015,Long-term Care,Indiana,2915877,2901690
2016,Dental & Vision,Florida,9284677,9215861
2017,Critical Illness,North Carolina,5488799,4058523
2018,Indemnity Health,Indiana,2675443,2935006
2017,Critical Illness,Virginia,5400016,3070286
2023,Long-term Care,Georgia,4203101,4786855
2019,Dental & Vision,Georgia,4015344,2830173
2020,Cancer Insurance,New Jersey,5959435,3920540
2016,Critical Illness,Washington,5833996,3218714
2024,Accident Insurance,Indiana,2666511,2352407
2022,Indemnity Health,Tennessee,3473215,2494464
2017,Critical Illness,Texas,11106049,7307544
2016,Indemnity Health,Massachusetts,5827442,4911400
2023,Dental & Vision,California,9441230,7221077
2018,Accident Insurance,California,12860731,9056591
2016,Indemnity Health,New York,11073862,8764255
2021,Accident Insurance,Florida,8526808,5967302
2017,Cancer Insurance,Pennsylvania,6291688,4782459
2022,Indemnity Health,Pennsylvania,6875596,5778722
2020,Long-term Care,Tennessee,4263572,4008672
2015,Critical Illness,Missouri,3497499,2489161
2015,Accident Insurance,Pennsylvania,6455545,6180355
2017,Dental & Vision,New York,9894271,8211192
2021,Indemnity Health,Missouri,3535198,3820318
2019,Accident Insurance,Texas,8699693,8474567
2018,Long-term Care,Wisconsin,4113640,4270847
2023,Dental & Vision,Washington,5422033,5217428
2015,Accident Insurance,Wisconsin,4177056,3362494
2018,Dental & Vision,Indiana,2636495,2125781
2023,Long-term Care,North Carolina,5319255,4733132
2022,Critical Illness,Michigan,4400864,2841148
2019,Indemnity Health,New York,10483322,9950115
2019,Indemnity Health,Georgia,5078329,4213684
2024,Accident Insurance,Tennessee,3698026,3038166
2016,Indemnity Health,Missouri,3421789,3668760
2023,Dental & Vision,Florida,8191509,8153777
2024,Long-term Care,Florida,9135266,9615709
2022,Critical Illness,Indiana,2449351,1966923
2024,Accident Insurance,Michigan,3114948,3093345
2022,Dental & Vision,Indiana,3461678,2409508
2020,Long-term Care,North Carolina,3776175,3336124
2023,Accident Insurance,New York,10270654,10297628
2018,Accident Insurance,Florida,9837111,9045864
2024,Dental & Vision,Virginia,4279764,3645760
2024,Dental & Vision,Texas,10429872,9160669
2021,Long-term Care,Pennsylvania,6845537,7937825
2024,Long-term Care,Maryland,4255504,4309756
2018,Cancer Insurance,Maryland,3716812,2390453
2018,Indemnity Health,Arizona,3130031,2989302
2019,Indemnity Health,Indiana,3007551,2886885
2019,Long-term Care,Michigan,3033077,3080334
2016,Accident Insurance,Georgia,4124681,3642055
2017,Long-term Care,Michigan,3796753,3725635
2022,Indemnity Health,Arizona,3318047,2557685
2018,Cancer Insurance,Missouri,3119544,2246572
2018,Long-term Care,Illinois,6029566,7229383
2015,Indemnity Health,Pennsylvania,5112342,5483224
2019,Cancer Insurance,Maryland,3985121,3646602
2024,Accident Insurance,Tennessee,3344943,3081586
2021,Long-term Care,Washington,5160740,6128961
2015,Long-term Care,Virginia,3907183,3884607
2022,Long-term Care,Pennsylvania,4977185,5781614
2015,Dental & Vision,California,11474954,8213460
2024,Cancer Insurance,Virginia,4018019,2966138
2023,Accident Insurance,Washington,3621097,3710661
2019,Long-term Care,Massachusetts,5413936,5804214
2015,Accident Insurance,Texas,8058662,5714351
2019,Cancer Insurance,Washington,3978782,3361402
2018,Critical Illness,Washington,4445976,3908563
2016,Long-term Care,Illinois,6613381,7111340
2022,Cancer Insurance,Pennsylvania,5520446,5466405
2015,Long-term Care,New York,11318496,11629919
2016,Indemnity Health,Arizona,2912826,2912604
2016,Critical Illness,Indiana,2418896,1346263
2023,Accident Insurance,Indiana,2339021,2074149
2024,Indemnity Health,Washington,4785814,3908479
2015,Indemnity Health,North Carolina,3201702,2504505
2017,Dental & Vision,Pennsylvania,5472431,5187839
2015,Accident Insurance,Georgia,3494616,2858354
2020,Long-term Care,Georgia,5305466,5897462
2024,Cancer Insurance,Virginia,5353761,2991323
2022,Indemnity Health,New York,9343789,8583253
2017,Accident Insurance,Missouri,2990852,2876330
2024,Indemnity Health,Georgia,4009159,3018504
2019,Long-term Care,Illinois,6951250,7289899
2017,Accident Insurance,New Jersey,3996957,2796983
2022,Dental & Vision,Washington,5101510,4467660
2019,Indemnity Health,Washington,3604595,3352444
2022,Indemnity Health,Michigan,3647822,3108543
2022,Dental & Vision,Wisconsin,4066542,3668902
2024,Accident Insurance,Virginia,4477268,4398998
2018,Long-term Care,California,10280460,11668177
2018,Cancer Insurance,Pennsylvania,4949653,3667190
2020,Critical Illness,Massachusetts,3943172,2690629
2022,Critical Illness,Florida,8200439,4425754
2024,Accident Insurance,Georgia,5126780,4724865
2018,Indemnity Health,Indiana,3171221,3265300
2023,Critical Illness,New Jersey,4713285,4360169
2022,Dental & Vision,Indiana,2865409,2044936
2024,Indemnity Health,Tennessee,2582369,2803250
2023,Long-term Care,Florida,7029744,7531112
2021,Long-term Care,Texas,11737770,14588768
2023,Accident Insurance,Florida,8186973,8095356
2015,Accident Insurance,Missouri,3826238,3494139
2016,Long-term Care,New Jersey,4262029,3651108
2024,Critical Illness,Ohio,3814753,3349097
2021,Accident Insurance,Indiana,3172799,2948571
2017,Accident Insurance,New York,11984617,6863829
2023,Dental & Vision,Florida,6702865,5999719
2021,Indemnity Health,Washington,5610456,4235768
2023,Indemnity Health,Florida,8033960,7003522
2016,Indemnity Health,Massachusetts,3915919,3959260
2019,Indemnity Health,California,12588761,13200475
2023,Accident Insurance,Indiana,2705507,2173742
2023,Indemnity Health,Ohio,5036918,4299190
2018,Accident Insurance,Wisconsin,3071263,2213152
2022,Cancer Insurance,California,14838678,10494047
2017,Cancer Insurance,Massachusetts,5470374,3200569
2018,Critical Illness,Ohio,3890714,2332488
2015,Accident Insurance,Georgia,3976105,3630309
2024,Cancer Insurance,Michigan,3377928,2886585
2020,Dental & Vision,New York,9598319,8475254
2024,Cancer Insurance,Maryland,4092056,3706101
2015,Dental & Vision,Ohio,5164704,3722047
2017,Long-term Care,Texas,9422843,8871766
2023,Indemnity Health,Tennessee,3118576,3183144
2017,Critical Illness,Florida,8181912,4849106
2016,Cancer Insurance,Florida,8759878,5240794
2022,Dental & Vision,Maryland,4447454,3945924
2020,Accident Insurance,Florida,7042814,4325601
2022,Accident Insurance,Washington,5196688,4184378
2019,Long-term Care,Pennsylvania,6657305,6289171
2019,Accident Insurance,Virginia,5178466,4499511
2015,Critical Illness,Illinois,5203475,3821945
2020,Dental & Vision,Michigan,4851052,3383597
2018,Critical Illness,Massachusetts,5889803,3108289
2020,Indemnity Health,Arizona,3926747,3292898
2020,Accident Insurance,Tennessee,3716553,2726574
2020,Accident Insurance,Missouri,3747072,3603528
2018,Dental & Vision,Georgia,5234046,3708721
2015,Indemnity Health,New Jersey,5390170,4691778
2015,Critical Illness,Texas,11799603,6160074
2022,Dental & Vision,Massachusetts,3990891,3299600
2024,Long-term Care,Arizona,2889630,3514672
2015,Cancer Insurance,Arizona,4244999,2658382
2015,Dental & Vision,Missouri,2543241,1998632
2020,Cancer Insurance,Massachusetts,5428346,4224309
2016,Accident Insurance,Michigan,4207237,3744818
2021,Cancer Insurance,Michigan,4963048,3366402
2024,Long-term Care,Wisconsin,2443946,2455516
2018,Indemnity Health,Texas,11878039,10795665
2015,Cancer Insurance,Wisconsin,3102634,2173182
2015,Cancer Insurance,Florida,6479887,5630797
2020,Accident Insurance,Ohio,5157973,4740713
2021,Accident Insurance,Maryland,4733716,3277519
2017,Critical Illness,New Jersey,6143294,3896737
2019,Dental & Vision,Maryland,4290440,3722359
2021,Long-term Care,New Jersey,6320469,7249646
2020,Critical Illness,New York,8103457,4510083
2019,Accident Insurance,Georgia,4574826,4291712
2019,Cancer Insurance,Texas,11047203,9930088
2021,Indemnity Health,North Carolina,5567660,4595099
2020,Accident Insurance,Wisconsin,4012982,3678647
2019,Accident Insurance,Ohio,4602990,3448114
2022,Accident Insurance,Georgia,3108602,2728851
2019,Accident Insurance,Illinois,6882050,6692236
2023,Accident Insurance,Tennessee,4381983,4018036
2015,Critical Illness,Georgia,5023616,2852764
2020,Indemnity Health,California,14304288,10643344
2015,Accident Insurance,Massachusetts,3922383,3397124
2024,Cancer Insurance,Georgia,4861279,4342346
2020,Critical Illness,Wisconsin,4175121,2544146
2017,Long-term Care,Washington,5745830,5525072
2019,Indemnity Health,Pennsylvania,4872442,4108515
2018,Indemnity Health,Wisconsin,3794614,4153675
2015,Cancer Insurance,North Carolina,3630292,2907951
2023,Long-term Care,Maryland,3822448,4276986
2019,Dental & Vision,Tennessee,2962914,2112103
2023,Dental & Vision,New Jersey,4910660,3516488
2024,Critical Illness,Maryland,3243238,2409996
2017,Dental & Vision,Arizona,2886897,2448699
2015,Cancer Insurance,Michigan,4952083,2994843
2017,Accident Insurance,Texas,7998270,7399313
2017,Indemnity Health,Wisconsin,4261119,4335135
2018,Critical Illness,Maryland,5076354,2780269
2019,Cancer Insurance,Pennsylvania,4174837,3656135
2020,Accident Insurance,New York,9264526,6425750
2019,Accident Insurance,California,9921713,8711105
2016,Long-term Care,Massachusetts,4248280,4753745
2019,Dental & Vision,Michigan,3658403,2977119
2021,Cancer Insurance,North Carolina,4878892,4155421
2019,Accident Insurance,Florida,6015560,4819903
2017,Long-term Care,Tennessee,4314563,4558845
2017,Accident Insurance,Virginia,3933616,2477531
2024,Accident Insurance,Virginia,5360245,4841784
2019,Accident Insurance,Missouri,3734433,3617219
2021,Critical Illness,New Jersey,4665269,3293667
2024,Long-term Care,Georgia,3544244,3689492
2020,Cancer Insurance,Wisconsin,3771695,3318380
2015,Indemnity Health,Florida,6480464,6160031
2024,Indemnity Health,Massachusetts,5267731,4200054
2020,Accident Insurance,Ohio,3816151,3465815
2019,Indemnity Health,Florida,7494058,6891244
2015,Indemnity Health,Missouri,3762760,2949433
2023,Critical Illness,Texas,11249583,7548918
2024,Cancer Insurance,Maryland,4950390,3021189
2017,Accident Insurance,Florida,8225892,7794797
2016,Critical Illness,New Jersey,4449175,2632545
2015,Indemnity Health,Georgia,3007093,2812528
2023,Cancer Insurance,Michigan,3286186,2563827
2024,Dental & Vision,Indiana,3072143,3014372
2018,Accident Insurance,New York,12787654,11406742
2022,Accident Insurance,Pennsylvania,4046856,2692418
2021,Long-term Care,California,9457770,9623628
2023,Cancer Insurance,Massachusetts,4483168,2884449
2021,Long-term Care,New York,9971453,10797588
2016,Critical Illness,Tennessee,2756641,1890458
2023,Critical Illness,Wisconsin,2495860,1976583
2024,Accident Insurance,Florida,6479162,6319260
2018,Dental & Vision,Washington,5861753,5052053
2016,Long-term Care,Texas,11263566,13860444
2015,Long-term Care,Pennsylvania,6424540,7131984
2020,Cancer Insurance,Texas,10680252,9006404
2019,Cancer Insurance,Texas,8065086,7914485
2017,Indemnity Health,Indiana,3465245,3863148
2021,Long-term Care,Indiana,3564863,3741214
2015,Indemnity Health,New Jersey,5557502,5175759
2021,Cancer Insurance,Pennsylvania,4562636,3385647
2017,Cancer Insurance,Ohio,3862820,2919608
2024,Cancer Insurance,Indiana,3020420,2299950
2016,Accident Insurance,Michigan,4231693,3456059
2017,Long-term Care,Ohio,4031256,3996672
2022,Indemnity Health,Wisconsin,3777660,4066812
2021,Indemnity Health,North Carolina,4350811,4399125
2019,Dental & Vision,New York,10689731,7141928
2016,Cancer Insurance,Tennessee,3786482,3079265
2024,Dental & Vision,California,12567233,8773709
2018,Accident Insurance,Wisconsin,3690040,3221138
2016,Dental & Vision,Indiana,2509551,2048297
2021,Critical Illness,California,12883147,9017219
2018,Long-term Care,Ohio,4156579,3851938
2021,Critical Illness,Tennessee,3192075,2052194
2020,Dental & Vision,Virginia,4362314,3949665
2015,Long-term Care,Tennessee,3837014,3675419
2015,Indemnity Health,Florida,9028673,8765322
2017,Accident Insurance,Missouri,2905581,1900919
2019,Long-term Care,Virginia,4363234,4500387
2019,Dental & Vision,Arizona,4709789,3314001
2024,Accident Insurance,Florida,6970708,6602704
2023,Critical Illness,Tennessee,3844912,2239875
2021,Accident Insurance,Missouri,2446514,2439116
2024,Dental & Vision,Washington,5554130,4146465
2019,Accident Insurance,Wisconsin,3619793,2932972
2018,Cancer Insurance,Illinois,5355806,4397730
2023,Critical Illness,New York,12488729,8335637
2017,Indemnity Health,New York,8101222,6865454
2015,Dental & Vision,Pennsylvania,6429101,5250857
2017,Long-term Care,Arizona,3136202,3430520
2015,Dental & Vision,Indiana,2859561,2369836
2024,Long-term Care,Texas,9637770,10738792
2015,Cancer Insurance,Pennsylvania,5145744,3224758
2019,Critical Illness,Maryland,3816427,2473090
2021,Accident Insurance,Florida,8335693,7151299
2017,Indemnity Health,Virginia,3669729,3549241
2018,Long-term Care,Texas,11554823,15245066
2021,Dental & Vision,Florida,8885677,7768630
2024,Dental & Vision,Pennsylvania,6133950,6248128
2018,Indemnity Health,California,11348798,7835075
2020,Cancer Insurance,Tennessee,2690924,1466652
2018,Cancer Insurance,Massachusetts,5983840,5187648
2017,Cancer Insurance,Ohio,5170190,3296113
2016,Accident Insurance,Michigan,3534248,2901432
2019,Accident Insurance,Washington,5903870,4246704
2016,Cancer Insurance,Ohio,4336697,2640118
2020,Indemnity Health,Virginia,3879272,3260449
2017,Long-term Care,North Carolina,4356015,5437608
2021,Indemnity Health,Washington,5839184,4618766
2021,Accident Insurance,Maryland,3808923,3162560
2022,Indemnity Health,Maryland,4573733,4860614
2023,Cancer Insurance,New Jersey,6462416,5113795
2020,Dental & Vision,California,10178575,6746407
2015,Dental & Vision,Missouri,3427545,2698393
2019,Indemnity Health,Wisconsin,2665024,2821590
2016,Dental & Vision,North Carolina,4578625,3074764
2020,Dental & Vision,Wisconsin,2462835,2147983
2020,Indemnity Health,Michigan,4932291,5326953
2024,Long-term Care,Maryland,4985747,6587595
2023,Dental & Vision,Maryland,3651717,2539168
2017,Critical Illness,Virginia,3927752,2661497
2019,Indemnity Health,Maryland,4306815,3226282
2021,Long-term Care,Tennessee,3171417,3779827
2020,Indemnity Health,Georgia,4658720,4877110
2020,Indemnity Health,Pennsylvania,5979501,6546755
2018,Critical Illness,Illinois,5638981,3577511
2019,Accident Insurance,California,9695395,7116235
2017,Indemnity Health,New Jersey,5966342,4797142
2017,Indemnity Health,Missouri,3699968,3232955
2016,Long-term Care,Pennsylvania,6543936,5545014
2021,Indemnity Health,Wisconsin,3533064,2575944
2023,Cancer Insurance,Georgia,4775332,3179883
2018,Dental & Vision,New York,11582975,10730456
2017,Accident Insurance,New Jersey,3922407,3331926
2017,Dental & Vision,Georgia,3304464,2586394
2020,Dental & Vision,California,11610441,9283704
2016,Accident Insurance,Pennsylvania,4162792,3013059
2015,Critical Illness,Missouri,2737755,2134124
2017,Critical Illness,Maryland,3823478,3220809
2016,Critical Illness,Maryland,4861485,2465534
2017,Critical Illness,Massachusetts,3976862,2717730
2019,Long-term Care,Massachusetts,5131614,5823570
2024,Critical Illness,Maryland,4801158,4462021
2023,Dental & Vision,Massachusetts,4768556,4210813
2020,Accident Insurance,Arizona,3349941,3088049
2017,Accident Insurance,North Carolina,3201780,2521040
2023,Cancer Insurance,North Carolina,3209341,3225407
2023,Critical Illness,Washington,4616688,3160688
2019,Indemnity Health,Texas,7888871,7643007
2023,Dental & Vision,Virginia,4949785,4610149
2017,Long-term Care,New Jersey,4208991,5161264
2017,Cancer Insurance,Michigan,4206007,3349529
2021,Cancer Insurance,Tennessee,3409991,2203620
2022,Accident Insurance,New Jersey,5855507,5446436
2021,Critical Illness,North Carolina,3320969,2453005
2017,Indemnity Health,Michigan,3017905,2407166
2019,Accident Insurance,Wisconsin,3838818,3100027
2024,Indemnity Health,Indiana,2481218,2649133
2017,Dental & Vision,California,14170488,8993554
2017,Long-term Care,Arizona,2927286,2474863
2017,Cancer Insurance,Florida,9980519,8400234
2018,Critical Illness,Ohio,4941749,4112274
2022,Accident Insurance,Pennsylvania,5098923,3946951
2022,Long-term Care,Washington,5842963,5963104
2024,Indemnity Health,California,12585495,11817508
2023,Critical Illness,Missouri,3185983,3037534
2022,Accident Insurance,North Carolina,3372439,2137042
2020,Long-term Care,Arizona,2870036,3128736
2015,Cancer Insurance,Wisconsin,3018710,2353219
2024,Accident Insurance,Missouri,3946212,2804678
2017,Dental & Vision,Arizona,4575297,3969827
2015,Dental & Vision,Massachusetts,5102495,4700101
2016,Indemnity Health,North Carolina,3901018,3747500
2017,Critical Illness,Indiana,2313855,1541299
2015,Long-term Care,California,11506857,11678760
2023,Long-term Care,Arizona,3029275,2817760
2019,Critical Illness,Virginia,3483340,2952212
2015,Critical Illness,Virginia,3451810,1908132
2015,Accident Insurance,Virginia,3656108,3118235
2023,Cancer Insurance,Florida,6580658,5026762
2017,Indemnity Health,Massachusetts,5836219,4764191
2024,Long-term Care,Texas,8208365,10087133
2020,Dental & Vision,Michigan,3460514,2835640
2022,Accident Insurance,Virginia,4318840,4160100
2024,Critical Illness,Florida,9909723,5693640
2017,Indemnity Health,Wisconsin,3799893,3737901
2021,Long-term Care,North Carolina,3307213,3752853
2019,Critical Illness,Pennsylvania,6472066,5292999
2019,Dental & Vision,Indiana,3685020,2903496
2022,Indemnity Health,Missouri,3669503,3443208
2024,Long-term Care,New Jersey,6494354,7066895
2019,Long-term Care,Illinois,5227722,6402648
2022,Indemnity Health,Tennessee,3536267,3782964
2020,Accident Insurance,Michigan,3877165,2606927
2021,Long-term Care,Ohio,3539701,3025722
2023,Indemnity Health,Georgia,5487906,4199529
2020,Dental & Vision,Ohio,3564980,3535022
2015,Critical Illness,California,13823133,11602522
2021,Dental & Vision,Georgia,3294206,2265641
2020,Critical Illness,Wisconsin,2491275,1364880
2017,Cancer Insurance,Wisconsin,3804341,3050693
2016,Accident Insurance,Maryland,4152539,3766188
2022,Cancer Insurance,Tennessee,2694691,1675608
2017,Accident Insurance,North Carolina,3383672,3077064
2021,Critical Illness,Pennsylvania,6580035,5193036
2017,Dental & Vision,Maryland,3165732,2759135
2020,Long-term Care,Georgia,3566711,4141336
2023,Dental & Vision,Pennsylvania,5924643,5145855
2019,Accident Insurance,Florida,8552060,5380449
2020,Accident Insurance,North Carolina,3413413,3219837
2016,Indemnity Health,Ohio,3604543,3100820
2019,Indemnity Health,Florida,6254085,5887029
2018,Cancer Insurance,New Jersey,4258823,2987466
2015,Dental & Vision,Virginia,4172472,3685799
2018,Cancer Insurance,New Jersey,4648745,4104956
2016,Cancer Insurance,New Jersey,5528275,2998816
2024,Critical Illness,Georgia,4579343,3718869
2023,Accident Insurance,Indiana,3568412,2213680
2015,Long-term Care,Georgia,3084862,3127266
2020,Critical Illness,Illinois,6499062,5462681
2020,Cancer Insurance,Massachusetts,4901993,3050726
2015,Dental & Vision,Texas,11600586,7838214
2020,Long-term Care,Missouri,4143985,4905306
2022,Critical Illness,Washington,5963026,3558357
2021,Cancer Insurance,Wisconsin,3729289,2087403
2023,Accident Insurance,Pennsylvania,6431192,6592086
2018,Indemnity Health,Maryland,3608797,3135828
2022,Dental & Vision,Wisconsin,2728294,2376908
2018,Accident Insurance,New York,12161244,8892515
2023,Accident Insurance,Texas,10185488,8553279
2017,Indemnity Health,Illinois,4912175,4679270
2018,Accident Insurance,Ohio,5003548,4556966
2024,Critical Illness,Illinois,5323348,4531998
2022,Dental & Vision,New York,10089353,6658316
2021,Critical Illness,Washington,4853546,3946268
2017,Accident Insurance,New Jersey,4327488,2827345
2020,Dental & Vision,Ohio,5668643,3712886
2015,Cancer Insurance,Texas,7523786,5245255
2019,Cancer Insurance,North Carolina,5717098,3505290
2017,Cancer Insurance,North Carolina,4403192,3277871
2016,Critical Illness,Indiana,2642015,1498024
2024,Accident Insurance,Indiana,3171056,3305804
2023,Indemnity Health,North Carolina,4385453,3268760
2024,Dental & Vision,New York,11045360,9469913
2021,Dental & Vision,Michigan,3330941,2787939
2022,Accident Insurance,Florida,7062015,5326557
2024,Accident Insurance,Maryland,3126667,2321350
2022,Indemnity Health,Wisconsin,3666471,2827011
2022,Dental & Vision,Texas,10427535,9391089
2024,Indemnity Health,Ohio,3864709,4256020
2019,Cancer Insurance,Wisconsin,3240408,2028936
2021,Dental & Vision,North Carolina,5614758,5213513
2015,Critical Illness,Indiana,3340054,2153665
2019,Long-term Care,Missouri,2456239,2394688
2023,Critical Illness,Virginia,4455745,2882697
2015,Dental & Vision,New York,8331748,7012646
2015,Indemnity Health,Indiana,3856763,3765303
2015,Cancer Insurance,Tennessee,3537868,2833034
2021,Critical Illness,Arizona,4766279,3053702
2024,Long-term Care,Massachusetts,4527562,4460073
2022,Indemnity Health,Georgia,4838334,5222633
2016,Long-term Care,North Carolina,4698657,4041806
2024,Long-term Care,Georgia,3988318,5126678
2020,Cancer Insurance,Massachusetts,4849243,4288970
2020,Long-term Care,North Carolina,5033591,5316284
2023,Indemnity Health,Texas,11608571,12088347
2021,Dental & Vision,Indiana,2835869,2120908
2020,Long-term Care,Indiana,3298661,3650057
2024,Long-term Care,Indiana,3242964,3366220
2017,Cancer Insurance,New Jersey,6258597,5284582
2019,Indemnity Health,Missouri,3168399,2591519
2020,Accident Insurance,Tennessee,2721779,2094517
2017,Accident Insurance,Maryland,4699768,3184789
2021,Accident Insurance,Pennsylvania,6793739,6149895
2021,Critical Illness,Texas,10934517,6179839
2023,Dental & Vision,Illinois,7075502,4656490
2018,Cancer Insurance,Tennessee,2625076,1913197
2020,Indemnity Health,North Carolina,3419426,3495349
2019,Cancer Insurance,Virginia,5061655,3930684
2017,Cancer Insurance,New York,12958784,7720999
2017,Critical Illness,Michigan,4311139,3333308
2016,Dental & Vision,New Jersey,4896100,4300054
2024,Dental & Vision,Arizona,3609643,2697544
2024,Dental & Vision,California,12009664,10773364
2024,Indemnity Health,New York,10133569,9828453
2019,Long-term Care,New Jersey,5448155,5163266
2017,Accident Insurance,Ohio,3852457,3634506
2018,Dental & Vision,Wisconsin,2762582,1930505
2017,Indemnity Health,California,10035942,7322217
2020,Dental & Vision,Arizona,3848950,3608165
2024,Critical Illness,Michigan,3154991,1756090
2024,Dental & Vision,Ohio,5157548,3822629
2020,Dental & Vision,Illinois,6136945,5134990
2018,Accident Insurance,Illinois,6707694,4793037
2020,Dental & Vision,Arizona,4696205,3160843
2021,Long-term Care,New Jersey,4772432,4825346
2017,Indemnity Health,Tennessee,3508587,3683702
2017,Dental & Vision,Missouri,2470140,1830950
2022,Long-term Care,Wisconsin,4226552,5220591
2022,Indemnity Health,Massachusetts,5359131,5442707
2019,Accident Insurance,New York,8101645,7334773
2016,Dental & Vision,Tennessee,3320747,2540454
2018,Long-term Care,Massachusetts,4271311,3521765
2019,Critical Illness,New York,9615581,7663147
2021,Long-term Care,North Carolina,4811020,5486915
2020,Accident Insurance,Arizona,4719205,3263544
2019,Cancer Insurance,New Jersey,5885385,5406301
2023,Critical Illness,Texas,10916901,7179192
2020,Long-term Care,Massachusetts,5144781,5571391
2020,Cancer Insurance,New York,8142555,4902206
2022,Cancer Insurance,New York,10915453,8869705
2021,Critical Illness,Maryland,3985066,2224903
2020,Cancer Insurance,Indiana,2717838,2233194
2019,Critical Illness,Illinois,6873390,4836402
2015,Critical Illness,Pennsylvania,4934907,3280273
2015,Indemnity Health,Ohio,4546603,4174141
2021,Accident Insurance,Missouri,3170195,1941588
2017,Indemnity Health,Maryland,3119011,3214212
2019,Accident Insurance,Florida,7981374,6980882
2021,Dental & Vision,New Jersey,5872836,4503972
2018,Cancer Insurance,Arizona,4907537,4372758
2021,Cancer Insurance,Maryland,4516243,3323867
2016,Dental & Vision,Missouri,2838465,2330220
2022,Critical Illness,California,13065081,9235040
2019,Critical Illness,Massachusetts,5371918,3013820
2016,Accident Insurance,Virginia,5059662,3904035
2021,Dental & Vision,Ohio,4910930,4439903
2024,Accident Insurance,California,9323921,9587011
2019,Critical Illness,Massachusetts,4917258,3401203
2018,Long-term Care,Tennessee,2555469,2261601
2019,Dental & Vision,Illinois,5108819,3966875
2019,Long-term Care,Virginia,3945927,4318827
2016,Indemnity Health,Georgia,4193910,3416718
2016,Long-term Care,Missouri,3217490,3588953
2021,Indemnity Health,Pennsylvania,6140407,6545080
2022,Critical Illness,Virginia,3501879,2104222
2015,Accident Insurance,Maryland,3179577,2250191
2022,Critical Illness,Illinois,5287222,4731555
2021,Dental & Vision,Pennsylvania,6344278,5729100
2023,Cancer Insurance,Illinois,6341267,4491031
2016,Accident Insurance,California,12419342,10742622
2019,Critical Illness,North Carolina,4199397,2370114
2016,Accident Insurance,Ohio,5616066,5030014
2020,Critical Illness,Wisconsin,4107625,2603969
2015,Dental & Vision,Texas,8005460,6725506
2015,Critical Illness,Arizona,4797137,3371875
2020,Critical Illness,Massachusetts,4123429,3209528
2016,Long-term Care,Washington,5606283,6042360
2023,Indemnity Health,Illinois,4625714,4016500
2016,Cancer Insurance,Illinois,6534433,4980757
2023,Long-term Care,Ohio,4651091,5487248
2017,Long-term Care,New York,10265352,11621931
2022,Indemnity Health,Tennessee,3248213,3653457
2022,Indemnity Health,New Jersey,5293726,4017989
2018,Cancer Insurance,Georgia,4321997,2932118
2015,Cancer Insurance,Florida,6062328,4283357
2023,Dental & Vision,Michigan,3451053,2420677
2015,Critical Illness,Maryland,3663440,2556516
2022,Long-term Care,Pennsylvania,4735170,6404735
2021,Dental & Vision,Michigan,3997120,2915738
2019,Indemnity Health,Michigan,4138341,3987811
2017,Indemnity Health,Michigan,3158445,3129837
2015,Accident Insurance,Missouri,3226063,2569276
2015,Critical Illness,Missouri,2572156,1338386
2021,Long-term Care,Indiana,3543690,3651810
2019,Indemnity Health,Tennessee,3548810,2705109
2016,Long-term Care,New York,11975301,13902013
2024,Indemnity Health,Wisconsin,2963336,3103563
2016,Long-term Care,Georgia,3392968,3478033
2017,Indemnity Health,Indiana,3818284,3581180
2017,Dental & Vision,Tennessee,4352903,3391355
2019,Long-term Care,Michigan,4687084,5189566
2024,Dental & Vision,Virginia,5161646,4711319
2022,Dental & Vision,Virginia,4458949,3530703
2019,Indemnity Health,Texas,9375920,8372181
2017,Indemnity Health,Virginia,3834935,3945990
2023,Critical Illness,Pennsylvania,6996817,6625001
2022,Long-term Care,Virginia,3844984,4157932
2024,Dental & Vision,Texas,9427344,6730247
2020,Critical Illness,New Jersey,4188726,3425738
2022,Dental & Vision,Florida,7820035,6740477
2023,Critical Illness,Arizona,3494001,2150383
2024,Dental & Vision,Missouri,3226376,2880242
2022,Indemnity Health,North Carolina,5631112,4336608
2019,Critical Illness,Missouri,3311059,2453948
2015,Critical Illness,California,10493106,8239242
2015,Dental & Vision,New York,12929009,11035223
2024,Cancer Insurance,Virginia,3602950,2920191
2023,Accident Insurance,Washington,4310750,3850990
2022,Indemnity Health,Tennessee,4071689,3212055
2020,Long-term Care,Virginia,3383404,3116964
2024,Critical Illness,Tennessee,3618394,2880539
2015,Cancer Insurance,Indiana,2402755,1730757
2020,Cancer Insurance,Michigan,3990666,2391086
2019,Long-term Care,California,9022336,8671206
2015,Indemnity Health,Texas,10139709,8011075
2015,Indemnity Health,Pennsylvania,4796489,4217321
2018,Accident Insurance,Ohio,5385837,4560737
2018,Long-term Care,Texas,11207746,12456783
2017,Indemnity Health,Pennsylvania,5524882,5186371
2015,Critical Illness,Virginia,3902862,3020277
2023,Accident Insurance,Missouri,2995412,2484913
2020,Cancer Insurance,Pennsylvania,4287066,2581652
2019,Dental & Vision,Washington,3591053,2913920
2017,Critical Illness,Texas,7678453,6381811
2017,Dental & Vision,Texas,11524224,8050353
2023,Dental & Vision,New York,8119192,6812059
2021,Accident Insurance,Massachusetts,5205086,3630080
2024,Cancer Insurance,Illinois,6387993,5072075
2019,Accident Insurance,Pennsylvania,5166150,4119060
2016,Dental & Vision,Texas,11292322,9884102
2015,Dental & Vision,Tennessee,2517772,1941198
2024,Long-term Care,Illinois,4506897,4821007
2016,Critical Illness,California,14150647,9325240
2023,Indemnity Health,Michigan,3367891,3424665
2023,Cancer Insurance,Tennessee,4447938,3667589
2016,Cancer Insurance,Michigan,4523600,3185240
2022,Accident Insurance,Tennessee,3959608,2509729
2022,Dental & Vision,Indiana,2640730,2623392
2018,Critical Illness,Michigan,3845639,3132381
2024,Critical Illness,Arizona,3633537,2949658
2015,Accident Insurance,Arizona,4339183,2458063
2022,Dental & Vision,Michigan,3878782,4009871
2015,Critical Illness,Pennsylvania,5147122,3923161
2016,Cancer Insurance,Arizona,3852304,3213827
2017,Cancer Insurance,Florida,6841407,4714244
2020,Accident Insurance,Maryland,3272872,2537450
2018,Long-term Care,Texas,11017143,13589433
2020,Dental & Vision,Arizona,4322834,3657123
2016,Accident Insurance,Massachusetts,5282558,4037104
2022,Accident Insurance,Missouri,4135546,2678235
2018,Accident Insurance,New York,11643414,9506274
2019,Long-term Care,Tennessee,3788671,3578546
2020,Critical Illness,North Carolina,5739257,3174880
2021,Indemnity Health,Wisconsin,3694949,3736652
2021,Long-term Care,Wisconsin,2587803,3157760
2015,Cancer Insurance,Washington,5036492,3653578
2019,Dental & Vision,Illinois,4830334,4322879
2018,Dental & Vision,Ohio,4380468,3465266
2015,Indemnity Health,Georgia,4449916,4146379
2015,Critical Illness,Illinois,4680960,2587676
2024,Cancer Insurance,Virginia,4742150,2786113
2022,Indemnity Health,Texas,10634670,8240535
2016,Cancer Insurance,Pennsylvania,6533581,4337041
2023,Critical Illness,Virginia,4417102,3340274
2016,Cancer Insurance,Virginia,5392687,3213891
2023,Critical Illness,Maryland,4966089,3196024
2023,Dental & Vision,Michigan,4696715,3262871
2016,Critical Illness,Missouri,3196635,2664708
2020,Cancer Insurance,Wisconsin,2850588,1745827
2019,Critical Illness,Missouri,3873900,1970699
2022,Long-term Care,Virginia,3913263,4641559
2022,Indemnity Health,Arizona,3222594,3172256
2015,Indemnity Health,Indiana,2260543,2394535
2017,Accident Insurance,Maryland,4127699,3632168
2018,Accident Insurance,North Carolina,4684521,4062149
2015,Accident Insurance,New Jersey,5106012,4052247
2015,Dental & Vision,New York,11197356,9374003
2023,Long-term Care,Virginia,5238044,5427285
2016,Indemnity Health,Georgia,4777681,4561882
2015,Dental & Vision,Washington,4088446,3020736
2024,Cancer Insurance,Washington,3774470,2250983
2022,Critical Illness,New Jersey,5936021,4337708
2023,Dental & Vision,Missouri,3787171,2753465
2018,Accident Insurance,Ohio,4000507,2548009
2016,Long-term Care,Illinois,5649862,5859676
2020,Accident Insurance,Arizona,3043807,2863214
2017,Critical Illness,Illinois,6790563,4714377
2021,Accident Insurance,Georgia,3939248,3355839
2021,Indemnity Health,Indiana,2894068,3244937
2023,Indemnity Health,Indiana,3825757,3413143
2017,Cancer Insurance,New Jersey,4431674,3863334
2016,Accident Insurance,New York,10640817,9062463
2019,Long-term Care,North Carolina,4066312,4085265
2017,Long-term Care,Texas,9149712,9987359
2022,Critical Illness,North Carolina,3481657,2118712
2020,Critical Illness,California,13324908,7423102
2023,Indemnity Health,Wisconsin,3696426,2721415
2018,Indemnity Health,Wisconsin,2842632,2275889
2016,Dental & Vision,New York,11237114,7878997
2019,Cancer Insurance,Michigan,3425550,3019822
2019,Long-term Care,Missouri,3659096,3800529
2020,Indemnity Health,Florida,8466947,8956564
2015,Critical Illness,Tennessee,3851771,2145794
2018,Long-term Care,Massachusetts,4129847,5048452
2015,Accident Insurance,Illinois,6096381,3553963
2017,Dental & Vision,Arizona,3320669,2927453
2018,Critical Illness,Florida,7040097,5038986
2016,Accident Insurance,Ohio,4632456,3925192
2016,Accident Insurance,Virginia,4527414,3951296
2016,Critical Illness,North Carolina,4036791,2358606
2016,Indemnity Health,North Carolina,4281759,3986632
2024,Critical Illness,North Carolina,5355055,2708682
2018,Indemnity Health,Washington,4760401,4521944
2020,Critical Illness,Massachusetts,5686939,2961069
2017,Cancer Insurance,Pennsylvania,6212705,5043190
2019,Cancer Insurance,Pennsylvania,5122750,4573213
2016,Indemnity Health,Pennsylvania,4275262,3577759
2020,Accident Insurance,Washington,4352843,4023459
2022,Long-term Care,Tennessee,4001805,4552899
2020,Indemnity Health,Maryland,3571664,3746582
2017,Long-term Care,New York,10869752,10511572
2015,Dental & Vision,Wisconsin,2674115,1836118
2017,Cancer Insurance,Georgia,3712676,2944114
2022,Accident Insurance,Missouri,3806138,3702821
2018,Accident Insurance,Pennsylvania,5832648,5533799
2024,Dental & Vision,Maryland,3337604,2737840
2018,Dental & Vision,Massachusetts,5106133,4122733
2023,Critical Illness,Texas,9793141,7159217
2023,Indemnity Health,Georgia,5006583,5437542
2018,Cancer Insurance,Ohio,4763566,3054653
2018,Cancer Insurance,New York,12743192,9557253
2023,Dental & Vision,Michigan,3831980,2779520
2016,Critical Illness,Ohio,4114813,2994550
2024,Indemnity Health,Wisconsin,3725523,2946510
2023,Accident Insurance,Massachusetts,5353959,5670097
2016,Dental & Vision,Georgia,4724265,3538136
2019,Accident Insurance,Indiana,3446534,2146963
2023,Accident Insurance,Ohio,4905809,4155197
2023,Long-term Care,Tennessee,3158442,2983620
2017,Critical Illness,Texas,9897165,7538734
2018,Critical Illness,Virginia,3621544,3035623
2017,Dental & Vision,New Jersey,4472748,3183620
2020,Dental & Vision,New Jersey,5281647,3836050
2018,Indemnity Health,Texas,11020575,8988367
2015,Dental & Vision,California,13732590,9833668
2020,Accident Insurance,New York,12006307,7433008
2019,Long-term Care,Washington,3511210,3977792
2020,Dental & Vision,New York,8291349,6181682
2019,Critical Illness,North Carolina,4499282,3685755
2020,Critical Illness,Indiana,2353174,1852732
2018,Critical Illness,Illinois,6872217,4956775
2019,Dental & Vision,Michigan,3689170,3274735
2018,Indemnity Health,Wisconsin,2895587,2198929
2021,Dental & Vision,California,9504442,6842466
2015,Indemnity Health,Massachusetts,4709622,4707700
2021,Accident Insurance,Missouri,3431412,2080861
2023,Long-term Care,Ohio,5442414,4812129
2020,Long-term Care,California,11190202,14807414
2017,Dental & Vision,Maryland,4797438,3567616
2022,Accident Insurance,Florida,9637147,6709324
2020,Indemnity Health,Indiana,3046620,2596859
2016,Indemnity Health,Texas,11339803,11176392
2020,Long-term Care,North Carolina,3811924,3868293
2024,Dental & Vision,Michigan,4575489,3720131
2022,Long-term Care,Maryland,4347570,3920238
2020,Dental & Vision,Missouri,3943727,3284158
2016,Accident Insurance,Washington,5603551,3543223
2021,Dental & Vision,Arizona,3253574,2454497
2018,Indemnity Health,Washington,5991913,6461448
2018,Accident Insurance,Indiana,2990860,2182490
2022,Accident Insurance,North Carolina,3620405,2688446
2019,Cancer Insurance,North Carolina,3898125,3603269
2016,Dental & Vision,New Jersey,5578554,4575278
2019,Long-term Care,Tennessee,4493749,5085546
2016,Indemnity Health,Illinois,5828025,5293003
2018,Dental & Vision,Pennsylvania,4470456,3081554
2022,Dental & Vision,California,10920621,9484130
2018,Critical Illness,Wisconsin,2603578,1910858
2015,Critical Illness,Georgia,4978321,4059976
2015,Dental & Vision,Missouri,3771151,2461391
2022,Long-term Care,New York,11374026,11009635
2021,Dental & Vision,Washington,5360516,5155668
2021,Critical Illness,Georgia,3838425,3631727
2022,Accident Insurance,Ohio,4004524,3069252
2022,Critical Illness,Washington,4783053,3720612
2017,Critical Illness,Pennsylvania,5883347,5016249
2024,Indemnity Health,Missouri,3335067,2917592
2019,Critical Illness,Virginia,5218716,4376000
2023,Dental & Vision,Missouri,4116897,3222698
2021,Dental & Vision,Wisconsin,3345840,2986956
2024,Critical Illness,Georgia,4301355,3474699
2016,Long-term Care,Virginia,4402796,3667409
2015,Accident Insurance,Virginia,3938927,2745997
2015,Critical Illness,Texas,8492420,5967976
2021,Indemnity Health,Illinois,4968517,3898201
2022,Indemnity Health,Michigan,4252611,3332521
2017,Accident Insurance,Indiana,2223496,1879480
2022,Dental & Vision,Pennsylvania,5019098,5011643
2016,Critical Illness,Washington,5335070,3792397
2024,Dental & Vision,Florida,9371690,9099270
2024,Critical Illness,Arizona,3997295,2948341
2023,Long-term Care,Maryland,3681493,3692122
2023,Accident Insurance,New Jersey,5082655,3722483
2022,Indemnity Health,Maryland,4396259,3300289
2016,Cancer Insurance,Florida,9630235,6180765
2024,Cancer Insurance,Ohio,3606861,2779227
2023,Dental & Vision,Arizona,3715180,2818122
2019,Cancer Insurance,Wisconsin,3493323,2911210
2024,Dental & Vision,Florida,7558294,7003418
2024,Cancer Insurance,Maryland,4714467,3321438
2015,Cancer Insurance,Maryland,3662452,2712461
2021,Cancer Insurance,Virginia,4574805,3393458
2024,Cancer Insurance,Massachusetts,3832598,2817021
2016,Critical Illness,Wisconsin,2493555,1427947
2024,Long-term Care,North Carolina,5418877,7225663
2022,Indemnity Health,New Jersey,5676676,4455886
2024,Dental & Vision,Arizona,3069986,2042392
2016,Critical Illness,Georgia,4750259,3835869
2019,Dental & Vision,Florida,8245702,6669079
2022,Indemnity Health,Arizona,2918528,2722539
2022,Indemnity Health,Florida,7633141,7776969
2024,Critical Illness,New Jersey,5909730,4678445
2022,Critical Illness,Florida,8474916,6238279
2018,Critical Illness,Texas,8030321,6449782
2020,Long-term Care,Arizona,4915708,4274521
2021,Long-term Care,North Carolina,5532279,7082209
2023,Indemnity Health,Illinois,6178617,5597365
2020,Long-term Care,Wisconsin,4299318,5507011
2018,Cancer Insurance,California,14647466,9930689
2016,Cancer Insurance,Texas,11190900,6053744
2017,Critical Illness,North Carolina,4163847,3116842
2016,Long-term Care,Maryland,3540521,4133144
2018,Long-term Care,Georgia,5454539,6644212
2016,Indemnity Health,Illinois,5181983,4397262
2024,Indemnity Health,California,9931704,8471759
2023,Critical Illness,Massachusetts,3881646,2493060
2024,Long-term Care,New Jersey,5256012,6501599
2021,Accident Insurance,Arizona,3949365,3917506
2024,Indemnity Health,North Carolina,4147524,3430183
2023,Dental & Vision,Tennessee,3023916,2305007
2022,Long-term Care,New York,11930999,11783802
2015,Critical Illness,Florida,9523676,6131358
2023,Dental & Vision,Washington,4179204,3575051
2021,Indemnity Health,Arizona,3416710,3688915
2016,Cancer Insurance,Tennessee,3921312,2796177
2023,Indemnity Health,Texas,8358531,8720068
2022,Cancer Insurance,Michigan,3114969,2614682
2022,Cancer Insurance,Missouri,3618359,2685189
2023,Accident Insurance,Ohio,5076637,3663139
2024,Dental & Vision,Washington,3755524,3437635
2024,Indemnity Health,North Carolina,3981917,3982877
2020,Critical Illness,Indiana,3913120,2503360
2015,Indemnity Health,Virginia,4036179,4101968
2021,Accident Insurance,Arizona,2973753,2926391
2018,Dental & Vision,California,11645988,11215245
2023,Critical Illness,Massachusetts,4180312,2138711
2024,Accident Insurance,Massachusetts,5703834,5065583
2020,Accident Insurance,California,10938936,10561435
2020,Dental & Vision,Pennsylvania,6087239,5667414
2022,Cancer Insurance,Ohio,4895743,3126202
2020,Cancer Insurance,Tennessee,3297273,2571980
2016,Cancer Insurance,Michigan,3194656,2277282
2015,Critical Illness,Arizona,4633356,2797532
2016,Accident Insurance,Indiana,3085956,2620866
2018,Cancer Insurance,California,11671104,7103595
2023,Critical Illness,Michigan,4427063,2302904
2017,Indemnity Health,Maryland,3847874,3261000
2023,Critical Illness,Washington,4766610,3730021
2016,Long-term Care,Massachusetts,5264907,5652381
2016,Critical Illness,Michigan,4455703,2928630
2018,Indemnity Health,New York,8839842,7909089
2017,Long-term Care,Michigan,3642437,4030279
2016,Cancer Insurance,Washington,4571873,3565103
2024,Indemnity Health,Virginia,4541144,4762623
2019,Accident Insurance,New Jersey,5464454,3845638
2019,Long-term Care,Virginia,3627183,3570489
2015,Critical Illness,Texas,11476096,6080611
2023,Long-term Care,Indiana,2905172,2889467
2018,Indemnity Health,Maryland,3145787,2634308
2023,Long-term Care,Tennessee,3868626,3931950
2016,Critical Illness,Maryland,3616150,3007270
2024,Cancer Insurance,Michigan,4903795,3834703
2022,Accident Insurance,Massachusetts,4093217,3681416
2017,Dental & Vision,Georgia,5456070,4258863
2021,Long-term Care,Florida,9192508,8598509
2015,Indemnity Health,Illinois,5356725,4890865
2016,Long-term Care,Georgia,3086888,2549500
2022,Cancer Insurance,Tennessee,3203858,2392506
2017,Indemnity Health,Tennessee,3481475,3026134
2023,Indemnity Health,Massachusetts,3942820,3576406
2018,Accident Insurance,California,10801940,8151918
2018,Dental & Vision,Missouri,3114760,2119907
2023,Accident Insurance,Texas,9712092,8400071
2016,Dental & Vision,Florida,9177694,7545423
2024,Critical Illness,Ohio,5537417,3440482
2024,Critical Illness,Massachusetts,4199769,3348162
2022,Indemnity Health,Georgia,4980462,4501155
2023,Indemnity Health,North Carolina,5382975,6329851
2019,Cancer Insurance,Maryland,4809789,3293964
2019,Indemnity Health,Michigan,3842825,3059824
2019,Long-term Care,North Carolina,4603603,4490623
2015,Indemnity Health,New York,12426448,12370625
2021,Critical Illness,Tennessee,3591717,2651299
2022,Indemnity Health,Illinois,6838784,5101777
2021,Long-term Care,Tennessee,4387862,4853002
2016,Indemnity Health,Florida,9347128,8374172
2022,Dental & Vision,Florida,8666103,7376514
2021,Accident Insurance,Indiana,3793255,2746126
2020,Long-term Care,Ohio,4296328,5052744
2024,Long-term Care,New York,12911454,15605171
2022,Cancer Insurance,Texas,10903382,7708532
2020,Dental & Vision,Missouri,3385796,2693035
2020,Cancer Insurance,Florida,6808233,5569822
2017,Dental & Vision,Texas,9200359,7483537
2023,Long-term Care,Florida,9003730,11399245
2021,Accident Insurance,Arizona,3271882,2668515
2023,Dental & Vision,Illinois,4525883,4498477
2018,Accident Insurance,Tennessee,3426843,1944765
2016,Indemnity Health,Florida,9659943,7587742
2023,Indemnity Health,New Jersey,5831615,5140993
2024,Critical Illness,Ohio,5616408,4510012
2018,Dental & Vision,Tennessee,4111734,4037679
2020,Indemnity Health,North Carolina,5430838,4251505
2022,Cancer Insurance,Wisconsin,3290473,2693062
2017,Dental & Vision,Pennsylvania,5626330,4159463
2022,Cancer Insurance,Illinois,6333644,3745547
2017,Dental & Vision,Florida,9321736,7124332
2020,Accident Insurance,Florida,6286400,4640149
2017,Accident Insurance,Virginia,4006512,3729098
2021,Accident Insurance,Massachusetts,3983395,4071564
2024,Accident Insurance,Illinois,7014237,5912026
2019,Cancer Insurance,New Jersey,4197051,3479432
2015,Critical Illness,Michigan,4986250,4056579
2022,Critical Illness,Missouri,3919046,3448376
2016,Accident Insurance,Missouri,3947301,2604350
2022,Dental & Vision,North Carolina,4187620,3943576
2017,Critical Illness,Georgia,4876038,4224371
2022,Critical Illness,North Carolina,3446027,2880912
2016,Indemnity Health,Georgia,4868881,4623046
2023,Cancer Insurance,Illinois,6296884,6279194
2020,Dental & Vision,Texas,9020964,8778893
2019,Cancer Insurance,Tennessee,2549868,2250105
2018,Critical Illness,Georgia,3009152,2026365
2020,Long-term Care,Pennsylvania,6842666,7796326
2023,Dental & Vision,Florida,8191265,7745630
2023,Accident Insurance,Missouri,4188925,3664860
2019,Long-term Care,Maryland,4801032,4707759
2021,Dental & Vision,Wisconsin,2924964,2185680
2016,Critical Illness,Michigan,3113972,1601317
2021,Cancer Insurance,Florida,6537604,6132682
2024,Long-term Care,Missouri,3260544,3257531
2015,Dental & Vision,North Carolina,5693064,3797548
2017,Long-term Care,Arizona,4358349,3933249
2017,Critical Illness,Maryland,3897955,2054844
2019,Dental & Vision,Texas,9514051,8529688
2015,Critical Illness,New York,12527139,8700446
2021,Long-term Care,Tennessee,2635668,2388192
2024,Accident Insurance,Illinois,5881363,4973239
2017,Indemnity Health,Texas,7691542,6206037
2023,Dental & Vision,Texas,11552666,8639277
2019,Dental & Vision,Pennsylvania,6144793,4583049
2022,Dental & Vision,Massachusetts,5993347,5122410
2022,Indemnity Health,Ohio,4448046,4169683
2018,Long-term Care,Pennsylvania,5860763,5706422
2015,Dental & Vision,Maryland,4950746,4567107
2024,Critical Illness,Georgia,4390619,3244914
2023,Critical Illness,Texas,11750974,7142783
2021,Cancer Insurance,Georgia,3830201,2946463
2021,Cancer Insurance,Michigan,4211818,3325867
2016,Long-term Care,Tennessee,3944582,4803604
2022,Long-term Care,Missouri,3421592,4107908
2016,Long-term Care,Illinois,6111243,6335640
2021,Long-term Care,Michigan,4016957,4037519
2016,Accident Insurance,Florida,8133634,6549519
2018,Dental & Vision,Georgia,4014998,3308413
2017,Critical Illness,Maryland,3507329,2360764
2020,Long-term Care,Arizona,4784242,6011802
2021,Accident Insurance,Virginia,4699902,3267239
2018,Cancer Insurance,Pennsylvania,5719320,3777391
2021,Long-term Care,Massachusetts,5009169,5273972
2019,Long-term Care,Maryland,4049300,4768570
2015,Long-term Care,Washington,5682335,5457628
2016,Long-term Care,Arizona,3114565,3761077
2020,Indemnity Health,Texas,10353044,9110386
2022,Critical Illness,Florida,9080246,7926941
2016,Cancer Insurance,Wisconsin,2698638,1686095
2017,Critical Illness,Arizona,4336348,3779396
2015,Indemnity Health,Virginia,4754286,3614635
2015,Critical Illness,Tennessee,3797392,2524963
2022,Indemnity Health,North Carolina,5301317,5126579
2016,Long-term Care,Virginia,4456226,4719579
2020,Critical Illness,Arizona,4712739,3496874
2021,Cancer Insurance,Ohio,5232578,4996960
2022,Dental & Vision,Wisconsin,3469002,2597957
2015,Accident Insurance,Arizona,3375543,2746614
2015,Critical Illness,Missouri,3785693,2006952
2016,Dental & Vision,Maryland,4312548,3706466
2017,Indemnity Health,Arizona,4570084,3694986
2015,Long-term Care,North Carolina,4284898,4909382
2022,Indemnity Health,Massachusetts,4215754,3964534
2024,Long-term Care,North Carolina,5161092,5517994
2024,Critical Illness,Missouri,3168390,2138017
2016,Accident Insurance,North Carolina,4417173,3322046
2022,Critical Illness,Virginia,3603554,2333961
2019,Long-term Care,Missouri,2910438,3037439
2018,Cancer Insurance,New York,12399994,9835344
2015,Indemnity Health,New Jersey,6495887,5924285
2018,Long-term Care,Maryland,3053319,2953417
2018,Long-term Care,Illinois,5281075,5158181
2020,Dental & Vision,Texas,9429567,8850033
2020,Indemnity Health,Missouri,2770299,2856632
2022,Dental & Vision,Indiana,3768554,3279579
2019,Cancer Insurance,Ohio,3536155,2400763
2018,Cancer Insurance,Arizona,2978594,2395548
2016,Accident Insurance,Arizona,3635608,2346388
2019,Long-term Care,Arizona,4242884,4536540
2019,Critical Illness,Florida,8128486,5098044
2018,Long-term Care,Washington,5437841,6578150
2017,Critical Illness,Tennessee,3652120,3088097
2022,Critical Illness,Illinois,6607429,3733554
2017,Cancer Insurance,Georgia,3161187,1805559
2020,Long-term Care,North Carolina,5358729,5916503
2015,Accident Insurance,Ohio,5924696,5121879
2021,Accident Insurance,New Jersey,5660233,4566529
2015,Indemnity Health,Virginia,3281299,2946160
2020,Critical Illness,Washington,4436783,2777236
2016,Accident Insurance,Massachusetts,3691225,2856478
2017,Indemnity Health,North Carolina,3297049,2625335
2019,Indemnity Health,Texas,9242603,7436238
2023,Accident Insurance,Pennsylvania,4374506,3691303
2018,Indemnity Health,New York,12222656,9509427
2024,Indemnity Health,Wisconsin,2792586,2075003
2021,Dental & Vision,Michigan,3841591,2675737
2024,Accident Insurance,Maryland,3764865,2364481
2015,Indemnity Health,Illinois,4804267,3541183
2023,Accident Insurance,Tennessee,3309171,3225349
2024,Indemnity Health,Georgia,3564708,3433593
2018,Accident Insurance,Florida,7960583,5928006
2024,Indemnity Health,Massachusetts,4423753,3840411
2020,Indemnity Health,Virginia,3399171,3554130
2015,Dental & Vision,California,9057295,6248869
2018,Critical Illness,California,11105606,7677534
2019,Dental & Vision,Ohio,3585657,2338822
2018,Accident Insurance,Wisconsin,3064409,1993436
2015,Indemnity Health,Massachusetts,6090624,4931184
2017,Dental & Vision,Michigan,4741452,3791280
2023,Critical Illness,Maryland,3045186,2218167
2015,Accident Insurance,Ohio,5474748,3652975
2023,Cancer Insurance,Illinois,6445985,5438765
2021,Indemnity Health,New Jersey,5482551,4725003
2015,Long-term Care,Virginia,5119193,4875113
2021,Dental & Vision,Texas,9009133,7635001
2017,Dental & Vision,Georgia,4567336,3565581
2023,Critical Illness,Indiana,2846281,1779776
2017,Indemnity Health,Massachusetts,5878844,4350672
2021,Cancer Insurance,Michigan,4586736,3105995
2015,Cancer Insurance,Indiana,3248739,1697382
2019,Critical Illness,Tennessee,4214002,3439816
2016,Cancer Insurance,Missouri,3273517,2899320
2023,Long-term Care,New York,9713118,12726425
2016,Critical Illness,North Carolina,5687522,3108395
2015,Accident Insurance,Missouri,2612170,1991355
2023,Indemnity Health,Arizona,4588827,5058689
2015,Indemnity Health,Michigan,3870041,3329526
2022,Critical Illness,New York,12988037,7348533
2020,Critical Illness,Georgia,3166646,2010040
2017,Long-term Care,Indiana,2811582,3444391
2016,Critical Illness,Illinois,6499669,5251024
2019,Accident Insurance,Illinois,5882314,5468798
2021,Dental & Vision,Massachusetts,4071045,3798472
2022,Long-term Care,Missouri,3807434,3551369
2024,Indemnity Health,Pennsylvania,5833288,4812372
2024,Accident Insurance,California,13195271,10400275
2015,Accident Insurance,Georgia,4417409,4062749
2017,Critical Illness,Florida,6908620,3536011
2020,Cancer Insurance,New York,11686058,6981543
2021,Cancer Insurance,Maryland,3870254,3177040
2017,Critical Illness,Ohio,3982283,3057457
2021,Dental & Vision,Maryland,4182266,3744509
2017,Dental & Vision,Ohio,4520188,4356225
2023,Indemnity Health,Texas,9291998,9353954
2022,Cancer Insurance,Washington,3709244,2413399
2015,Accident Insurance,Missouri,2379347,1907039
2015,Cancer Insurance,New York,12666293,8957108
2023,Accident Insurance,Virginia,3489240,2483725
2021,Critical Illness,Virginia,4859919,3986512
2021,Dental & Vision,California,14320076,13088256
2019,Accident Insurance,Georgia,5224265,4525565
2022,Indemnity Health,Virginia,5420537,5815400
2018,Long-term Care,Pennsylvania,6895157,7591394
2020,Accident Insurance,California,13808411,10722638
2015,Cancer Insurance,Arizona,3530190,2926363
2015,Cancer Insurance,Missouri,2885118,2055704
2024,Indemnity Health,Illinois,6969779,6839089
2016,Indemnity Health,Maryland,4330367,4597835
2019,Critical Illness,Virginia,4050572,2322774
2021,Dental & Vision,Missouri,2548659,1936111
2015,Long-term Care,Missouri,3752310,4038890
2023,Indemnity Health,Illinois,5120530,4296702
2022,Long-term Care,Maryland,3152171,3305066
2022,Long-term Care,Washington,4792909,6207334
2021,Accident Insurance,Florida,6807051,5780816
2024,Accident Insurance,Tennessee,3139961,3254557
2021,Accident Insurance,Arizona,4821314,3918328
2015,Cancer Insurance,Washington,4597970,3899298
2020,Long-term Care,Missouri,3480551,4255373
2017,Indemnity Health,Florida,9002261,9139463
2015,Cancer Insurance,New York,11139864,10139215
2020,Cancer Insurance,Indiana,3103338,2795810
2024,Cancer Insurance,New Jersey,4246684,3596841
2023,Critical Illness,Texas,9138345,6550905
2017,Long-term Care,North Carolina,4330950,3809056
2024,Indemnity Health,Virginia,4707438,4186786
2016,Indemnity Health,Ohio,5628227,4859619
2017,Long-term Care,Missouri,3403547,3155020
2019,Critical Illness,Georgia,3997857,2918678
2022,Critical Illness,Arizona,3148172,1588551
2018,Critical Illness,Missouri,2392309,1342299
2021,Dental & Vision,Florida,7181596,5720321
2015,Dental & Vision,Virginia,4659301,3447941
2020,Dental & Vision,Virginia,4309913,3081374
2023,Critical Illness,New York,12537223,7653608
2018,Long-term Care,California,11617720,10851924
2023,Critical Illness,New York,8827435,5936822
2022,Dental & Vision,Michigan,4437614,3174646
2016,Long-term Care,California,12682263,16008572
2017,Dental & Vision,Pennsylvania,4778941,4363505
2018,Long-term Care,New York,12166380,11592996
2023,Long-term Care,Wisconsin,3894061,4771530
2022,Long-term Care,California,10508298,12691394
2022,Accident Insurance,New Jersey,6380288,5307374
2017,Indemnity Health,Missouri,3990286,3617552
2015,Indemnity Health,Maryland,3755213,2718071
2022,Dental & Vision,New Jersey,5710219,4615685
2016,Cancer Insurance,Massachusetts,3640175,2841995
2018,Critical Illness,Massachusetts,3677070,3064800
2017,Critical Illness,Florida,7709062,5960328
2021,Accident Insurance,Texas,8157988,5586256
2022,Dental & Vision,North Carolina,3583371,2882397
2023,Dental & Vision,Missouri,2340434,1921616
2017,Dental & Vision,Pennsylvania,4114622,3379126
2020,Dental & Vision,Washington,5220139,3927830
2019,Critical Illness,New Jersey,4154538,3101595
2019,Critical Illness,Florida,8270801,4431636
2018,Accident Insurance,Ohio,5240321,5007596
2016,Long-term Care,Pennsylvania,4546551,4597658
2018,Indemnity Health,Maryland,3767075,3948937
2023,Critical Illness,Tennessee,2784525,1805601
2019,Accident Insurance,Virginia,4260094,4206801
2020,Long-term Care,Tennessee,3543255,4563820
2023,Dental & Vision,Maryland,5180717,4183640
2018,Critical Illness,Illinois,7403838,3708083
2019,Indemnity Health,Illinois,5535567,4994347
2023,Cancer Insurance,Florida,7096167,5086135
2018,Indemnity Health,Virginia,3841609,2947248
2023,Long-term Care,Pennsylvania,5134449,6582192
2020,Long-term Care,Texas,11951722,11719964
2017,Cancer Insurance,Indiana,2206403,1567093
2015,Cancer Insurance,Michigan,3171139,1997164
2023,Accident Insurance,California,14897447,11086811
2018,Dental & Vision,North Carolina,4697653,3792972
2024,Accident Insurance,Florida,6625759,6380473
2016,Indemnity Health,Arizona,4078895,2950999
2017,Critical Illness,Wisconsin,4203223,2204992
2020,Dental & Vision,Florida,6129358,4423792
2015,Cancer Insurance,Michigan,4951341,2571498
2024,Cancer Insurance,Tennessee,3035459,2207970
2016,Dental & Vision,Massachusetts,4396320,4193017
2015,Dental & Vision,Missouri,3771803,2925686
2023,Cancer Insurance,Florida,7013048,5468268
2024,Accident Insurance,Washington,4224784,3308029
2020,Indemnity Health,New York,12349938,13273297
2016,Cancer Insurance,New Jersey,6144483,4455170
2016,Accident Insurance,Texas,10323945,8554972
2024,Long-term Care,Michigan,3889962,4181327
2024,Long-term Care,Texas,8181763,9582189
2016,Accident Insurance,Ohio,5772045,4459606
2020,Cancer Insurance,Indiana,3784303,2900326
2024,Long-term Care,California,13369760,16801495
2023,Accident Insurance,Florida,7048503,6982277
2016,Indemnity Health,Virginia,3626653,3747945
2022,Cancer Insurance,Ohio,5096055,2785742
2015,Indemnity Health,Florida,7568308,7399916
2021,Cancer Insurance,Arizona,4401717,2772344
2022,Indemnity Health,New Jersey,5536011,5186910
2016,Indemnity Health,Florida,6914385,5149486
2016,Accident Insurance,Wisconsin,3648289,2582941
2017,Indemnity Health,Florida,7090641,7330531
2020,Cancer Insurance,North Carolina,5371192,4423667
2019,Cancer Insurance,Tennessee,4201637,3017401
2023,Long-term Care,Georgia,5365733,5551927
2019,Dental & Vision,Wisconsin,2435181,2028794
2015,Long-term Care,Michigan,4420183,4652850
2022,Critical Illness,Massachusetts,6046180,4863458
2017,Critical Illness,Virginia,5115257,3310500
2021,Long-term Care,Indiana,2854079,2801664
2024,Indemnity Health,Washington,4899506,5432893
2017,Accident Insurance,Michigan,4305576,2858409
2019,Accident Insurance,Missouri,4123574,3611268
2016,Accident Insurance,Michigan,4820523,3773789
2024,Accident Insurance,Illinois,6133604,4842482
2017,Accident Insurance,California,9141433,8069995
2018,Long-term Care,Virginia,4636269,5539428
2019,Long-term Care,Pennsylvania,5121269,5628438
2021,Critical Illness,Tennessee,3421251,2699019
2016,Dental & Vision,Pennsylvania,6590974,5595685
2016,Critical Illness,Florida,7342686,3910383
2020,Indemnity Health,Arizona,3754438,3727883
2023,Cancer Insurance,Washington,4500586,3559888
2017,Cancer Insurance,Virginia,5382848,4377521
2017,Critical Illness,New Jersey,5431905,3120513
2022,Critical Illness,Illinois,6407917,3985611
2021,Critical Illness,New York,9000207,7254907
2019,Cancer Insurance,Ohio,3806953,2099183
2023,Critical Illness,Maryland,4694381,2739574
2024,Accident Insurance,Illinois,5210325,4381589
2019,Indemnity Health,Illinois,5416249,4704830
2024,Cancer Insurance,Missouri,2383010,1665376
2019,Cancer Insurance,Ohio,5029933,4101087
2020,Accident Insurance,Georgia,5059845,4437695
2023,Cancer Insurance,Tennessee,4467140,3225030
2016,Accident Insurance,Florida,8177409,6097587
2022,Long-term Care,Ohio,5931289,7268348
2020,Accident Insurance,Texas,7817601,6384538
2021,Critical Illness,New Jersey,4866050,2408174
2016,Dental & Vision,Texas,9180293,7040709
2024,Dental & Vision,Wisconsin,3671360,2734056
2023,Long-term Care,Wisconsin,4167722,4972624
2017,Dental & Vision,Arizona,2977308,1981360
2021,Cancer Insurance,Tennessee,3486728,3318570
2023,Accident Insurance,Indiana,2594757,1825844
2015,Dental & Vision,Arizona,3332207,2632626
2020,Cancer Insurance,Florida,9264494,6715912
2018,Dental & Vision,Pennsylvania,6867889,5598920
2023,Critical Illness,Virginia,3374027,2546882
2023,Cancer Insurance,Maryland,4944110,3847385
2019,Cancer Insurance,Missouri,2385936,2147932
2016,Indemnity Health,Georgia,3780167,3662365
2024,Accident Insurance,Wisconsin,2842797,2625736
2015,Indemnity Health,Indiana,2701843,2500108
2015,Critical Illness,North Carolina,5107397,4266169
2017,Dental & Vision,Tennessee,4101468,3374354
2015,Cancer Insurance,Ohio,4119456,2458916
2019,Accident Insurance,Texas,8429997,8740610
2019,Dental & Vision,Illinois,6526000,5788175
2016,Cancer Insurance,Indiana,2724254,1653109
2018,Accident Insurance,Washington,5430393,4271274
2024,Indemnity Health,Florida,8879273,6437316
2015,Indemnity Health,New Jersey,6330224,6421150
2019,Accident Insurance,Tennessee,3649767,2639852
2020,Accident Insurance,Virginia,4356072,2719922
2015,Cancer Insurance,Indiana,3696510,2453610
2017,Cancer Insurance,Maryland,3985718,2304726
2024,Cancer Insurance,Massachusetts,5502440,3907545
2020,Long-term Care,Illinois,6278228,8387912
2019,Long-term Care,North Carolina,3970432,3347736
2024,Long-term Care,New York,9593303,8783968
2024,Indemnity Health,Massachusetts,5048925,4422095
2017,Dental & Vision,Indiana,2341115,2066086
2015,Dental & Vision,Tennessee,4347567,3117578
2023,Dental & Vision,Indiana,2616966,1821695
2019,Dental & Vision,Massachusetts,5469412,4141765
2015,Indemnity Health,Wisconsin,2677159,2780366
2016,Critical Illness,Florida,7740966,5664795
2020,Long-term Care,Georgia,4042141,4503657
2021,Dental & Vision,Virginia,4671869,3387480
2016,Dental & Vision,Michigan,3886460,3196681
2022,Long-term Care,New Jersey,4616360,5645962
2022,Indemnity Health,Wisconsin,4153975,4027034
2020,Dental & Vision,Texas,10425582,8458838
2022,Critical Illness,Indiana,3594229,3230972
2024,Cancer Insurance,Indiana,3962779,3617890
2019,Critical Illness,Indiana,3160708,1847596
2023,Critical Illness,Georgia,3839686,2676439
2016,Long-term Care,Pennsylvania,5524948,5154765
2019,Indemnity Health,Wisconsin,3062537,3113490
2023,Cancer Insurance,Wisconsin,2581261,1531416
2019,Accident Insurance,North Carolina,5030234,4166997
2018,Dental & Vision,New York,9704351,6275691
2023,Critical Illness,Florida,8872602,8462558
2022,Accident Insurance,Ohio,4403874,4311840
2020,Cancer Insurance,Tennessee,3750897,2418639
2022,Accident Insurance,Ohio,4014196,3729628
2019,Accident Insurance,New Jersey,6272278,5161597
2020,Critical Illness,Michigan,4650135,4012161
2022,Critical Illness,Wisconsin,2564462,1731472
2024,Accident Insurance,Ohio,3589496,2901604
2022,Accident Insurance,Georgia,3723659,2546459
2020,Long-term Care,Virginia,4717706,4830905
2019,Accident Insurance,California,14129624,10483255
2017,Critical Illness,Wisconsin,2682348,1454443
2021,Accident Insurance,Indiana,2534122,2214815
2015,Accident Insurance,Tennessee,3837090,2558350
2019,Cancer Insurance,North Carolina,4824615,4345899
2022,Cancer Insurance,California,10812617,8264773
2018,Cancer Insurance,Georgia,3571650,1977125
2022,Critical Illness,Pennsylvania,5153731,2592152
2023,Long-term Care,Washington,4754356,5800787
2024,Accident Insurance,Tennessee,3251876,2750206
2022,Long-term Care,Texas,9355613,8770293
2020,Long-term Care,North Carolina,5671073,5739386
2022,Long-term Care,California,14330548,13364573
2016,Critical Illness,Illinois,6318504,3181036
2017,Indemnity Health,Texas,7759122,6175878
2022,Critical Illness,Washington,4241549,2502653
2021,Long-term Care,Illinois,5760220,6906046
2022,Critical Illness,Missouri,3289817,3057637
2021,Long-term Care,Maryland,5101703,6751337
2020,Accident Insurance,Georgia,5416368,4124350
2016,Indemnity Health,Virginia,5356925,4027378
2018,Dental & Vision,North Carolina,4204153,3515911
2020,Accident Insurance,Washington,3873260,3250918
2015,Accident Insurance,Michigan,4173620,3102275
2021,Long-term Care,Virginia,3541346,4538320
2019,Cancer Insurance,California,13758334,10723690
2016,Critical Illness,Ohio,3540826,2716425
2022,Critical Illness,Arizona,2848538,2026703
2023,Cancer Insurance,Florida,8297815,5762296
2018,Accident Insurance,Virginia,4081214,3273169
2015,Cancer Insurance,Illinois,6641122,5149573
2023,Dental & Vision,Missouri,3025911,2946774
2015,Accident Insurance,Virginia,4789267,3501769
2024,Critical Illness,Missouri,2532262,2138862
2024,Critical Illness,Virginia,5324184,4539708
2023,Long-term Care,Ohio,4398332,4605072
2016,Critical Illness,Virginia,4675837,3473415
2017,Dental & Vision,Tennessee,2584985,2509169
2018,Indemnity Health,Texas,10142272,7570734
2017,Cancer Insurance,Ohio,3672184,2919309
2017,Dental & Vision,Ohio,4474119,3100853
2018,Indemnity Health,Michigan,3495626,3276324
2024,Accident Insurance,Massachusetts,5381924,4283163
2016,Critical Illness,Missouri,2560689,1608171
2015,Long-term Care,Florida,9344498,9854729
2022,Accident Insurance,Wisconsin,2868503,2139142
2024,Cancer Insurance,Texas,7784775,5554816
2021,Indemnity Health,Florida,9750267,11344021
2017,Long-term Care,Illinois,6921631,8179463
2015,Cancer Insurance,Texas,10923524,9259903
2024,Accident Insurance,Virginia,3756796,2591732
2020,Long-term Care,Tennessee,4314045,4446344
2021,Accident Insurance,Illinois,7411685,7538106
2019,Dental & Vision,Illinois,5675074,4163759
2017,Critical Illness,Pennsylvania,4743185,3878454
2017,Dental & Vision,Pennsylvania,6647859,6028184
2016,Indemnity Health,Washington,4941228,4948532
2019,Long-term Care,New York,12768762,15870077
2021,Accident Insurance,Virginia,3525029,2881065
2020,Accident Insurance,Texas,11613506,8945088
2015,Long-term Care,Washington,5363589,5312774
2022,Dental & Vision,Texas,7581986,6800114
2017,Long-term Care,Pennsylvania,6621215,7976380
2019,Indemnity Health,Florida,9683257,9332707
2021,Indemnity Health,Michigan,3646624,3590197
2023,Critical Illness,Washington,3700282,3039877
2017,Indemnity Health,Washington,5193048,5207393
2015,Indemnity Health,Michigan,3974427,4028889
2018,Critical Illness,North Carolina,5656045,3288226
2019,Cancer Insurance,Wisconsin,2763317,2404190
2016,Cancer Insurance,Florida,7070234,4688462
2023,Cancer Insurance,Indiana,3915266,3621734
2017,Cancer Insurance,Maryland,4746310,3673327
2021,Accident Insurance,Illinois,6096133,5366990
2016,Indemnity Health,Virginia,4688232,4872952
2017,Dental & Vision,Washington,5278962,3473995
2020,Indemnity Health,Pennsylvania,4844165,3954427
2020,Dental & Vision,Pennsylvania,5132748,4560032
2016,Long-term Care,Texas,10801936,9768927
2024,Cancer Insurance,Washington,4178184,3330277
2021,Critical Illness,California,11728501,9032355
2022,Dental & Vision,Florida,8745306,5992302
2021,Accident Insurance,Illinois,7022405,4798282
2023,Accident Insurance,Georgia,4716652,3449565
2015,Indemnity Health,Ohio,5943222,5302521
2016,Dental & Vision,Washington,5363555,3845598
2019,Cancer Insurance,Indiana,3437928,2392763
2020,Critical Illness,New Jersey,4025813,3411907
2019,Accident Insurance,Tennessee,4146798,3288454
2018,Cancer Insurance,Virginia,3897135,2164815
2015,Cancer Insurance,Maryland,4204793,2850310
2022,Dental & Vision,Ohio,4482085,3584677
2017,Critical Illness,Maryland,4971728,2751596
2018,Dental & Vision,Wisconsin,2545633,2234485
2024,Accident Insurance,Washington,3870408,3720614
2018,Critical Illness,Michigan,3365281,1750093
2020,Accident Insurance,California,11569382,10153173
2024,Critical Illness,Indiana,3200162,2780874
2024,Accident Insurance,New York,8699572,8647896
2020,Indemnity Health,Washington,4193097,4077201
2019,Cancer Insurance,Missouri,3751020,2150310
2020,Accident Insurance,Pennsylvania,6258334,3991699
2021,Critical Illness,California,9020389,7043422
2020,Cancer Insurance,Pennsylvania,4496029,2688979
2016,Critical Illness,Washington,3656943,2735000
2017,Dental & Vision,Virginia,4243398,3866269
2018,Accident Insurance,Michigan,4758763,3999811
2020,Indemnity Health,Washington,4825814,5085830
2024,Long-term Care,New York,9719131,10219830
2015,Dental & Vision,Maryland,3483744,2482773
2024,Long-term Care,Arizona,4648188,5880756
2017,Dental & Vision,Ohio,5365066,5072159
2022,Accident Insurance,New York,11578805,10790144
2023,Accident Insurance,Pennsylvania,4724352,3783308
2015,Critical Illness,North Carolina,4040162,2856529
2022,Long-term Care,Texas,7816113,7949125
2023,Cancer Insurance,Massachusetts,4155773,3875393
2017,Critical Illness,Illinois,4721879,2663821
2020,Critical Illness,Maryland,5079692,3418462
2020,Indemnity Health,Texas,10114002,10287939
2019,Cancer Insurance,New York,9601655,7441331
2016,Dental & Vision,Virginia,3978622,2937313
2022,Accident Insurance,California,12536168,9045509
2024,Indemnity Health,Arizona,4126225,4308081
2016,Critical Illness,New York,10033199,7669327
2018,Long-term Care,Missouri,2972428,3444648
2021,Cancer Insurance,New Jersey,4474561,3361851
2016,Long-term Care,Texas,9095379,11137451
2023,Cancer Insurance,Washington,4154133,3610747
2017,Long-term Care,Michigan,4938671,4932107
2017,Dental & Vision,Georgia,3723173,2915851
2016,Cancer Insurance,Georgia,3027630,2036537
2021,Cancer Insurance,Washington,3797936,3589373
2015,Cancer Insurance,North Carolina,3849887,2343833
2015,Critical Illness,Virginia,3400107,2240450
2019,Indemnity Health,North Carolina,4607253,3494859
2018,Accident Insurance,Massachusetts,3878475,3192347
2022,Indemnity Health,Indiana,2929627,2302504
2022,Accident Insurance,Georgia,4199368,3605672
2016,Long-term Care,Florida,8752636,9545139
2023,Critical Illness,Ohio,5903860,4030497
2021,Accident Insurance,Ohio,4620367,4523429
2022,Long-term Care,Maryland,4327035,4385603
2015,Accident Insurance,Ohio,3654019,2200406
2024,Dental & Vision,Michigan,4784861,4570226
2021,Critical Illness,North Carolina,4949845,4309934
2019,Cancer Insurance,Ohio,5037822,3355572
2016,Long-term Care,Washington,5868929,5520059
2021,Long-term Care,Indiana,2684353,2794895
2022,Cancer Insurance,Washington,5916723,4314238
2022,Critical Illness,Georgia,5346959,3883163
2020,Indemnity Health,North Carolina,4283963,3603321
2019,Long-term Care,Georgia,5107142,4838415
2021,Cancer Insurance,Tennessee,3398264,2159619
2016,Indemnity Health,Massachusetts,5371980,5229429
2016,Dental & Vision,Wisconsin,3514573,2426591
2017,Long-term Care,Illinois,6193029,6490304
2015,Critical Illness,Massachusetts,4111543,3577046
2022,Indemnity Health,Virginia,3761612,3647678
2023,Cancer Insurance,New Jersey,6323682,4490418
2021,Indemnity Health,Massachusetts,4918653,4614664
2018,Long-term Care,Pennsylvania,6466580,6965787
2019,Critical Illness,Washington,5180038,3892023
2022,Accident Insurance,Virginia,4946077,3831768
2021,Long-term Care,California,11661139,10930762
2018,Indemnity Health,Texas,8226652,8604767
2019,Critical Illness,New Jersey,4445040,3606673
2017,Indemnity Health,California,11949655,10855670
2020,Indemnity Health,North Carolina,4032819,4041751
2017,Dental & Vision,Michigan,4015741,3680056
2021,Critical Illness,Arizona,4919492,2857847
2018,Indemnity Health,Massachusetts,4130466,3076544
2022,Critical Illness,Texas,9391342,5595936
2021,Indemnity Health,Wisconsin,2802948,2646209
2023,Accident Insurance,Texas,9000486,6190139
2020,Long-term Care,Ohio,3828325,3440198
2015,Long-term Care,North Carolina,4328618,4676407
2017,Accident Insurance,Pennsylvania,4213828,3512275
2018,Cancer Insurance,Virginia,4866233,3573695
2022,Accident Insurance,Wisconsin,2690045,1929321
2023,Cancer Insurance,Virginia,3344234,3178209
2021,Critical Illness,Virginia,3492413,2786796
2024,Long-term Care,Texas,10931445,10890904
2023,Indemnity Health,Missouri,2615556,2412366
2020,Accident Insurance,New York,8155502,4730495
2015,Dental & Vision,California,10179537,8481873
2020,Cancer Insurance,Florida,8876859,6733566
2019,Accident Insurance,Maryland,3457704,2776707
2017,Cancer Insurance,Tennessee,3528667,1927019
2024,Indemnity Health,Pennsylvania,4876932,4822147
2020,Indemnity Health,North Carolina,3520336,3082475
2022,Cancer Insurance,Maryland,3515979,2914227
2017,Accident Insurance,New Jersey,6024461,5523341
2023,Critical Illness,Wisconsin,3359933,2515454
2020,Accident Insurance,Michigan,3029986,2522866
2016,Long-term Care,Washington,5529233,4683366
2024,Cancer Insurance,Pennsylvania,5620721,4051497
2015,Cancer Insurance,Missouri,2957860,2031672
2022,Indemnity Health,Ohio,3826428,3112494
2019,Indemnity Health,New Jersey,3821592,2906935
2023,Critical Illness,Pennsylvania,4967927,2804484
2019,Accident Insurance,Texas,10098100,6844461
2021,Accident Insurance,Massachusetts,4985457,3776438
2024,Critical Illness,North Carolina,3837484,3518607
2021,Critical Illness,New Jersey,5708731,3564497
2017,Critical Illness,North Carolina,5740060,3741098
2018,Cancer Insurance,Indiana,2932593,2579010
2015,Critical Illness,Illinois,6520263,3842280
2023,Cancer Insurance,Washington,5116381,4431912
2016,Cancer Insurance,Arizona,4694743,2805646
2018,Accident Insurance,Missouri,3104740,2269483
2021,Dental & Vision,Wisconsin,3569810,2405814
2019,Dental & Vision,Maryland,3426989,2865076
2017,Dental & Vision,Missouri,3313754,2607289
2015,Indemnity Health,Arizona,4074378,2925276
2021,Critical Illness,Maryland,4493494,3089817
2015,Cancer Insurance,Michigan,4742831,3572946
2019,Long-term Care,Georgia,3625998,3746408
2019,Long-term Care,Maryland,3044321,3857727
2015,Long-term Care,Illinois,5723945,6793920
2022,Indemnity Health,Arizona,2883719,3030338
2019,Indemnity Health,Michigan,3054295,2690768
2022,Dental & Vision,Virginia,4988592,4697753
2023,Indemnity Health,Missouri,3678507,2871125
2015,Accident Insurance,Washington,5153681,4362951
2015,Long-term Care,Virginia,3569272,3161648
2016,Indemnity Health,North Carolina,4720530,3622258
2016,Indemnity Health,New York,11066798,9029060
2022,Dental & Vision,Michigan,3226449,2289959
2020,Accident Insurance,Texas,11911474,12505469
2015,Indemnity Health,North Carolina,4876265,4000990
2015,Long-term Care,Michigan,3962588,3697889
2022,Critical Illness,California,11296751,6591786
2023,Cancer Insurance,Washington,5483876,4263625
2024,Critical Illness,Washington,3523237,2461019
2017,Accident Insurance,Massachusetts,3774913,2734224
2020,Critical Illness,Michigan,3082917,2586500
2016,Dental & Vision,Tennessee,2545226,1993940
2020,Dental & Vision,Florida,6591320,6173005
2023,Cancer Insurance,New Jersey,4926470,3705971
2016,Critical Illness,Wisconsin,3585734,2473266
2015,Long-term Care,Georgia,5443924,6499479
2018,Accident Insurance,New Jersey,4178863,3269867
2024,Long-term Care,Michigan,4847976,5429301
2021,Dental & Vision,Arizona,3524181,2715798
2024,Dental & Vision,Florida,6343453,4582833
2015,Indemnity Health,Wisconsin,4294574,3687938
2024,Indemnity Health,Ohio,5111546,4928742
2016,Critical Illness,North Carolina,4972358,3413545
2023,Accident Insurance,Massachusetts,5202303,4313041
2024,Cancer Insurance,Arizona,3561608,2380392
2021,Cancer Insurance,New York,10727146,7515994
2015,Cancer Insurance,California,13903645,9711800
2018,Critical Illness,New Jersey,3869972,2377421
2019,Accident Insurance,Texas,9349222,6439301
2023,Dental & Vision,Ohio,4080149,3177769
2020,Dental & Vision,Wisconsin,3478088,2218797
2020,Dental & Vision,Indiana,3729656,3289569
2015,Indemnity Health,New Jersey,4492247,4781173
2018,Dental & Vision,Massachusetts,6127814,5657668
2022,Critical Illness,Virginia,5022115,3082013
2024,Indemnity Health,Washington,4189495,4897713
2022,Cancer Insurance,Arizona,4100570,2908450
2016,Accident Insurance,Massachusetts,3825653,3512821
2020,Critical Illness,Florida,8918256,5323925
2021,Long-term Care,Arizona,3652688,4256016
2018,Long-term Care,Washington,4418484,4794029
2022,Cancer Insurance,Maryland,4906721,4277825
2022,Accident Insurance,California,9743436,6689532
2023,Critical Illness,Washington,5396810,3240363
2016,Accident Insurance,New Jersey,6147946,5997096
2018,Accident Insurance,New Jersey,5596895,3925206
2024,Dental & Vision,Arizona,3634104,2852382
2019,Long-term Care,Florida,9675475,9722896
2023,Critical Illness,Arizona,3579068,2632342
2024,Cancer Insurance,Texas,7919302,5893125
2018,Long-term Care,Ohio,3892051,3129927
2021,Long-term Care,Florida,7867743,7522022
2017,Dental & Vision,California,10600424,10204066
2021,Indemnity Health,Texas,10662535,9827074
2020,Cancer Insurance,Illinois,4580784,3174175
2020,Critical Illness,California,10775724,6590913
2015,Dental & Vision,New York,12157568,7855767
2021,Critical Illness,North Carolina,4200891,2654042
2020,Indemnity Health,Massachusetts,4284581,4047737
2024,Critical Illness,New Jersey,5251079,4092158
2023,Long-term Care,Maryland,3054789,2943806
2019,Cancer Insurance,Pennsylvania,6033723,4521159
2017,Cancer Insurance,Georgia,3147619,2226851
2020,Long-term Care,Arizona,4460712,4981981
2018,Critical Illness,Ohio,3728166,3402094
2017,Dental & Vision,Florida,9083631,7478921
2018,Indemnity Health,Missouri,3605339,3182586
2022,Cancer Insurance,New York,10703635,8527250
2018,Dental & Vision,California,11467842,9102770
2020,Critical Illness,Texas,10986799,8729611
2015,Dental & Vision,New Jersey,3903023,2946028
2016,Long-term Care,Virginia,4845387,4641304
2018,Critical Illness,Illinois,6454161,4671345
2020,Critical Illness,Michigan,4839885,2903553
2022,Accident Insurance,Tennessee,3365978,3406367
2017,Dental & Vision,New Jersey,5593934,4650309
2022,Long-term Care,Missouri,3399937,4343847
2017,Cancer Insurance,Pennsylvania,4345564,3181742
2020,Cancer Insurance,Illinois,6042037,5197463
2019,Critical Illness,Texas,10789679,6879149
2022,Dental & Vision,Indiana,3692344,2932567
2017,Critical Illness,Missouri,4142380,2658664
2023,Long-term Care,California,10828204,12566859
2022,Long-term Care,Arizona,4268613,4623000
2022,Cancer Insurance,California,9299932,7289889
2015,Indemnity Health,Virginia,4774151,4202058
2021,Cancer Insurance,Indiana,3886316,2385560
2020,Indemnity Health,Indiana,3502320,3161509
2015,Long-term Care,Illinois,6013426,4781664
2022,Cancer Insurance,Massachusetts,5436431,4910138
2017,Critical Illness,Georgia,4375272,3054518
2020,Cancer Insurance,California,14187352,8718439
2021,Long-term Care,Missouri,3859862,3311965
2015,Dental & Vision,Indiana,2749842,2079258
2023,Cancer Insurance,Washington,3881182,2858493
2017,Long-term Care,Massachusetts,4314020,4831699
2024,Long-term Care,Washington,3740822,4163365
2016,Long-term Care,Missouri,3904491,4067734
2024,Indemnity Health,California,12933388,11661655
2021,Long-term Care,North Carolina,3832880,4484775
2022,Indemnity Health,Michigan,3415854,2745673
2024,Critical Illness,Georgia,5350286,3675627
2023,Dental & Vision,Illinois,4785896,4364822
2016,Accident Insurance,Massachusetts,6089632,4869228
2019,Dental & Vision,Arizona,4569784,3267009
2016,Accident Insurance,Tennessee,4243461,3126124
2019,Critical Illness,Massachusetts,5129595,4447825
2015,Cancer Insurance,Pennsylvania,6845777,5208690
2022,Accident Insurance,Illinois,5506892,4467299
2021,Dental & Vision,Illinois,6385456,5459913
2024,Critical Illness,Pennsylvania,5989355,5370458
2024,Accident Insurance,Maryland,4684809,4875511
2016,Indemnity Health,Tennessee,3617193,3801657
2023,Cancer Insurance,Pennsylvania,4413784,3803155
2022,Accident Insurance,Arizona,3443424,2415605
2021,Dental & Vision,Georgia,3268357,2761051
2021,Cancer Insurance,Virginia,4172208,3493417
2017,Long-term Care,Massachusetts,5529479,6265231
2021,Accident Insurance,Texas,8105329,7947380
2023,Long-term Care,New Jersey,4358133,4194946
2016,Indemnity Health,Illinois,7209735,7103757
2016,Critical Illness,Virginia,3650199,2559435
2018,Critical Illness,Pennsylvania,6057465,3175776
2015,Accident Insurance,Michigan,4407449,2667397
2023,Accident Insurance,Georgia,4008486,2924227
2015,Critical Illness,Michigan,4123343,2186023
2017,Indemnity Health,Florida,8145636,7603624
2015,Indemnity Health,Ohio,4048697,3622842
2022,Accident Insurance,California,10665039,9509055
2019,Cancer Insurance,New Jersey,5257447,4503785
2017,Accident Insurance,Massachusetts,4697451,3065194
2020,Indemnity Health,New York,11425503,8700407
2017,Indemnity Health,Arizona,4980689,4858288
2021,Indemnity Health,Illinois,4552927,3675606
2024,Long-term Care,Indiana,3725832,3997385
2022,Long-term Care,Georgia,3936357,3931947
2017,Cancer Insurance,Massachusetts,5080148,3796555
2020,Indemnity Health,Tennessee,3946581,3198568
2020,Cancer Insurance,Georgia,4417007,3482461
2023,Dental & Vision,Michigan,4596710,4157776
2022,Cancer Insurance,New Jersey,6035825,4424115
2017,Cancer Insurance,Georgia,3236676,2133652
2016,Long-term Care,Pennsylvania,6585651,6462422
2020,Indemnity Health,New Jersey,5594564,5381982
2017,Critical Illness,Virginia,3703223,3228511
2016,Critical Illness,New York,10178418,7694942
2023,Accident Insurance,California,14757091,10866547
2024,Dental & Vision,Missouri,3593936,2859054
2018,Dental & Vision,Tennessee,3324260,2873517
2023,Dental & Vision,Wisconsin,2600569,2277597
2015,Long-term Care,Washington,3978203,4472531
2019,Cancer Insurance,Ohio,4332231,2501061
2024,Long-term Care,Tennessee,4403235,4239767
2016,Long-term Care,Massachusetts,6199140,6882889
2023,Indemnity Health,New Jersey,5656356,4524700
2015,Cancer Insurance,Tennessee,3579456,2708408
2022,Indemnity Health,Indiana,3576423,2675008
2024,Long-term Care,Michigan,3380900,4176876
2023,Long-term Care,Michigan,3909499,4628866
2020,Indemnity Health,Missouri,2643986,2500184
2016,Cancer Insurance,Pennsylvania,4789456,3915704
2016,Accident Insurance,Missouri,2603341,2132046
2016,Indemnity Health,Pennsylvania,6630987,4797618
2020,Indemnity Health,California,9617761,8439350
2023,Critical Illness,Tennessee,3456460,2151253
2016,Long-term Care,Georgia,3183459,3000340
2021,Indemnity Health,North Carolina,3514998,3775031
2017,Cancer Insurance,Tennessee,3797046,2537609
2016,Dental & Vision,Michigan,3397674,2359061
2023,Dental & Vision,Massachusetts,4173661,2985367
2016,Critical Illness,Maryland,3855813,2337390
2021,Critical Illness,Arizona,3521047,2190770
2017,Accident Insurance,North Carolina,3291984,3003418
2018,Critical Illness,Maryland,5067777,4402888
2015,Indemnity Health,Michigan,4248754,3647085
2018,Long-term Care,Arizona,3233199,3658983
2023,Long-term Care,Texas,7857570,10163834
2018,Critical Illness,Florida,9155969,6318892
2022,Accident Insurance,Arizona,4978361,3923972
2016,Long-term Care,Indiana,2658485,2828413
2019,Dental & Vision,Wisconsin,3263206,2614195
2017,Cancer Insurance,North Carolina,5209613,4358314
2020,Accident Insurance,New York,10308185,10350333
2022,Indemnity Health,Massachusetts,5119688,4863772
2023,Indemnity Health,Virginia,4582510,5289563
2021,Dental & Vision,Arizona,3853517,3412248
2024,Indemnity Health,Illinois,6754453,5654870
2020,Critical Illness,California,9622133,8429287
2017,Long-term Care,Illinois,4812044,5697350
2019,Critical Illness,Georgia,3960998,2231208
2022,Critical Illness,New York,9103953,7424797
2017,Accident Insurance,Pennsylvania,6267232,5342288
2021,Indemnity Health,New Jersey,4805568,4667234
2024,Dental & Vision,Tennessee,2918964,2167784
2024,Indemnity Health,Washington,3848574,3321261
2024,Long-term Care,Michigan,3419643,4185884
2015,Accident Insurance,Maryland,4216174,3305276
2023,Indemnity Health,Virginia,4963784,4823463
2022,Indemnity Health,Pennsylvania,5673306,6004995
2023,Long-term Care,Georgia,5052935,5308261
2020,Critical Illness,Pennsylvania,5517570,4191303
2018,Long-term Care,North Carolina,3713815,3895416
2017,Critical Illness,California,13427590,12041920
2024,Dental & Vision,California,9801932,8426502
2023,Cancer Insurance,California,9996221,9719059
2022,Accident Insurance,Illinois,7133339,6605300
2022,Dental & Vision,California,9631202,7748319
2017,Accident Insurance,New York,10143471,8388218
2020,Accident Insurance,New Jersey,5100723,3965601
2019,Dental & Vision,North Carolina,5527246,3920848
2016,Indemnity Health,Wisconsin,2778263,2258282
2018,Dental & Vision,Indiana,3639315,3177527
2021,Long-term Care,Missouri,3829976,3632473
2018,Long-term Care,Missouri,3841911,3869545
2024,Critical Illness,Maryland,4567697,3582085
2017,Accident Insurance,Virginia,4600906,3699511
2022,Accident Insurance,North Carolina,4662890,3233778
2024,Dental & Vision,Pennsylvania,6397931,4995330
2023,Cancer Insurance,California,10676297,9485511
2015,Indemnity Health,Virginia,4114209,3453447
2018,Long-term Care,Missouri,3968943,4494097
2021,Indemnity Health,Missouri,3496110,3749210
2022,Accident Insurance,Washington,5872911,3965128
2016,Indemnity Health,California,14134245,15025689
2024,Cancer Insurance,Wisconsin,4032488,3921910
2021,Critical Illness,North Carolina,4864519,3415664
2024,Accident Insurance,Tennessee,2868579,2193014
2015,Dental & Vision,Michigan,4658261,4382869
2020,Dental & Vision,Tennessee,3817760,3304023
2023,Long-term Care,Massachusetts,6063135,7520906
2024,Dental & Vision,Texas,9060048,8844418
2021,Critical Illness,California,10039970,5667397
2020,Cancer Insurance,Tennessee,3559045,2648319
2015,Dental & Vision,Massachusetts,5268141,3692097
2024,Dental & Vision,Illinois,7175975,5246481
2024,Long-term Care,Georgia,3661102,4113820
2024,Indemnity Health,Indiana,3226760,3139597
2015,Indemnity Health,Florida,7963143,7660834
2016,Critical Illness,Washington,4230090,2694283
2021,Accident Insurance,Pennsylvania,6432861,4585464
2019,Long-term Care,Missouri,4107651,4048643
2024,Critical Illness,Missouri,4151453,2656386
2020,Long-term Care,Michigan,4340389,4309457
2023,Indemnity Health,Massachusetts,5226844,5105029
2020,Dental & Vision,Wisconsin,3474350,3455027
2015,Long-term Care,Indiana,3713219,3543066
2021,Indemnity Health,Tennessee,2859479,2096064
2018,Cancer Insurance,Maryland,4476157,3823941
2019,Accident Insurance,Virginia,4162709,3936106
2018,Critical Illness,Virginia,4597565,3745531
2019,Cancer Insurance,Wisconsin,3014055,2447183
2020,Long-term Care,Florida,7756585,9452213
2023,Indemnity Health,New York,12238646,13142276
2023,Long-term Care,New York,11570682,13128208
2024,Indemnity Health,California,11503853,9982855
2020,Critical Illness,North Carolina,4998886,3140513
2016,Critical Illness,Washington,5070020,3838620
2020,Cancer Insurance,Missouri,3365586,2209953
2018,Dental & Vision,Indiana,3399019,3016763
2021,Accident Insurance,New York,10108017,8297258
2022,Cancer Insurance,North Carolina,3931569,3440866
2022,Critical Illness,North Carolina,4318354,2466120
2016,Accident Insurance,Illinois,6068166,4180438
2017,Long-term Care,Michigan,4318787,4584814
2019,Long-term Care,Florida,6418626,7846131
2022,Critical Illness,North Carolina,4911934,3618423
2016,Cancer Insurance,New Jersey,4306950,2850064
2022,Cancer Insurance,Ohio,4915443,4468087
2019,Long-term Care,Michigan,3412163,4149940
2018,Indemnity Health,California,10140954,8922623
2024,Accident Insurance,Wisconsin,3142432,3216593
2021,Critical Illness,Illinois,6985791,5530776
2018,Accident Insurance,Tennessee,4171633,3369520
2016,Indemnity Health,North Carolina,3701570,3263232
2016,Cancer Insurance,Ohio,5011021,4386031
2017,Cancer Insurance,Indiana,2240679,1593339
2017,Long-term Care,Missouri,2461146,3160486
2022,Accident Insurance,New Jersey,4796080,3219391
2021,Dental & Vision,Missouri,3990724,2840573
2019,Critical Illness,Maryland,4183206,2420722
2017,Critical Illness,Georgia,3062210,2417024
2022,Long-term Care,Ohio,3883631,4302323
2023,Dental & Vision,Wisconsin,3083998,2424894
2019,Indemnity Health,Indiana,3082314,2959391
2024,Indemnity Health,Florida,9794004,9347240
2017,Cancer Insurance,Ohio,4201986,3611469
2022,Long-term Care,Ohio,3759102,4521875
2024,Cancer Insurance,Ohio,4574099,4527956
2021,Critical Illness,New Jersey,5569536,3189651
2020,Dental & Vision,Arizona,3612317,2875102
2024,Long-term Care,Indiana,3340065,3638981
2016,Accident Insurance,California,10050935,8979342
2021,Accident Insurance,New York,10453870,7754173
2016,Accident Insurance,Arizona,4536369,2950338
2022,Long-term Care,Pennsylvania,6913531,6065488
2019,Long-term Care,Missouri,3814724,3811747
2023,Long-term Care,Michigan,3147361,2751837
2023,Cancer Insurance,Illinois,6085044,5730124
2021,Critical Illness,Massachusetts,5198992,3056869
2019,Indemnity Health,Virginia,4207740,3384655
2021,Long-term Care,Illinois,7252557,8058711
2023,Dental & Vision,Ohio,5879931,4916123
2019,Cancer Insurance,Texas,11863921,7882004
2022,Critical Illness,New Jersey,3864672,3113786
2018,Long-term Care,Michigan,3701725,4445992
2024,Accident Insurance,Arizona,3192629,3105141
2024,Dental & Vision,Massachusetts,3921712,2736710
2023,Dental & Vision,Indiana,2567046,2320362
2023,Dental & Vision,Georgia,4856533,3809986
2016,Accident Insurance,Illinois,4588574,3807054
2023,Dental & Vision,Pennsylvania,4903505,3651836
2018,Cancer Insurance,Pennsylvania,6531181,5261988
2017,Critical Illness,Michigan,4035798,3220061
2021,Accident Insurance,New York,10280495,10308529
2017,Critical Illness,Michigan,4959224,3420972
2022,Long-term Care,Illinois,6316737,6806625
2018,Critical Illness,Wisconsin,3380498,2367321
2019,Long-term Care,New York,11393173,12036780
2022,Dental & Vision,Indiana,3462470,3442294
2024,Long-term Care,Illinois,5359133,6054277
2023,Cancer Insurance,Georgia,3544208,3421232
2023,Long-term Care,Pennsylvania,6276441,6252587
2022,Accident Insurance,Pennsylvania,4760020,4463089
2024,Cancer Insurance,Missouri,2446149,1682408
2015,Dental & Vision,North Carolina,4870337,4291442
2015,Accident Insurance,Ohio,3867851,2355369
2019,Dental & Vision,California,9319897,8489626
2016,Long-term Care,Wisconsin,2836149,2816998
2018,Long-term Care,Massachusetts,5854034,5204291
2019,Critical Illness,Pennsylvania,6968384,4443986
2022,Cancer Insurance,New Jersey,4102687,2931498
2017,Critical Illness,Massachusetts,4169027,2835120
2015,Accident Insurance,Georgia,3006630,1917535
2023,Accident Insurance,Georgia,4422174,3029832
2017,Indemnity Health,Florida,6167379,5445357
2020,Long-term Care,Maryland,3506032,3942944
2024,Cancer Insurance,New York,10077045,8470888
2022,Critical Illness,New York,8844985,6798291
2015,Indemnity Health,Maryland,4927578,3651958
2024,Critical Illness,Illinois,6481812,5275644
2018,Dental & Vision,Tennessee,3456692,2552682
2016,Cancer Insurance,Pennsylvania,6462930,5449594
2015,Dental & Vision,New Jersey,5605461,3559596
2016,Long-term Care,Michigan,3632425,3779553
2020,Cancer Insurance,Indiana,3492600,2896049
2016,Long-term Care,Massachusetts,6134909,6513123
2018,Indemnity Health,Arizona,3806335,3402546
2022,Cancer Insurance,Tennessee,3272177,2500412
2022,Dental & Vision,Maryland,3063442,2724098
2015,Indemnity Health,Texas,7895240,7487745
2023,Dental & Vision,Ohio,5974948,5746747
2021,Indemnity Health,California,11754998,8985586
2017,Long-term Care,Arizona,3212134,3482052
2015,Critical Illness,Missouri,3159422,2145793
2019,Cancer Insurance,Massachusetts,5902559,5570690
2015,Accident Insurance,Florida,9812631,8714268
2022,Long-term Care,North Carolina,4258263,4563437
2020,Critical Illness,Georgia,5342895,4020053
2018,Indemnity Health,Missouri,3062504,3236606
2017,Indemnity Health,Washington,3643540,3360380
2023,Indemnity Health,Texas,9946824,8394249
2016,Cancer Insurance,Georgia,4427423,3839181
2016,Accident Insurance,Georgia,3973563,3018723
2023,Long-term Care,Florida,7991832,8753492
2018,Indemnity Health,Florida,7244743,6221739
2024,Long-term Care,Ohio,4102157,4840872
2023,Dental & Vision,Florida,8160617,6722677
2018,Cancer Insurance,Tennessee,4132325,3219864
2019,Long-term Care,Indiana,3100022,3531632
2017,Long-term Care,North Carolina,3257745,3502867
2015,Accident Insurance,New York,10296768,6389875
2021,Cancer Insurance,North Carolina,5474705,4189377
2018,Accident Insurance,Arizona,3332585,2827557
2021,Indemnity Health,Pennsylvania,4139161,4021485
2018,Accident Insurance,Michigan,4587007,3257114
2022,Accident Insurance,Indiana,2456508,2551006
2021,Accident Insurance,Arizona,4549608,2862384
2022,Cancer Insurance,Michigan,3868212,2981331
2024,Indemnity Health,Pennsylvania,6510108,5630612
2015,Cancer Insurance,North Carolina,4727982,3563424
2021,Critical Illness,Virginia,5184017,3208736
2020,Critical Illness,Indiana,3561898,2594824
2019,Critical Illness,Illinois,5375969,4825320
2017,Accident Insurance,Arizona,4318460,4152445
2016,Accident Insurance,Ohio,5527314,4024072
2019,Dental & Vision,Pennsylvania,5600893,5149192
2017,Dental & Vision,Washington,3780091,2558217
2020,Accident Insurance,Missouri,3235408,3014815
2024,Accident Insurance,Wisconsin,3183073,2513843
2018,Dental & Vision,Wisconsin,3931997,3756832
2015,Accident Insurance,California,9719863,5771290
2023,Indemnity Health,Michigan,3990425,3640917
2023,Accident Insurance,Washington,5854522,4334734
2016,Long-term Care,Ohio,5803826,5190155
2015,Cancer Insurance,Pennsylvania,5681011,3388718
2019,Critical Illness,Wisconsin,2545646,1674538
2018,Long-term Care,New York,11555796,10794461
2018,Critical Illness,Washington,3688695,2026970
2018,Dental & Vision,New York,12371854,12250742
2020,Critical Illness,Wisconsin,2611132,1376613
2024,Critical Illness,Massachusetts,5044244,3449774
2023,Accident Insurance,Virginia,3463572,3715966
2022,Accident Insurance,New Jersey,4685935,4497258
2024,Indemnity Health,Ohio,5869663,5260144
2022,Indemnity Health,Indiana,2676692,2574473
2018,Dental & Vision,Michigan,4968144,4119410
2024,Indemnity Health,Georgia,4030175,3355955
2019,Dental & Vision,Maryland,4726450,3456728
2015,Accident Insurance,Maryland,4426326,2762485
2024,Accident Insurance,Ohio,5733581,5592969
2019,Accident Insurance,Wisconsin,2512470,1856125
2023,Long-term Care,Missouri,4075887,3490989
2022,Cancer Insurance,New York,9493787,8472167
2015,Critical Illness,Wisconsin,3532314,2396278
2015,Long-term Care,Ohio,5902137,6812119
2019,Accident Insurance,North Carolina,5407333,4690502
2024,Dental & Vision,Georgia,4061435,3603651
2022,Critical Illness,Maryland,4680695,4275073
2015,Critical Illness,North Carolina,3487801,2888709
2024,Dental & Vision,Tennessee,3104258,2419222
2015,Critical Illness,Maryland,4361698,3421922
2022,Critical Illness,Massachusetts,5602934,3758211
2016,Long-term Care,Indiana,2991793,2661870
2015,Accident Insurance,Maryland,4423064,2866805
2018,Critical Illness,Tennessee,4000803,2287559
2024,Indemnity Health,North Carolina,5055923,4584225
2022,Indemnity Health,Florida,6456604,6838225
2024,Critical Illness,New Jersey,5930972,5583877
2024,Dental & Vision,Wisconsin,2560229,2250420
2019,Accident Insurance,Missouri,3941977,3875936
2017,Critical Illness,Missouri,2427676,2052748
2018,Indemnity Health,California,14906643,15292810
2017,Accident Insurance,Wisconsin,2688926,1949582
2015,Accident Insurance,Indiana,3952084,2713644
2016,Cancer Insurance,Virginia,3483386,2961314
2015,Critical Illness,Georgia,5173292,2872838
2019,Cancer Insurance,Massachusetts,4809135,4597223
2019,Critical Illness,Florida,7286281,5944477
2017,Long-term Care,Illinois,6701818,7630903
2020,Dental & Vision,California,11224545,7165082
2019,Long-term Care,Ohio,3569945,3192909
2015,Dental & Vision,Missouri,3872395,3210416
2021,Critical Illness,Massachusetts,6164456,3539846
2020,Accident Insurance,Virginia,5011068,3236946
2017,Accident Insurance,Texas,8946888,8126218
2023,Accident Insurance,North Carolina,5724397,4678236
2024,Dental & Vision,Ohio,4115333,4242687
2021,Critical Illness,Tennessee,3918165,3459568
2024,Indemnity Health,California,14199088,15027468
2019,Dental & Vision,Virginia,3434052,2935130
2015,Cancer Insurance,New York,11547851,10208670
2023,Accident Insurance,Florida,6552152,4832393
2018,Long-term Care,Illinois,6802844,6652898
2019,Critical Illness,Texas,9671539,5442801
2016,Accident Insurance,Tennessee,2846747,2239727
2016,Dental & Vision,New York,11241642,7444455
2016,Critical Illness,Massachusetts,5182208,3839627
2023,Long-term Care,Maryland,4857971,4601486
2022,Long-term Care,Virginia,3848372,3671334
2022,Cancer Insurance,North Carolina,3215206,2330406
2021,Dental & Vision,Massachusetts,4528434,3601846
2023,Long-term Care,Wisconsin,3524763,3782846
2016,Critical Illness,Michigan,4723733,2856522
2023,Indemnity Health,Wisconsin,2691836,1991471
2015,Indemnity Health,Florida,8099610,7878016
2019,Long-term Care,Ohio,4573102,5665098
2021,Indemnity Health,Georgia,5300566,4013601
2021,Long-term Care,New Jersey,6485235,5799642
2020,Accident Insurance,Arizona,3115543,2648484
2017,Dental & Vision,Indiana,3122456,2746756
2015,Critical Illness,Arizona,3752645,2905960
2018,Indemnity Health,Texas,7538616,7684314
2015,Accident Insurance,Wisconsin,3620512,2081540
2019,Critical Illness,Missouri,2938209,1754535
2019,Critical Illness,Michigan,4593258,3862057
2017,Cancer Insurance,California,14892450,9688369
2024,Cancer Insurance,Washington,5511419,4397456
2015,Long-term Care,Texas,10512450,11182353
2017,Indemnity Health,Illinois,6939883,6470374
2015,Cancer Insurance,New York,12815899,7971742
2021,Long-term Care,Wisconsin,2597232,2964978
2016,Dental & Vision,Wisconsin,3190953,2810621
2022,Critical Illness,New Jersey,3968195,2968568
2024,Accident Insurance,Maryland,4488268,4221362
2020,Dental & Vision,Ohio,4034759,3336781
2022,Cancer Insurance,Massachusetts,5567192,3695950
2019,Accident Insurance,Ohio,5167373,5046080
2024,Cancer Insurance,Georgia,3387818,2143994
2023,Critical Illness,Florida,7786453,6156835
2023,Dental & Vision,New York,12693362,11585101
2015,Accident Insurance,Missouri,3768122,2648994
2021,Dental & Vision,Illinois,6689085,6239941
2023,Dental & Vision,Ohio,5673720,5239668
2015,Cancer Insurance,Texas,8422129,6081481
2015,Long-term Care,Wisconsin,3553769,3623614
2016,Long-term Care,California,13213004,13574594
2019,Accident Insurance,Pennsylvania,4309893,3396914
2024,Long-term Care,Florida,7880973,10315505
2016,Indemnity Health,Massachusetts,4718280,3439603
2023,Indemnity Health,Tennessee,4291067,3145240
2020,Critical Illness,Ohio,5730738,4018757
2016,Critical Illness,New Jersey,4571936,3825661
2018,Cancer Insurance,Arizona,2871755,1797162
2024,Indemnity Health,North Carolina,3531336,3642094
2017,Indemnity Health,Illinois,5837388,5419031
2024,Cancer Insurance,Florida,7215318,6207938
2016,Cancer Insurance,Illinois,6954616,4304841
2021,Cancer Insurance,Massachusetts,4345319,3178871
2018,Accident Insurance,California,14261345,12111542
2019,Dental & Vision,Maryland,4516966,3792885
2020,Critical Illness,Massachusetts,4772260,2810374
2017,Critical Illness,Ohio,5678624,4702811
2023,Indemnity Health,California,11536189,10225952
2017,Accident Insurance,Michigan,4461695,4454480
2020,Indemnity Health,Arizona,4826340,4166732
2021,Long-term Care,Texas,10312834,11388477
2020,Dental & Vision,Wisconsin,2915279,2403984
2017,Cancer Insurance,Pennsylvania,5348529,4127396
2015,Accident Insurance,Georgia,4358635,3551426
2020,Cancer Insurance,Michigan,4134858,3210813
2018,Indemnity Health,Massachusetts,5151637,3958105
2015,Accident Insurance,Illinois,5561624,3359461
2021,Dental & Vision,New Jersey,3898626,3256163
2023,Dental & Vision,Texas,9467562,9057811
2023,Dental & Vision,California,12665726,10907751
2015,Critical Illness,Florida,8302048,5534966
2020,Cancer Insurance,Georgia,5272565,3247428
2016,Cancer Insurance,California,10109294,9143540
2016,Indemnity Health,Washington,4140623,3489564
2017,Indemnity Health,Georgia,4073445,3313950
2017,Accident Insurance,Wisconsin,2589188,2068925
2021,Indemnity Health,Indiana,2668732,2603833
2022,Dental & Vision,Texas,9127343,6018101
2024,Cancer Insurance,Arizona,2893201,2417822
2020,Long-term Care,Washington,3727075,4145868
2019,Long-term Care,Michigan,4340712,4324562
2019,Indemnity Health,Massachusetts,6053496,6292658
2023,Indemnity Health,California,9939569,9763235
2022,Critical Illness,Ohio,4155436,3319421
2019,Dental & Vision,Ohio,5946910,5645584
2018,Accident Insurance,Virginia,4554595,3675204
2021,Indemnity Health,Florida,7510899,6314333
2015,Long-term Care,Michigan,4177460,4575796
2018,Cancer Insurance,Missouri,3594661,2592216
2022,Accident Insurance,North Carolina,3607649,3285442
2024,Long-term Care,Virginia,3728768,4499980
2021,Indemnity Health,Michigan,3398824,2918602
2017,Cancer Insurance,Washington,3556401,2844550
2023,Indemnity Health,Pennsylvania,5135025,4919791
2023,Cancer Insurance,Virginia,4353406,3786744
2015,Dental & Vision,North Carolina,5703683,4498361
2016,Critical Illness,Florida,8522583,5179289
2020,Cancer Insurance,Missouri,2484288,1903519
2015,Critical Illness,New Jersey,5480207,3108640
2016,Dental & Vision,New York,9083285,7252213
2021,Cancer Insurance,Maryland,4838170,3577777
2024,Indemnity Health,North Carolina,5289207,4630576
2022,Long-term Care,California,12346218,15847597
2015,Long-term Care,Indiana,3650846,3984201
2019,Critical Illness,Indiana,3318761,2063578
2023,Critical Illness,Washington,5002706,4167215
2017,Accident Insurance,Maryland,5192751,4210109
2016,Dental & Vision,Maryland,4866130,3368349
2022,Cancer Insurance,Georgia,4621702,2900965
2024,Critical Illness,Pennsylvania,4338929,2461656
2016,Long-term Care,Virginia,3526352,3627519
2015,Cancer Insurance,Georgia,3756077,3232297
2021,Long-term Care,Florida,8028983,9447147
2023,Long-term Care,California,13236347,14022083
2022,Cancer Insurance,Tennessee,3744666,2491490
2016,Long-term Care,Texas,11384403,14082238
2023,Long-term Care,Tennessee,3070051,2848517
2024,Critical Illness,Virginia,4446165,3907844
2023,Indemnity Health,New York,8896354,9097108
2024,Long-term Care,Missouri,3964399,3962774
2017,Accident Insurance,California,10093317,6390645
2023,Critical Illness,Tennessee,3298975,2418396
2024,Cancer Insurance,Pennsylvania,4503249,2919879
2018,Cancer Insurance,North Carolina,4168172,3476025
2017,Cancer Insurance,Illinois,4687723,2924921
2016,Cancer Insurance,Florida,7930357,6892300
2017,Indemnity Health,New Jersey,5474274,4558557
2018,Cancer Insurance,Massachusetts,5058927,4727124
2024,Cancer Insurance,Indiana,3780284,2635181
2022,Cancer Insurance,Tennessee,2606793,1593969
2021,Long-term Care,Massachusetts,4368234,4997649
2019,Indemnity Health,Ohio,3604502,2654156
2023,Critical Illness,Georgia,3089137,2695758
2021,Accident Insurance,Ohio,5463229,4949228
2016,Long-term Care,Maryland,4570371,5287568
2015,Indemnity Health,Florida,9610371,10194122
2016,Accident Insurance,Arizona,3515022,2287728
2018,Dental & Vision,California,12300033,10092669
2022,Indemnity Health,Virginia,3425622,3125425
2024,Indemnity Health,New Jersey,6354212,6985187
2016,Long-term Care,Michigan,4902084,5062209
2019,Dental & Vision,Arizona,3994545,3564653
2024,Accident Insurance,Massachusetts,5208126,4171463
2022,Dental & Vision,Massachusetts,6071372,4106798
2017,Accident Insurance,Arizona,3996244,3276061
2015,Indemnity Health,Wisconsin,4146589,4078310
2020,Accident Insurance,Arizona,3991003,2700823
2022,Dental & Vision,Missouri,2971963,2080993
2021,Indemnity Health,Maryland,4709668,3693901
2015,Indemnity Health,Georgia,3797248,3155203
2024,Dental & Vision,Michigan,4031094,3602477
2023,Long-term Care,Tennessee,3717163,4516110
2022,Accident Insurance,New York,8960324,8544744
2017,Long-term Care,Tennessee,3648143,4379846
2017,Dental & Vision,Ohio,3780258,3590859
2023,Dental & Vision,North Carolina,4477937,4160289
2022,Accident Insurance,New Jersey,6434306,6413498
2016,Long-term Care,North Carolina,4941830,4776982
2022,Cancer Insurance,Massachusetts,5639152,3183695
2017,Accident Insurance,Pennsylvania,5722776,3403566
2015,Accident Insurance,Massachusetts,3738791,2512916
2017,Indemnity Health,Pennsylvania,5163821,3740413
2015,Dental & Vision,Indiana,3855261,2820420
2018,Accident Insurance,Arizona,3120234,2195883
2017,Dental & Vision,Tennessee,3346016,2561783
2024,Accident Insurance,Michigan,3406702,2863474
2024,Indemnity Health,Virginia,4780538,4578788
2016,Accident Insurance,Ohio,4537288,2910113
2015,Cancer Insurance,Arizona,3111070,2264482
2015,Dental & Vision,Illinois,7191943,6558579
2024,Critical Illness,Pennsylvania,4388050,2512872
2019,Indemnity Health,California,9803944,7793026
2024,Long-term Care,Wisconsin,3379240,4084518
2015,Accident Insurance,Illinois,6569749,4552651
2024,Long-term Care,Massachusetts,4760506,5125377
2019,Cancer Insurance,Washington,4720159,2864549
2016,Long-term Care,Maryland,4644218,5469652
2016,Accident Insurance,North Carolina,3693180,2708822
2024,Indemnity Health,Florida,9087924,8350715
2016,Indemnity Health,New York,11400409,9508885
2022,Long-term Care,Massachusetts,5481030,6544268
2021,Cancer Insurance,North Carolina,4574848,3863349
2020,Indemnity Health,Virginia,5480050,5409890
2020,Indemnity Health,Missouri,3746361,3330336
2017,Cancer Insurance,Massachusetts,5651381,4090449
2023,Long-term Care,Georgia,3718328,4311071
2023,Long-term Care,Illinois,6021152,6407165
2023,Cancer Insurance,Massachusetts,4826449,3927234
2024,Accident Insurance,Missouri,2654155,2121980
2016,Indemnity Health,Wisconsin,3436345,2898486
2022,Indemnity Health,Texas,9285439,8097021
2021,Accident Insurance,Virginia,3629012,2858880
2016,Critical Illness,Washington,4167647,2505728
2016,Indemnity Health,Illinois,6050517,4810164
2019,Indemnity Health,New Jersey,3832328,3279533
2021,Long-term Care,Texas,11515549,12863292
2023,Indemnity Health,California,13883972,12982680
2021,Indemnity Health,Maryland,5089518,4528206
2021,Long-term Care,Arizona,4634499,5312287
2018,Dental & Vision,Michigan,4797710,3622595
2023,Critical Illness,New Jersey,6432611,4830581
2020,Accident Insurance,Indiana,3947416,3728115
2022,Critical Illness,North Carolina,4143387,2367086
2018,Critical Illness,California,9377511,8012386
2020,Cancer Insurance,Washington,5679509,3511254
2023,Critical Illness,North Carolina,3758089,2782314
2023,Critical Illness,Wisconsin,2473804,1645699
2019,Dental & Vision,North Carolina,4265608,4076834
2018,Long-term Care,Wisconsin,4142635,4833530
2021,Dental & Vision,Virginia,4927523,4552016
2022,Accident Insurance,Indiana,2379902,1531492
2022,Critical Illness,New York,8187563,4919031
2017,Dental & Vision,Illinois,4822209,3440405
2022,Cancer Insurance,Virginia,4190780,3423242
2019,Cancer Insurance,Wisconsin,2877236,2186839
2022,Indemnity Health,Virginia,4643952,4690812
2023,Accident Insurance,New York,8383374,6014962
2019,Dental & Vision,North Carolina,3643930,2783774
2022,Indemnity Health,Massachusetts,4447910,3488572
2017,Indemnity Health,New York,12335383,10904917
2018,Long-term Care,New Jersey,5855610,5627028
2024,Dental & Vision,New Jersey,5817361,5034163
2023,Accident Insurance,California,13956672,11736004
2021,Long-term Care,Georgia,4719416,5058935
2020,Long-term Care,California,11053742,10043475
2019,Long-term Care,Pennsylvania,6950521,6228012
2023,Dental & Vision,Maryland,3608575,3021686
2020,Indemnity Health,Pennsylvania,6007189,5704019
2015,Accident Insurance,Missouri,2452923,1587987
2024,Dental & Vision,New Jersey,5891447,5357097
2019,Accident Insurance,Texas,9273505,7215205
2015,Long-term Care,Michigan,4225758,3750111
2017,Critical Illness,Washington,4830967,4015225
2019,Critical Illness,Ohio,4228471,2872499
2022,Long-term Care,Maryland,3416752,4131747
2020,Critical Illness,Washington,4436195,3375071
2022,Cancer Insurance,Illinois,6625001,6399623
2019,Cancer Insurance,Tennessee,4054848,3647245
2015,Long-term Care,Florida,9833509,10732845
2018,Critical Illness,Georgia,3045936,2285339
2017,Dental & Vision,Florida,6689024,5898508
2021,Dental & Vision,Washington,3888433,2650342
2019,Critical Illness,Missouri,2607336,1258888
2024,Critical Illness,Wisconsin,2837307,2006128
2021,Long-term Care,Wisconsin,3830650,4505655
2021,Dental & Vision,Missouri,3261510,2482363
2015,Accident Insurance,New Jersey,4988110,3784994
2019,Dental & Vision,North Carolina,3952894,3418166
2016,Indemnity Health,Washington,3786171,3119646
2018,Indemnity Health,Missouri,4037082,4419265
2023,Long-term Care,New York,8454334,10727783
2016,Accident Insurance,Ohio,5084846,3999998
2019,Accident Insurance,Wisconsin,3779063,2422894
2019,Cancer Insurance,Virginia,3877233,2799948
2019,Indemnity Health,Illinois,4637831,3547965
2024,Critical Illness,New York,9833683,6902676
2015,Cancer Insurance,Texas,9237761,7326122
2018,Indemnity Health,New Jersey,4347955,3893389
2019,Long-term Care,Indiana,2533587,2761612
2024,Cancer Insurance,New Jersey,6261747,4565163
2023,Indemnity Health,Florida,8776108,8017616
2024,Indemnity Health,Indiana,3820936,3434282
2020,Indemnity Health,Ohio,5467052,3925402
2017,Critical Illness,Washington,4887866,3679919
2019,Accident Insurance,Massachusetts,3964651,2549310
2016,Indemnity Health,Texas,9258166,7844200
2022,Long-term Care,Indiana,2448020,2735989
2022,Cancer Insurance,Tennessee,3722086,2630913
2023,Dental & Vision,New Jersey,4187878,3039746
2023,Long-term Care,Arizona,3820211,4816807
2022,Critical Illness,Virginia,4672957,2769242
2023,Dental & Vision,Maryland,3550156,2892764
2019,Accident Insurance,New York,10599984,9280727
2015,Accident Insurance,Michigan,3979109,3395571
2023,Long-term Care,Ohio,5531032,5046347
2020,Cancer Insurance,New York,9414797,7333465
2016,Long-term Care,Virginia,3523839,4014005
2020,Cancer Insurance,Arizona,3656385,2621891
2022,Cancer Insurance,Pennsylvania,5554958,3885215
2021,Accident Insurance,Michigan,4899875,4115792
2023,Cancer Insurance,New Jersey,6067491,5538278
2016,Dental & Vision,North Carolina,3366125,2887654
2024,Dental & Vision,Michigan,4338111,3543727
2020,Accident Insurance,New Jersey,6218982,3810537
2020,Cancer Insurance,Arizona,3695000,3002764
2016,Long-term Care,Arizona,4994825,5768607
2024,Indemnity Health,New Jersey,6440453,6710755
2020,Dental & Vision,Massachusetts,5730607,4427469
2023,Indemnity Health,New Jersey,4586838,4526270
2016,Long-term Care,Illinois,6381070,6463820
2015,Cancer Insurance,Ohio,4770120,4010894
2023,Indemnity Health,Washington,5586462,5417007
2024,Indemnity Health,New York,10931578,9624077
2021,Indemnity Health,North Carolina,4267938,4407616
2020,Cancer Insurance,Pennsylvania,5082987,3179461
2019,Accident Insurance,New York,9861629,8183202
2023,Critical Illness,Wisconsin,3608682,2721203
2022,Indemnity Health,Virginia,4849806,5227589
2023,Cancer Insurance,Maryland,3323350,2505628
2021,Long-term Care,Pennsylvania,4044124,4347948
2016,Indemnity Health,Pennsylvania,5454166,4900188
2017,Accident Insurance,Florida,6961288,5445744
2017,Accident Insurance,Florida,8215105,6924366
2018,Critical Illness,Maryland,4632799,2878974
2022,Accident Insurance,Georgia,3402170,3284818
2019,Cancer Insurance,Georgia,3137139,1886291
2020,Long-term Care,Pennsylvania,6515934,8153608
2017,Cancer Insurance,Massachusetts,4184820,3444910
2018,Indemnity Health,Tennessee,3864169,4010253
2022,Critical Illness,Missouri,4163541,2580209
2015,Indemnity Health,Maryland,4254743,3912562
2020,Indemnity Health,Pennsylvania,4221701,4296919
2016,Long-term Care,Ohio,4638729,3970540
2015,Dental & Vision,Wisconsin,2698578,2124615
2020,Dental & Vision,Florida,9697166,7994559
2021,Critical Illness,Georgia,4823594,2674815
2021,Cancer Insurance,Michigan,4479484,3473828
2020,Long-term Care,New York,10955279,12662228
2019,Indemnity Health,Indiana,3840751,3892158
2021,Dental & Vision,Indiana,2942290,2572019
2021,Critical Illness,Illinois,6721512,4688530
2023,Cancer Insurance,Texas,10789573,7309661
2021,Long-term Care,Maryland,5105380,6025556
2015,Accident Insurance,Missouri,2425952,1758659
2020,Cancer Insurance,Indiana,3817247,3248178
2023,Accident Insurance,New Jersey,6004351,4816583
2020,Indemnity Health,Pennsylvania,6191325,4841610
2017,Critical Illness,Ohio,5336815,3117579
2024,Accident Insurance,Illinois,5303615,4517933
2018,Long-term Care,Pennsylvania,4500715,4221296
2018,Accident Insurance,Washington,5185229,4069695
2023,Dental & Vision,Washington,3996828,3042381
2019,Accident Insurance,Wisconsin,3012408,2368330
2017,Cancer Insurance,Texas,8618677,7481458
2020,Cancer Insurance,Virginia,3338443,3104413
2017,Dental & Vision,Missouri,3437095,2708407
2019,Long-term Care,Indiana,3967693,4033069
2022,Long-term Care,Maryland,4282477,4982589
2016,Accident Insurance,New York,10335834,8371678
2022,Long-term Care,Indiana,3364477,4143125
2023,Accident Insurance,North Carolina,3478799,2905019
2024,Indemnity Health,Indiana,2466497,2354412
2020,Dental & Vision,Washington,3500933,2534034
2018,Dental & Vision,Maryland,3585060,2854188
2020,Critical Illness,Illinois,6007029,4246107
2020,Accident Insurance,Georgia,4527590,3457946
2021,Long-term Care,Arizona,2809310,2989487
2024,Critical Illness,Virginia,3370417,2767480
2021,Indemnity Health,Massachusetts,5498587,4914642
2018,Critical Illness,Pennsylvania,4256658,3290427
2019,Critical Illness,Arizona,4170084,2122838
2024,Indemnity Health,Washington,3731356,3577265
2016,Dental & Vision,North Carolina,5708509,5228551
2022,Accident Insurance,New York,9370511,7215287
2022,Cancer Insurance,Illinois,7397357,5042514
2020,Dental & Vision,Maryland,3397841,3154987
2017,Critical Illness,Pennsylvania,5638873,3299400
2024,Long-term Care,Maryland,4526858,5206216
2016,Dental & Vision,Wisconsin,2620206,2137897
2015,Critical Illness,Illinois,7214801,5275366
2015,Cancer Insurance,Virginia,5061886,3157398
2022,Long-term Care,Wisconsin,3866858,4315427
2023,Critical Illness,New Jersey,3836823,2022166
2017,Indemnity Health,Texas,9529067,10236149
2021,Accident Insurance,North Carolina,3932091,3192754
2022,Accident Insurance,New Jersey,4229313,3588848
2018,Long-term Care,Georgia,3466268,3324904
2022,Long-term Care,Arizona,4930804,5751589
2020,Long-term Care,Tennessee,3102978,3207859
2015,Cancer Insurance,Missouri,3263984,2765620
2019,Dental & Vision,Tennessee,4155880,2829631
2016,Indemnity Health,Indiana,2962176,2985174
2021,Accident Insurance,Washington,3694286,3417988
2018,Cancer Insurance,New Jersey,6398062,5174924
2021,Cancer Insurance,Florida,6751544,5860541
2018,Long-term Care,Ohio,5923835,5483326
2021,Accident Insurance,California,14847048,13846216
2020,Indemnity Health,Virginia,4537773,4338975
2020,Indemnity Health,Ohio,4731744,4327027
2015,Indemnity Health,Virginia,4218584,3317845
2020,Long-term Care,North Carolina,3585252,4112143
2021,Indemnity Health,Massachusetts,4634696,4652695
2023,Long-term Care,Florida,7466564,9309687
2022,Cancer Insurance,Georgia,3551595,2919643
2022,Dental & Vision,Virginia,5121165,3384713
2020,Accident Insurance,Tennessee,4468602,4475286
2016,Accident Insurance,Pennsylvania,6642526,4823690
2017,Critical Illness,Maryland,4930825,3354279
2015,Dental & Vision,Virginia,5085654,4045586
2017,Cancer Insurance,New York,12509630,11455697
2024,Dental & Vision,Wisconsin,4107789,3443973
2018,Accident Insurance,Illinois,7115283,5281086
2022,Cancer Insurance,Michigan,4617195,3672364
2018,Critical Illness,Arizona,3131575,2540711
2019,Indemnity Health,Ohio,5248998,5470075
2019,Critical Illness,Pennsylvania,5281446,2900282
2019,Indemnity Health,Tennessee,3244386,3485412
2020,Critical Illness,Ohio,5289316,4384058
2015,Long-term Care,Texas,9364688,8822839
2016,Critical Illness,Tennessee,4467904,3106238
2017,Long-term Care,Michigan,3041041,3070693
2019,Accident Insurance,Michigan,3520749,3325657
2017,Long-term Care,Texas,10629151,9792429
2019,Critical Illness,North Carolina,3534405,2501985
2018,Accident Insurance,Texas,9029754,5253057
2024,Long-term Care,Wisconsin,3067693,3335949
2023,Critical Illness,Georgia,4210151,3435634
2024,Accident Insurance,New Jersey,5444268,5713128
2019,Indemnity Health,Arizona,4473834,3775240
2019,Cancer Insurance,California,14149673,10741314
2017,Accident Insurance,Washington,3525666,3340699
2022,Critical Illness,North Carolina,4513134,3225683
2021,Dental & Vision,Ohio,4552007,3113236
2021,Long-term Care,Georgia,5021778,4357438
2021,Accident Insurance,New Jersey,4552083,4304646
2015,Indemnity Health,Washington,3942662,3327733
2023,Critical Illness,Pennsylvania,4188092,2547246
2016,Indemnity Health,New Jersey,4575031,4013968
2020,Long-term Care,Illinois,4713134,4356033
2022,Indemnity Health,New Jersey,4294696,4191435
2019,Critical Illness,Virginia,5013298,3107809
2020,Cancer Insurance,Ohio,4260185,3280131
2017,Critical Illness,Georgia,5492134,4697754
2016,Indemnity Health,North Carolina,3445410,2651396
2020,Dental & Vision,Maryland,3502268,3345923
2016,Cancer Insurance,Texas,9857204,8615529
2018,Dental & Vision,Florida,9069392,8194123
2018,Cancer Insurance,New Jersey,6309302,3647909
2015,Cancer Insurance,Maryland,4218246,2555681
2016,Indemnity Health,Pennsylvania,4691079,3956125
2016,Critical Illness,Florida,9285421,8068681
2016,Dental & Vision,Wisconsin,4122481,3372882
2020,Critical Illness,Massachusetts,4186523,2959671
2016,Indemnity Health,New York,8952590,8750449
2024,Critical Illness,Tennessee,3590029,2886438
2016,Cancer Insurance,Wisconsin,3112648,2548395
2023,Long-term Care,Arizona,4323870,5396391
2018,Accident Insurance,New York,11604584,9760256
2023,Indemnity Health,Pennsylvania,5805268,4821360
2023,Cancer Insurance,Missouri,3263739,2140119
2018,Cancer Insurance,Arizona,3992533,2383858
2015,Critical Illness,Pennsylvania,4326474,2887316
2020,Accident Insurance,Tennessee,2876909,2706042
2017,Accident Insurance,Massachusetts,5830266,4012458
2020,Dental & Vision,Washington,5783463,4940571
2016,Critical Illness,Pennsylvania,6878408,4461312
2022,Accident Insurance,California,13817252,10999167
2020,Long-term Care,Georgia,4268159,4241244
2017,Accident Insurance,Michigan,3928725,2780902
2019,Cancer Insurance,Illinois,5348900,3189330
2019,Dental & Vision,Missouri,2898232,2711228
2019,Cancer Insurance,Pennsylvania,6385511,5200310
2017,Dental & Vision,Michigan,3962758,3020060
2022,Cancer Insurance,Indiana,3963154,3555674
2015,Indemnity Health,Massachusetts,4808399,4732698
2020,Indemnity Health,New Jersey,4442530,4859505
2019,Long-term Care,Florida,7345229,6686883
2017,Accident Insurance,Ohio,4540655,2948342
2018,Dental & Vision,Tennessee,3689617,2563043
2017,Dental & Vision,Wisconsin,3015835,2659772
2023,Cancer Insurance,Ohio,5166936,3506789
2017,Indemnity Health,Missouri,3787521,3869343
2021,Indemnity Health,Texas,10740814,7818302
2019,Long-term Care,Washington,4382938,4388983
2024,Indemnity Health,New Jersey,6079402,6214983
2017,Cancer Insurance,Ohio,3795800,2798172
2022,Long-term Care,Wisconsin,3846588,3845938
2016,Critical Illness,New York,11094385,8838851
2016,Accident Insurance,Washington,3757880,2481561
2016,Accident Insurance,Washington,4301473,3878091
2019,Accident Insurance,New Jersey,4472400,3388451
2016,Cancer Insurance,New Jersey,4387082,3548976
2020,Critical Illness,New Jersey,5936709,4620597
2023,Indemnity Health,Texas,9438263,9146909
2023,Indemnity Health,Washington,3951788,4346673
2024,Long-term Care,Maryland,3942420,3855536
2015,Long-term Care,Massachusetts,5325051,4974014
2019,Cancer Insurance,California,11526328,8740142
2017,Long-term Care,Maryland,3970350,3974845
2018,Cancer Insurance,Tennessee,3637350,3368408
2018,Cancer Insurance,Massachusetts,6066785,5103597
2018,Indemnity Health,Ohio,4159241,3257862
2019,Dental & Vision,Florida,7315216,4902251
2015,Dental & Vision,Tennessee,2974356,2329825
2015,Dental & Vision,Virginia,3322441,2993986
2023,Dental & Vision,Pennsylvania,5974043,4263452
2016,Accident Insurance,Missouri,4070349,3160211
2021,Critical Illness,Arizona,4804103,2646016
2024,Critical Illness,Washington,4165061,2430723
2020,Critical Illness,Tennessee,3576733,3291281
2020,Indemnity Health,Florida,6234113,5396317
2017,Indemnity Health,Ohio,4382028,3820955
2022,Cancer Insurance,Florida,8347655,6161342
2020,Long-term Care,Wisconsin,3989715,4145028
2015,Long-term Care,Washington,4075305,4320438
2023,Cancer Insurance,Missouri,3287253,3087669
2019,Cancer Insurance,Maryland,4383827,3816818
2022,Indemnity Health,Florida,6957412,6034649
2023,Cancer Insurance,Indiana,2798335,1818717
2024,Long-term Care,Georgia,3713453,3709625
2018,Long-term Care,North Carolina,5125264,5588592
2015,Dental & Vision,Arizona,4595862,3008950
2015,Indemnity Health,Texas,11349128,8204449
2022,Cancer Insurance,Arizona,3308672,2199991
2021,Dental & Vision,Wisconsin,3892270,3236714
2024,Dental & Vision,North Carolina,4175647,3164239
2017,Long-term Care,Massachusetts,4812058,5244979
2018,Long-term Care,Texas,9961652,10907256
2024,Accident Insurance,Illinois,7024841,6465483
2015,Critical Illness,New Jersey,5557803,4057327
2024,Dental & Vision,North Carolina,4414019,3917046
2016,Accident Insurance,Wisconsin,3126382,2642283
2024,Cancer Insurance,North Carolina,4679987,2862521
2021,Dental & Vision,California,9117321,7755294
2015,Cancer Insurance,Michigan,3261468,2208426
2019,Critical Illness,Wisconsin,2776843,1552503
2021,Accident Insurance,Florida,7383705,6079970
2021,Long-term Care,North Carolina,4502327,5742158
2023,Dental & Vision,Arizona,3619278,3301711
2023,Accident Insurance,Texas,11089011,7706153
2022,Critical Illness,Michigan,3342953,2828991
2022,Critical Illness,Georgia,5109547,4185030
2018,Dental & Vision,Pennsylvania,5432166,3746487
2018,Long-term Care,Indiana,3985415,4373443
2024,Long-term Care,New Jersey,5398577,6268703
2022,Long-term Care,North Carolina,4238244,4496509
2020,Dental & Vision,Arizona,4451633,3348158
2022,Indemnity Health,Wisconsin,3761773,3275788
2015,Long-term Care,Wisconsin,3477614,2873308
2019,Critical Illness,Michigan,3262901,2055343
2023,Cancer Insurance,North Carolina,5742658,3300142
2020,Dental & Vision,Ohio,4433004,3543488
2015,Dental & Vision,Washington,5805718,4627647
2022,Indemnity Health,Washington,5717912,5575574
2015,Long-term Care,Georgia,3411953,3884715
2023,Critical Illness,North Carolina,3880881,2176291
2021,Critical Illness,Illinois,6382755,4971028
2016,Critical Illness,New York,10484992,7729740
2017,Critical Illness,Florida,7517506,5911329
2019,Dental & Vision,Massachusetts,5039299,3594396
2023,Dental & Vision,Illinois,5128388,4540541
2019,Long-term Care,Indiana,2753342,2876230
2017,Cancer Insurance,New York,8976279,6653288
2021,Indemnity Health,Michigan,4046166,3275616
2018,Critical Illness,Florida,7993879,6382313
2024,Indemnity Health,Florida,8574670,9184273
2017,Indemnity Health,Maryland,4811089,4249629
2016,Critical Illness,Virginia,5127206,4055669
2015,Long-term Care,California,9626523,10700148
2019,Long-term Care,Illinois,6640984,7306468
2019,Cancer Insurance,New Jersey,4171281,2696816
2015,Critical Illness,Massachusetts,4985163,2738097
2021,Cancer Insurance,California,12544909,7226227
2023,Cancer Insurance,Virginia,3959376,3500767
2019,Indemnity Health,Florida,7495727,6449883
2020,Critical Illness,Arizona,4764028,3865892
2024,Cancer Insurance,Ohio,5840094,5779396
2017,Accident Insurance,Florida,9409957,8456084
2020,Critical Illness,Massachusetts,4826181,3255083
2022,Long-term Care,Washington,5926137,6964320
2022,Cancer Insurance,Massachusetts,4838805,2869410
2017,Critical Illness,New Jersey,5175231,3096788
2020,Long-term Care,Washington,4973836,4743687
2015,Cancer Insurance,Maryland,4137213,3740335
2020,Critical Illness,Washington,4442983,2320471
2024,Indemnity Health,Tennessee,4488567,4860855
2018,Cancer Insurance,Michigan,4557653,3667012
2021,Indemnity Health,Georgia,4791712,5384877
2022,Critical Illness,Washington,5297317,3872263
2023,Long-term Care,Texas,9499462,10892028
2015,Accident Insurance,Missouri,3929984,3159803
2023,Dental & Vision,Virginia,4125855,2832721
2023,Critical Illness,Tennessee,3789526,1960783
2017,Indemnity Health,Ohio,5759010,5516694
2024,Indemnity Health,Florida,9916848,11069152
2024,Accident Insurance,California,13660369,10970331
2023,Indemnity Health,Virginia,3219516,3794638
2023,Dental & Vision,Ohio,4157169,3687969
2018,Long-term Care,Ohio,5692286,6928710
2022,Cancer Insurance,New York,8097720,5595216
2016,Cancer Insurance,Virginia,4495402,3178472
2016,Dental & Vision,Massachusetts,5432752,4544573
2017,Dental & Vision,Illinois,6989021,6551288
2018,Critical Illness,Maryland,4943927,3307950
2018,Critical Illness,Tennessee,2598661,1729172
2023,Dental & Vision,Missouri,2870471,2077450
2020,Cancer Insurance,Missouri,4104753,3247496
2023,Dental & Vision,Wisconsin,2821351,1879975
2016,Long-term Care,California,11013574,12405454
2016,Dental & Vision,Indiana,3762798,2937249
2017,Long-term Care,Michigan,4165928,4923485
2020,Accident Insurance,North Carolina,4987571,3191428
2023,Long-term Care,Virginia,4154932,4003120
2018,Dental & Vision,Michigan,3448776,2171716
2018,Accident Insurance,New York,9825271,9793071
2017,Dental & Vision,Arizona,4451740,2880366
2022,Cancer Insurance,New Jersey,5781909,3743669
2019,Long-term Care,Missouri,2748432,2767938
2019,Indemnity Health,Illinois,5725288,5007003
2016,Critical Illness,Arizona,4301163,2405873
2021,Critical Illness,Indiana,3729421,2034213
2017,Accident Insurance,Illinois,5254261,4684908
2017,Dental & Vision,Missouri,4007879,3535580
2020,Long-term Care,Maryland,4649682,5020460
2024,Cancer Insurance,Florida,7171403,5363615
2023,Critical Illness,Illinois,4546435,3368328
2024,Cancer Insurance,New York,10282446,8692658
2020,Accident Insurance,Illinois,6735138,4791691
2016,Dental & Vision,Wisconsin,3758474,3357297
2024,Long-term Care,Washington,3798382,4132728
2024,Accident Insurance,Virginia,4555171,3385883
2022,Dental & Vision,Missouri,3941172,3173767
2016,Cancer Insurance,Missouri,3613205,2390956
2016,Indemnity Health,Florida,8430460,7203331
2021,Cancer Insurance,Georgia,3309694,2223460
2021,Cancer Insurance,Washington,5381064,4493291
2020,Dental & Vision,Texas,11613661,9514365
2020,Cancer Insurance,Maryland,3428334,2767024
2017,Long-term Care,Ohio,5853803,6639017
2015,Dental & Vision,Maryland,4542194,3282904
2024,Accident Insurance,Missouri,2555387,1801657
2015,Dental & Vision,California,11239710,9877784
2017,Indemnity Health,Michigan,4452458,4673884
2017,Cancer Insurance,Washington,4081812,2671722
2018,Critical Illness,Michigan,4227478,2229807
2020,Cancer Insurance,Wisconsin,2493143,1541549
2022,Long-term Care,Indiana,3798459,4256270
2023,Critical Illness,Maryland,3933539,2610822
2019,Accident Insurance,Washington,3838749,2272571
2020,Indemnity Health,New Jersey,6394845,6243666
2016,Indemnity Health,Wisconsin,3896451,3311801
2019,Critical Illness,Indiana,3280247,2528869
2023,Dental & Vision,Washington,4728165,3830438
2015,Dental & Vision,California,12904016,9313440
2022,Dental & Vision,California,13890668,10408836
2019,Dental & Vision,Florida,9339061,6363276
2018,Dental & Vision,Georgia,4686349,3268696
2016,Critical Illness,Indiana,3476618,2607453
2019,Critical Illness,New York,11437375,9096849
2022,Cancer Insurance,Missouri,3502910,2632182
2024,Accident Insurance,Arizona,4052685,3876064
2021,Accident Insurance,Indiana,2475202,2217431
2023,Indemnity Health,Texas,11003259,10151128
2021,Critical Illness,Michigan,3930441,2250322
2024,Critical Illness,Texas,8160155,6309179
2019,Accident Insurance,Pennsylvania,5495992,4126337
2023,Dental & Vision,Florida,8145735,5912150
2023,Accident Insurance,New York,9667301,9256029
2019,Long-term Care,Virginia,5001218,6160727
2016,Cancer Insurance,Wisconsin,2462255,1484918
2021,Indemnity Health,Wisconsin,3526917,3552624
2019,Cancer Insurance,Texas,10901342,8464627
2016,Long-term Care,Illinois,6850261,8745727
2017,Long-term Care,Virginia,3465365,3800661
2021,Indemnity Health,Arizona,3150327,2541727
2019,Indemnity Health,Illinois,6954092,5460973
2022,Cancer Insurance,Georgia,4075379,3548650
2022,Critical Illness,Michigan,3076885,1691160
2021,Long-term Care,Pennsylvania,5619030,5758848
2018,Accident Insurance,Michigan,4376373,3179981
2021,Critical Illness,New York,8726340,7419667
2018,Indemnity Health,New Jersey,5645369,4917778
2019,Indemnity Health,Wisconsin,4149911,3537948
2024,Long-term Care,California,13520402,17978794
2021,Cancer Insurance,Arizona,4095693,3226988
2023,Dental & Vision,New York,9863398,7524090
2024,Indemnity Health,California,10769075,8115666
2023,Indemnity Health,Illinois,4685539,4224098
2018,Critical Illness,Arizona,4147851,2329007
2015,Indemnity Health,Michigan,3368861,3423581
2024,Critical Illness,Virginia,4357596,3584989
2015,Long-term Care,Virginia,5096048,5020921
2019,Indemnity Health,Texas,8301999,9225448
2022,Critical Illness,Missouri,2723497,1921787
2016,Indemnity Health,Massachusetts,5237040,4081719
2024,Accident Insurance,Michigan,3433854,3089521
2023,Cancer Insurance,Tennessee,3892596,3392185
2019,Critical Illness,Indiana,2628698,1856774
2023,Accident Insurance,Georgia,3042118,2734206
2021,Cancer Insurance,Indiana,3620260,3268304
2017,Indemnity Health,Florida,7704341,8500020
2023,Indemnity Health,Arizona,3868319,3454583
2023,Long-term Care,Illinois,5247644,6871630
2022,Cancer Insurance,Massachusetts,4423254,3872782
2022,Indemnity Health,North Carolina,5546966,5697577
2022,Accident Insurance,Illinois,4934528,3300676
2023,Dental & Vision,Florida,8717811,8806567
2020,Accident Insurance,California,10453751,7826025
2020,Accident Insurance,Virginia,3759644,3222936
2015,Dental & Vision,Massachusetts,4262630,3016657
2021,Long-term Care,Ohio,4267896,5702184
2017,Long-term Care,Wisconsin,3229416,3525996
2021,Indemnity Health,Texas,8889546,7582196
2022,Long-term Care,Maryland,5120824,5293426
2019,Dental & Vision,Texas,9287167,7908748
2020,Accident Insurance,North Carolina,4700669,4607850
2024,Accident Insurance,Virginia,4540195,4000573
2017,Indemnity Health,Tennessee,4489985,3819418
2023,Indemnity Health,North Carolina,4902100,4426320
2015,Long-term Care,Maryland,4237909,3930533
2019,Accident Insurance,Wisconsin,3094187,2722800
2016,Cancer Insurance,North Carolina,3815983,3032041
2021,Cancer Insurance,Pennsylvania,4941482,2794475
2022,Indemnity Health,Ohio,5992257,6246706
2015,Cancer Insurance,Georgia,4621367,3108794
2018,Dental & Vision,Maryland,4235890,2977498
2015,Long-term Care,Illinois,7276714,7752741
2019,Accident Insurance,Texas,8550208,7979738
2020,Accident Insurance,Illinois,7347028,6448327
2022,Critical Illness,Virginia,5283636,3382323
2018,Cancer Insurance,Maryland,3699044,2969108
2022,Cancer Insurance,Texas,8026256,5754803
2021,Critical Illness,Missouri,2713856,1798170
2016,Cancer Insurance,Michigan,4645822,3957136
2017,Indemnity Health,Pennsylvania,6198311,6647861
2018,Cancer Insurance,Texas,8827880,6595215
2015,Cancer Insurance,Massachusetts,3851293,2299822
2018,Accident Insurance,Virginia,3852443,3801137
2018,Critical Illness,North Carolina,5434676,4572921
2017,Indemnity Health,California,13509654,10658714
2017,Long-term Care,Texas,7830722,8310964
2017,Dental & Vision,New Jersey,6122429,5235184
2024,Critical Illness,Maryland,4154077,2740305
2018,Indemnity Health,Illinois,5302214,5390874
2017,Accident Insurance,Florida,9731405,7671595
2020,Accident Insurance,North Carolina,3532796,3223339
2023,Cancer Insurance,Missouri,4001166,3189956
2016,Critical Illness,Missouri,3539330,1898866
2021,Critical Illness,Tennessee,4143543,2334780
2015,Critical Illness,Indiana,3500648,2115129
2021,Indemnity Health,Tennessee,2995728,2742756
2024,Accident Insurance,New York,10643266,9776998
2017,Critical Illness,California,12787740,8895595
2023,Long-term Care,New York,9484107,11655539
2018,Dental & Vision,Massachusetts,4366012,3482364
2024,Indemnity Health,Ohio,5739770,4661518
2023,Indemnity Health,Arizona,3070563,3252675
2024,Critical Illness,Pennsylvania,6776886,4893242
2019,Cancer Insurance,Wisconsin,3820148,3098778
2024,Accident Insurance,Massachusetts,3745886,3220275
2016,Accident Insurance,Virginia,4014459,3483265
2015,Cancer Insurance,Florida,6338859,3964633
2024,Dental & Vision,New York,11920964,9285883
2016,Accident Insurance,Pennsylvania,5595052,4432991
2015,Critical Illness,Indiana,3142426,1824602
2020,Long-term Care,Tennessee,3293612,3666821
2017,Accident Insurance,Missouri,3534596,2624353
2023,Accident Insurance,Texas,11914356,11856359
2018,Critical Illness,Arizona,4869395,3216629
2015,Cancer Insurance,Maryland,4248285,3597409
2018,Accident Insurance,Missouri,3820850,2910809
2020,Long-term Care,Michigan,3450542,4549840
2019,Long-term Care,Indiana,3917508,3752261
2015,Indemnity Health,Ohio,5229288,3951989
2021,Critical Illness,Ohio,3571588,2388268
2016,Accident Insurance,North Carolina,3830609,3185642
2021,Long-term Care,California,12520585,14897449
2016,Cancer Insurance,Arizona,4135199,2926517
2019,Long-term Care,Wisconsin,2609381,2660680
2015,Critical Illness,Maryland,4806017,3685553
2021,Cancer Insurance,Missouri,3883368,2959270
2017,Critical Illness,Michigan,4787783,2947641
2015,Accident Insurance,California,10645000,9152029
2015,Long-term Care,New York,10661566,10440793
2020,Dental & Vision,North Carolina,4720118,3669403
2017,Dental & Vision,California,12259575,10446641
2024,Indemnity Health,Texas,11598797,10735357
2015,Accident Insurance,North Carolina,4833959,3020156
2024,Long-term Care,Arizona,3233397,3310782
2019,Accident Insurance,Florida,9206841,6037183
2018,Dental & Vision,Arizona,3877245,2865882
2024,Long-term Care,Tennessee,2613943,2430096
2017,Critical Illness,Wisconsin,2991491,1595092
2017,Accident Insurance,Massachusetts,4207445,3150736
2022,Long-term Care,Florida,7905141,9482044
2018,Critical Illness,Indiana,3400189,2065693
2018,Critical Illness,Indiana,2831676,1436934
2015,Critical Illness,North Carolina,5714547,4001563
2023,Indemnity Health,Wisconsin,2648184,2502549
2020,Accident Insurance,Texas,10437816,6157154
2016,Cancer Insurance,Michigan,4535086,2557116
2020,Long-term Care,North Carolina,3840035,4470120
2019,Critical Illness,California,9708510,6519474
2015,Long-term Care,California,13904886,11570304
2024,Accident Insurance,Texas,7840352,6723123
2023,Cancer Insurance,Michigan,4098316,3381301
2024,Long-term Care,Tennessee,2881572,3082383
2022,Accident Insurance,Pennsylvania,6658748,6873334
2023,Accident Insurance,Georgia,5163093,4102031
2016,Indemnity Health,Indiana,3885141,3204447
2018,Long-term Care,Wisconsin,3782096,3335926
2023,Dental & Vision,Michigan,4890855,4386381
2021,Critical Illness,Pennsylvania,6227069,4455229
2018,Indemnity Health,Virginia,3371449,3277120
2016,Indemnity Health,Tennessee,3059802,3130545
2024,Cancer Insurance,Pennsylvania,6623015,5199762
2017,Cancer Insurance,Illinois,7404652,5341440
2022,Accident Insurance,Virginia,5188000,4760598
2020,Indemnity Health,Illinois,7355958,5694758
2024,Accident Insurance,Virginia,4090978,3571768
2019,Long-term Care,Michigan,3800211,3615321
2018,Cancer Insurance,Michigan,3534191,3262491
2021,Cancer Insurance,Massachusetts,4333866,3020402
2021,Critical Illness,Missouri,3595977,2015126
2023,Dental & Vision,Massachusetts,5580199,4336771
2022,Dental & Vision,Wisconsin,4008254,3411656
2019,Accident Insurance,Wisconsin,2898897,2181406
2016,Critical Illness,New York,12049234,6767042
2017,Dental & Vision,Ohio,3986914,2585605
2018,Dental & Vision,Tennessee,3703941,3404424
2015,Dental & Vision,Georgia,4889744,3737775
2017,Accident Insurance,California,11394576,6577570
2018,Cancer Insurance,Pennsylvania,5868743,3686258
2022,Dental & Vision,Georgia,3129811,2416057
2017,Indemnity Health,Wisconsin,2773100,2473678
2018,Dental & Vision,New York,12244867,9443376
2021,Long-term Care,Florida,9774065,11668275
2016,Indemnity Health,Virginia,4895711,3956059
2024,Accident Insurance,Maryland,5027947,4433833
2020,Cancer Insurance,Wisconsin,3241152,1948927
2021,Long-term Care,New Jersey,5268319,5985115
2022,Cancer Insurance,Texas,9836688,7716092
2016,Accident Insurance,Pennsylvania,4898374,2762559
2023,Dental & Vision,Illinois,5055361,4308346
2019,Accident Insurance,Tennessee,2799464,2093336
2016,Long-term Care,Missouri,3341036,3820798
2018,Cancer Insurance,Pennsylvania,5376520,3755060
2022,Accident Insurance,Virginia,4814812,3632236
2019,Accident Insurance,Maryland,3302171,2506541
2019,Long-term Care,New York,8863848,8441066
2024,Long-term Care,Florida,7350026,7269957
2024,Accident Insurance,Wisconsin,2542327,1928429
2020,Critical Illness,North Carolina,4365613,3272572
2021,Indemnity Health,Ohio,5564174,3955041
2016,Critical Illness,California,12060924,6269736
2023,Accident Insurance,Missouri,3487407,2992786
2015,Dental & Vision,Indiana,3799552,3183176
2023,Cancer Insurance,Virginia,4681669,3742375
2018,Accident Insurance,Washington,4301149,3260607
2017,Cancer Insurance,Massachusetts,3970070,2783824
2018,Accident Insurance,New Jersey,4607276,3912226
2016,Accident Insurance,Tennessee,2945627,2803724
2017,Cancer Insurance,New Jersey,5391192,4094669
2024,Long-term Care,Texas,9588737,10826533
2017,Dental & Vision,Indiana,3983824,3372984
2020,Cancer Insurance,Georgia,3680761,2846560
2024,Accident Insurance,Georgia,5313540,5252462
2019,Cancer Insurance,Massachusetts,5117864,3937077
2017,Critical Illness,Florida,7194124,6139788
2015,Cancer Insurance,Wisconsin,3438895,2199927
2024,Accident Insurance,Wisconsin,4135719,2942611
2021,Dental & Vision,Texas,8891119,7073922
2021,Dental & Vision,Tennessee,3713674,2576224
2015,Dental & Vision,New Jersey,4823045,3838536
2015,Dental & Vision,North Carolina,3555255,3035348
2020,Indemnity Health,Indiana,2669438,2198892
2018,Long-term Care,New York,12238230,13303569
2021,Cancer Insurance,Texas,7877923,5046831
2024,Dental & Vision,Georgia,4897682,3530538
2022,Critical Illness,Arizona,4290928,2832609
2016,Long-term Care,Tennessee,4079524,3733495
2022,Critical Illness,Michigan,4540444,2294279
2016,Long-term Care,Tennessee,3065912,2749264
2015,Cancer Insurance,Massachusetts,5625617,3752110
2018,Long-term Care,Virginia,4368688,4974015
2020,Long-term Care,Illinois,6477820,7344622
2015,Accident Insurance,Virginia,4934101,3234161
2023,Critical Illness,Illinois,6862793,4607109
2023,Indemnity Health,Wisconsin,2770115,2528255
2023,Accident Insurance,Illinois,6149183,5077115
2019,Accident Insurance,Virginia,3260455,2599486
2023,Critical Illness,Arizona,3210610,2381852
2016,Dental & Vision,Pennsylvania,5650673,4427989
2020,Indemnity Health,Illinois,4931055,3995613
2021,Accident Insurance,California,11691244,7965877
2022,Critical Illness,Georgia,5338547,3862954
2016,Cancer Insurance,New Jersey,5348932,4176668
2020,Long-term Care,Missouri,3829521,4863332
2015,Indemnity Health,Georgia,4170735,3491473
2015,Long-term Care,New York,9853003,9910687
2015,Dental & Vision,Virginia,5253044,4255604
2023,Accident Insurance,Massachusetts,5862253,4863064
2015,Dental & Vision,Massachusetts,3803043,2570011
2015,Critical Illness,Ohio,5501275,4502492
2024,Accident Insurance,Michigan,3258981,2217766
2018,Dental & Vision,Michigan,4457882,4159587
2015,Indemnity Health,Illinois,6889391,5603613
2020,Long-term Care,Ohio,3510229,4199981
2019,Dental & Vision,Massachusetts,5422985,3945374
2019,Dental & Vision,Arizona,3883028,3053847
2020,Indemnity Health,Florida,6727025,6635820
2018,Dental & Vision,New York,10740681,9176744
2021,Indemnity Health,Missouri,2893218,2350605
2020,Indemnity Health,Missouri,2929905,2873494
2021,Dental & Vision,North Carolina,3876660,2862385
2022,Accident Insurance,Ohio,5752411,4063865
2024,Accident Insurance,New York,9433359,8798030
2020,Accident Insurance,Massachusetts,5858464,3712786
2024,Accident Insurance,Tennessee,3921507,3559572
2024,Dental & Vision,Massachusetts,4930219,4910332
2024,Critical Illness,Massachusetts,5608088,5369401
2018,Critical Illness,Virginia,5465537,3549119
2019,Indemnity Health,New Jersey,5301207,5827937
2015,Cancer Insurance,Pennsylvania,4760870,4111101
2022,Critical Illness,Wisconsin,3041645,2189180
2017,Accident Insurance,Virginia,4494032,4261877
2015,Critical Illness,Arizona,3371685,2081349
2016,Accident Insurance,Pennsylvania,5225222,4384729
2022,Accident Insurance,Tennessee,2845394,2434600
2023,Cancer Insurance,Georgia,4266379,3669624
2022,Indemnity Health,Tennessee,4287324,4692540
2021,Accident Insurance,New York,12548658,8951866
2022,Dental & Vision,Arizona,3842049,3795558
2021,Indemnity Health,Arizona,3250808,3364530
2016,Indemnity Health,New York,12825373,13282051
2020,Cancer Insurance,California,13019264,8571361
2015,Indemnity Health,Missouri,3951963,3687474
2023,Accident Insurance,Indiana,2578476,1897656
2017,Accident Insurance,Illinois,4594007,4018587
2015,Dental & Vision,Maryland,4303160,3204319
2019,Critical Illness,Massachusetts,3924414,2531966
2017,Long-term Care,Texas,8026791,8787835
2019,Critical Illness,Illinois,5769545,4891958
2022,Accident Insurance,Pennsylvania,6559926,6006628
2024,Long-term Care,Arizona,3028074,3206065
2023,Cancer Insurance,Pennsylvania,5541517,5593370
2015,Accident Insurance,Tennessee,4300102,2880432
2024,Indemnity Health,New York,12216606,11389101
2023,Accident Insurance,New Jersey,4967610,4404657
2020,Indemnity Health,Tennessee,3054815,3035920
2018,Indemnity Health,California,9417593,7029945
2019,Indemnity Health,Virginia,4581722,3527014
2018,Critical Illness,California,10649430,7165721
2021,Dental & Vision,Tennessee,3439560,3289313
2017,Cancer Insurance,Virginia,3244786,2456160
2023,Cancer Insurance,Washington,4074215,4015624
2024,Critical Illness,Missouri,2602036,2177956
2017,Dental & Vision,Missouri,3981231,3346966
2020,Long-term Care,Washington,5331331,5356094
2024,Critical Illness,New Jersey,5396099,2958322
2017,Cancer Insurance,Arizona,3997067,2442419
2019,Long-term Care,Massachusetts,5268781,5992944
2023,Accident Insurance,Ohio,3665232,3636342
2022,Cancer Insurance,Washington,4128431,2617921
2023,Long-term Care,Missouri,3056601,3607157
2017,Long-term Care,Maryland,4643166,4833070
2022,Accident Insurance,Maryland,3065694,1838351
2017,Accident Insurance,North Carolina,5231048,5191812
2021,Long-term Care,Ohio,4537197,4540350
2021,Long-term Care,Pennsylvania,5635980,6042951
2024,Indemnity Health,Maryland,4082819,3944039
2018,Critical Illness,Michigan,4378466,3580012
2018,Accident Insurance,Maryland,4404484,3402981
2015,Dental & Vision,Georgia,3124259,2682081
2021,Indemnity Health,Wisconsin,2632866,1934946
2018,Indemnity Health,Washington,5402600,4569731
2019,Indemnity Health,Massachusetts,5034485,4412187
2018,Dental & Vision,Pennsylvania,5301876,4051589
2015,Indemnity Health,North Carolina,4035211,2876379
2016,Cancer Insurance,Pennsylvania,6586815,4614862
2023,Dental & Vision,Florida,8278906,8343533
2024,Cancer Insurance,Ohio,5075001,3571926
2022,Indemnity Health,Maryland,4245558,4492839
2017,Indemnity Health,North Carolina,4596753,3946068
2021,Cancer Insurance,North Carolina,3898450,3735710
2016,Long-term Care,Indiana,2229751,2015427
2015,Indemnity Health,Ohio,4893286,4718937
2024,Cancer Insurance,Tennessee,4142414,3686507
2021,Long-term Care,Missouri,3622615,4265200
2017,Long-term Care,Washington,5935474,6965549
2021,Accident Insurance,Maryland,4588738,4110476
2022,Accident Insurance,Massachusetts,4108171,3153233
2016,Long-term Care,Georgia,4028669,4193658
2015,Critical Illness,North Carolina,4203515,3298731
2018,Dental & Vision,Missouri,2325246,1516145
2019,Accident Insurance,Missouri,3392344,3046114
2019,Long-term Care,Pennsylvania,6649760,7979017
2024,Long-term Care,New York,12036172,11464080
2016,Dental & Vision,Virginia,4004823,3093723
2022,Cancer Insurance,Texas,10925179,8880320
2020,Cancer Insurance,Missouri,3233359,2280837
2021,Cancer Insurance,Georgia,4957922,3610460
2018,Dental & Vision,New Jersey,3858403,3228792
2020,Accident Insurance,Michigan,4199473,2944786
2020,Long-term Care,Washington,3849088,4093863
2024,Critical Illness,Washington,5791405,4105990
2021,Long-term Care,North Carolina,5464260,5739620
2016,Cancer Insurance,California,13869477,8114416
2016,Long-term Care,Illinois,6576289,7651038
2017,Cancer Insurance,Arizona,3117843,2059726
2024,Indemnity Health,Texas,11830991,13225510
2019,Cancer Insurance,Pennsylvania,6937686,5194649
2016,Indemnity Health,Massachusetts,5428679,4397530
2023,Indemnity Health,Indiana,3525936,2680980
2024,Accident Insurance,Washington,4867565,3546155
2015,Dental & Vision,Massachusetts,5394320,3915671
2021,Critical Illness,Georgia,3547159,2802032
2018,Accident Insurance,Virginia,5097641,4473504
2020,Long-term Care,Texas,10725499,12340208
2018,Cancer Insurance,Missouri,3343288,2155346
2016,Dental & Vision,Missouri,3388214,3010579
2022,Dental & Vision,New York,10104495,7883738
2018,Long-term Care,Virginia,3324100,4120286
2019,Critical Illness,Massachusetts,5701240,4730713
2021,Accident Insurance,Missouri,2861208,2726917
2022,Cancer Insurance,Arizona,4018251,3023914
2019,Dental & Vision,Pennsylvania,6230800,5203622
2024,Accident Insurance,Michigan,3476425,3346850
2024,Critical Illness,Maryland,4992508,4435790
2024,Indemnity Health,Ohio,4283793,3895516
2021,Cancer Insurance,Pennsylvania,6204502,4862256
2016,Dental & Vision,North Carolina,5159051,3952930
2020,Accident Insurance,Florida,7847447,6092194
2019,Indemnity Health,Illinois,5316578,4201447
2024,Cancer Insurance,Indiana,3505282,2738829
2021,Long-term Care,Virginia,3481677,3694967
2024,Critical Illness,Arizona,4859515,3359118
2024,Indemnity Health,Pennsylvania,6780926,7086106
2021,Cancer Insurance,Washington,4732315,3053297
2022,Indemnity Health,Illinois,4686755,5349114
2020,Indemnity Health,Arizona,4400694,4398906
2017,Dental & Vision,Virginia,4791503,3934365
2015,Long-term Care,Massachusetts,5214289,4949101
2016,Critical Illness,Texas,11269868,5871670
2016,Dental & Vision,Texas,7845131,6252374
2016,Indemnity Health,Florida,8716399,8508111
2015,Accident Insurance,Texas,10521737,8765172
2020,Long-term Care,Massachusetts,4598731,4064437
2019,Dental & Vision,Wisconsin,2850964,2486395
2020,Indemnity Health,Indiana,3808403,3729235
2018,Accident Insurance,North Carolina,5500604,3556204
2016,Long-term Care,Massachusetts,5844438,6824904
2015,Critical Illness,New Jersey,4533165,2810237
2017,Cancer Insurance,Ohio,5508315,3149286
2020,Long-term Care,Indiana,2207315,2425327
2017,Dental & Vision,Florida,8821331,7637808
2023,Long-term Care,Ohio,4913836,6477618
2022,Dental & Vision,Indiana,3495310,2771295
2021,Accident Insurance,Massachusetts,5692953,3574026
2017,Critical Illness,New York,10240153,6279992
2015,Cancer Insurance,Ohio,5395464,2974708
2021,Indemnity Health,Wisconsin,3271375,3247801
2021,Accident Insurance,Massachusetts,4770181,4391334
2017,Long-term Care,North Carolina,4268755,4560926
2017,Indemnity Health,New York,11730179,9802860
2021,Indemnity Health,Illinois,4819101,4284173
2015,Cancer Insurance,California,12116146,6819966
2022,Cancer Insurance,Ohio,4976647,4083611
2024,Cancer Insurance,New York,10549294,7233545
2023,Accident Insurance,Arizona,4758407,3822909
2017,Cancer Insurance,Wisconsin,3223409,1871292
2018,Cancer Insurance,Virginia,4527633,3102353
2021,Accident Insurance,Pennsylvania,4620822,3535053
2019,Cancer Insurance,Indiana,2478198,2067519
2023,Dental & Vision,Florida,9200093,6690993
2021,Dental & Vision,California,11907031,8653353
2017,Accident Insurance,Pennsylvania,6790713,5851567
2017,Long-term Care,California,12278220,10645275
2024,Dental & Vision,Arizona,3096529,2677034
2015,Long-term Care,Florida,7978387,8612694
2017,Cancer Insurance,New York,9488910,7367062
2015,Critical Illness,Georgia,3241017,2831281
2018,Long-term Care,Michigan,3402342,3937147
2020,Critical Illness,Indiana,3172483,1934600
2021,Indemnity Health,Virginia,4459360,3952268
2024,Dental & Vision,Pennsylvania,6194599,5895674
2017,Accident Insurance,Indiana,2693807,1957873
2017,Critical Illness,New York,10631461,8142680
2015,Critical Illness,Ohio,3529838,2327405
2023,Critical Illness,Michigan,4969817,3660790
2016,Cancer Insurance,Michigan,4520642,3874789
2022,Accident Insurance,Tennessee,3580256,3356795
2022,Dental & Vision,Ohio,5700250,4240659
2015,Critical Illness,Ohio,5213988,2833957
2022,Cancer Insurance,New York,11044198,6799839
2021,Cancer Insurance,Virginia,3580102,3031041
2022,Indemnity Health,Georgia,4685693,4380483
2015,Long-term Care,Massachusetts,5192790,5933859
2023,Cancer Insurance,Indiana,3514173,3506485
2015,Long-term Care,Ohio,5123640,5746913
2017,Dental & Vision,Washington,4570157,3467491
2020,Dental & Vision,California,11818932,7846693
2023,Indemnity Health,Missouri,2865742,2497947
2019,Indemnity Health,Indiana,3835015,3459379
2024,Accident Insurance,Massachusetts,4074069,4019398
2023,Long-term Care,California,9335426,11296162
2020,Indemnity Health,Washington,3651008,2916040
2015,Dental & Vision,Texas,10651143,7685306
2018,Cancer Insurance,Missouri,2983986,1849848
2022,Long-term Care,New Jersey,3938145,3798966
2017,Long-term Care,Massachusetts,3775628,3707501
2023,Dental & Vision,Arizona,4666079,3692039
2023,Accident Insurance,Tennessee,3146431,1976834
2015,Dental & Vision,New York,8663290,8220879
2016,Dental & Vision,Virginia,3763429,2532835
2018,Cancer Insurance,North Carolina,3885376,2927061
2022,Indemnity Health,Massachusetts,4051430,4514600
2020,Long-term Care,California,9200948,8361140
2016,Cancer Insurance,Maryland,3229039,2160316
2020,Critical Illness,California,9890493,5546657
2023,Dental & Vision,Michigan,4887848,3866729
2016,Indemnity Health,Michigan,4455935,3294237
2016,Critical Illness,Ohio,4907932,3379689
2022,Critical Illness,Pennsylvania,5576432,3759490
2016,Accident Insurance,California,14306883,12468986
2024,Critical Illness,Indiana,3714119,2405588
2023,Critical Illness,Virginia,4586937,3435668
2021,Critical Illness,Missouri,3920276,3231168
2016,Cancer Insurance,Illinois,4861102,3192277
2015,Long-term Care,Texas,9069937,8508234
2016,Dental & Vision,Indiana,2219152,1768078
2015,Critical Illness,California,11372541,5800220
2019,Critical Illness,Massachusetts,6185664,4762095
2023,Critical Illness,North Carolina,3786702,2250378
2016,Critical Illness,New Jersey,6252063,4816261
2019,Critical Illness,Illinois,5256762,2891549
2015,Cancer Insurance,New Jersey,5929123,4333676
2021,Dental & Vision,Wisconsin,3019237,1969262
2016,Dental & Vision,Missouri,3427242,2539028
2017,Cancer Insurance,Virginia,4536169,3709526
2015,Critical Illness,Missouri,3327414,2349388
2020,Accident Insurance,Texas,10339627,8205821
2024,Long-term Care,Washington,4295058,3832290
2017,Long-term Care,Illinois,6262325,5465373
2016,Accident Insurance,New York,9006134,6784613
2019,Cancer Insurance,Texas,10696274,6445637
2016,Indemnity Health,Tennessee,3814407,2708090
2021,Critical Illness,California,13244480,9190541
2019,Indemnity Health,Michigan,4091769,4020319
2023,Dental & Vision,New York,8546110,6943934
2019,Dental & Vision,California,9995747,8053972
2015,Cancer Insurance,Tennessee,3543061,2118290
2017,Indemnity Health,Pennsylvania,5026313,4265778
2022,Accident Insurance,Virginia,3314486,3438762
2019,Accident Insurance,California,9776071,9236480
2024,Indemnity Health,Arizona,4469895,3831422
2015,Long-term Care,Texas,10281242,9829582
2017,Dental & Vision,Illinois,7242535,6868741
2019,Long-term Care,Pennsylvania,6659796,7880490
2024,Dental & Vision,Florida,6687606,5385120
2023,Accident Insurance,Wisconsin,2969241,2263198
2022,Cancer Insurance,Missouri,3710499,3369063
2021,Cancer Insurance,Virginia,4668647,3415157
2024,Indemnity Health,Arizona,2893748,2226039
2021,Cancer Insurance,North Carolina,4857118,3115714
2017,Indemnity Health,Texas,9507522,8038969
2015,Indemnity Health,Virginia,4747258,3744045
2018,Accident Insurance,North Carolina,4343937,3015662
2018,Dental & Vision,Arizona,3116965,2637338
2021,Dental & Vision,Illinois,5542257,4297302
2021,Indemnity Health,New York,9285886,7280385
2016,Dental & Vision,Georgia,4360440,4147964
2022,Dental & Vision,Ohio,5169180,4833526
2023,Cancer Insurance,Tennessee,4294948,3027020
2017,Cancer Insurance,Illinois,5718200,3071838
2024,Dental & Vision,Georgia,4333817,4030946
2022,Indemnity Health,Florida,7321697,7447833
2020,Dental & Vision,Arizona,3740244,3293766
2019,Cancer Insurance,Maryland,3309345,2397067
2023,Long-term Care,California,11767576,14634321
2016,Critical Illness,Massachusetts,3861424,2112218
2019,Critical Illness,Texas,9456037,7930372
2015,Long-term Care,Massachusetts,3845980,4843277
2020,Dental & Vision,Georgia,3303060,3014808
2023,Dental & Vision,Indiana,2926305,2754007
2021,Critical Illness,California,12609134,10463055
2018,Cancer Insurance,Washington,3669649,2149215
2021,Dental & Vision,Virginia,5299580,5040660
2015,Critical Illness,Wisconsin,4219973,2387009
2020,Long-term Care,Pennsylvania,4125293,5266588
2022,Indemnity Health,Wisconsin,4182084,4374051
2017,Accident Insurance,Georgia,3931146,2723925
2020,Cancer Insurance,Virginia,5073799,4571735
2019,Accident Insurance,North Carolina,4934176,3305652
2019,Cancer Insurance,Missouri,2468290,1699416
2021,Cancer Insurance,Florida,6240315,5257059
2019,Cancer Insurance,New York,12328160,10994277
2017,Dental & Vision,Virginia,4232608,3608166
2015,Long-term Care,Florida,7333806,8565688
2019,Dental & Vision,New York,8675310,7673297
2023,Critical Illness,New York,8194590,6986091
2015,Critical Illness,Arizona,4367176,2622962
2017,Cancer Insurance,Georgia,3996856,3261737
2022,Cancer Insurance,Pennsylvania,5041942,3445342
2017,Dental & Vision,Virginia,3543920,2713098
2021,Cancer Insurance,New Jersey,4612800,3648948
2021,Indemnity Health,Ohio,4210032,3644089
2020,Dental & Vision,Illinois,5454882,4373190
2023,Dental & Vision,Washington,4812719,4857170
2021,Indemnity Health,Maryland,4264003,3673422
2019,Critical Illness,Massachusetts,4918656,3708949
2023,Cancer Insurance,New York,8887742,7265813
2020,Long-term Care,Pennsylvania,5187100,6567730
2021,Critical Illness,North Carolina,3291025,1952962
2020,Critical Illness,Virginia,5278594,3352504
2016,Cancer Insurance,Ohio,5464894,3174099
2016,Indemnity Health,Washington,5387921,4385577
2016,Dental & Vision,New Jersey,5412071,4188690
2020,Accident Insurance,Florida,6811708,5708115
2015,Dental & Vision,North Carolina,3522631,2820334
2021,Critical Illness,Michigan,3522766,2122031
2024,Indemnity Health,Virginia,4534221,3733331
2019,Critical Illness,Michigan,3641134,2269815
2015,Long-term Care,Indiana,3023963,2943870
2017,Long-term Care,Virginia,4963103,4667104
2017,Dental & Vision,California,9103686,6218026
2020,Cancer Insurance,North Carolina,3632311,3592742
2018,Cancer Insurance,Ohio,5163246,3384770
2024,Dental & Vision,California,11464593,9811574
2017,Cancer Insurance,Washington,3772458,2426289
2020,Critical Illness,Maryland,4553730,3525654
2017,Cancer Insurance,Illinois,7107866,6007619
2021,Critical Illness,Arizona,3442404,2449872
2017,Dental & Vision,Wisconsin,2730079,2357938
2018,Indemnity Health,Wisconsin,2880489,3170535
2023,Indemnity Health,Michigan,4517901,4666283
2015,Accident Insurance,Tennessee,4270498,3422229
2021,Critical Illness,New Jersey,6032451,3412205
2022,Critical Illness,Florida,8849642,7234562
2015,Critical Illness,Washington,4201783,2190378
2023,Long-term Care,Indiana,2707117,3207503
2022,Indemnity Health,Indiana,2652493,2988653
2016,Accident Insurance,Maryland,4022371,3171213
2024,Dental & Vision,Missouri,3495585,3477901
2020,Long-term Care,Florida,9196927,9194220
2022,Indemnity Health,Washington,5470625,5575626
2021,Critical Illness,Maryland,5170444,4266739
2017,Indemnity Health,Michigan,3400320,3487564
2018,Cancer Insurance,Wisconsin,3641878,3354064
2023,Indemnity Health,New York,11329950,12015769
2020,Accident Insurance,Washington,5312631,3770079
2023,Accident Insurance,California,12380049,7961561
2022,Dental & Vision,Maryland,3667139,3240381
2017,Accident Insurance,Indiana,3279370,3181013
2020,Indemnity Health,Tennessee,4280513,3619858
2021,Critical Illness,Texas,9046278,6599938
2023,Cancer Insurance,Tennessee,3842511,2840131
2018,Accident Insurance,Missouri,4112451,2974795
2024,Long-term Care,North Carolina,5050629,5010247
2015,Cancer Insurance,Texas,9454534,5932680
2017,Cancer Insurance,Indiana,3005606,2530406
2020,Critical Illness,Tennessee,2619636,1729569
2017,Long-term Care,Ohio,5302389,5109895
2023,Indemnity Health,Florida,6882786,4927361
2018,Accident Insurance,Missouri,2761751,1990503
2018,Indemnity Health,Virginia,3753728,3851630
2023,Long-term Care,Wisconsin,3835705,4373241
2023,Long-term Care,Michigan,4831596,5996402
2020,Cancer Insurance,Pennsylvania,5177801,5099804
2024,Cancer Insurance,Florida,9187978,5845345
2022,Critical Illness,Georgia,3584683,2675073
2018,Cancer Insurance,Missouri,3514946,2830905
2015,Cancer Insurance,Texas,8269012,6612715
2021,Indemnity Health,North Carolina,5149185,4967375
2017,Dental & Vision,Massachusetts,5487186,5155054
2018,Indemnity Health,New York,10499094,8648917
2021,Indemnity Health,New York,9274250,8218518
2015,Dental & Vision,Texas,7879918,6216515
2024,Dental & Vision,New York,11436993,9713796
2024,Cancer Insurance,Florida,7325769,5903829
2023,Cancer Insurance,Indiana,2305876,2183533
2016,Critical Illness,Illinois,5276276,3711353
2023,Dental & Vision,Washington,4673421,3770587
2015,Dental & Vision,Washington,5549754,3898326
2022,Dental & Vision,Missouri,2549211,1907238
2022,Dental & Vision,Wisconsin,3116119,2751487
2021,Accident Insurance,Maryland,3605210,3400729
2020,Indemnity Health,Maryland,3978209,3337827
2023,Critical Illness,California,13602552,9702558
2017,Critical Illness,New York,11247963,7203917
2024,Critical Illness,Maryland,5000938,3070156
2016,Long-term Care,Missouri,3547578,3209870
2019,Indemnity Health,Missouri,2474328,1963863
2018,Indemnity Health,Texas,9958160,8295002
2022,Cancer Insurance,Maryland,4461084,3987336
2017,Cancer Insurance,Washington,4477590,2935278
2016,Dental & Vision,Tennessee,2774518,2158183
2018,Indemnity Health,Massachusetts,4260238,4723324
2023,Accident Insurance,New York,11209035,8302388
2019,Dental & Vision,Wisconsin,3850506,2935550
2018,Accident Insurance,Pennsylvania,4059584,3813739
2024,Critical Illness,Tennessee,2938891,2490597
2015,Indemnity Health,Michigan,4093244,3451449
2022,Accident Insurance,Washington,4942370,5086560
2022,Accident Insurance,Illinois,7168713,6228506
2016,Cancer Insurance,North Carolina,3355582,2701681
2016,Critical Illness,Texas,8127670,5876493
2024,Critical Illness,New York,11382698,9732346
2017,Critical Illness,New York,9008192,5117926
2015,Cancer Insurance,California,14881061,9615318
2021,Critical Illness,New York,8708499,4541168
2020,Cancer Insurance,Florida,6596181,5346086
2024,Long-term Care,Pennsylvania,5712758,6724827
2016,Dental & Vision,Illinois,7179600,6303287
2018,Dental & Vision,Massachusetts,4733923,4621586
2024,Critical Illness,California,9966968,5293676
2016,Critical Illness,Michigan,4139318,3605955
2024,Long-term Care,Massachusetts,5776134,5661749
2016,Long-term Care,Indiana,3660553,3636368
2022,Accident Insurance,Illinois,6678801,5644727
2017,Accident Insurance,Virginia,4799122,4503874
2019,Critical Illness,Washington,5025404,3914823
2017,Critical Illness,Ohio,5560686,4506646
2020,Dental & Vision,Massachusetts,5848317,5538675
2022,Long-term Care,Ohio,4464429,4581928
2023,Cancer Insurance,Illinois,6332776,4584494
2021,Accident Insurance,Virginia,4556016,3641315
2019,Dental & Vision,Massachusetts,5143241,4421934
2018,Cancer Insurance,Georgia,4063838,2856189
2020,Accident Insurance,Washington,4659641,3290936
2019,Cancer Insurance,Texas,7911128,7285125
2017,Indemnity Health,Virginia,4703198,4487208
2020,Critical Illness,Tennessee,3387398,2742958
2015,Dental & Vision,New Jersey,4731140,3738794
2019,Critical Illness,New Jersey,6440436,5959174
2019,Critical Illness,Wisconsin,2923893,1479924
2024,Cancer Insurance,Florida,6190562,3742919
2018,Cancer Insurance,Tennessee,2719686,1788094
2017,Accident Insurance,Texas,7755701,6676404
2016,Long-term Care,Massachusetts,5886236,5340960
2015,Accident Insurance,Arizona,2831163,2397416
2023,Cancer Insurance,Texas,9343326,6091898
2023,Cancer Insurance,North Carolina,3324277,3259279
2020,Dental & Vision,Wisconsin,3440099,2343134
2016,Indemnity Health,Maryland,3421089,3529693
2023,Indemnity Health,California,10654687,9727895
2024,Cancer Insurance,Florida,6431176,5318185
2016,Cancer Insurance,Georgia,4115750,2937653
2020,Long-term Care,Indiana,2241874,2389376
2018,Indemnity Health,Wisconsin,3466104,2412977
2022,Dental & Vision,Michigan,3790975,3412100
2020,Indemnity Health,Washington,4743408,3935316
2021,Dental & Vision,Massachusetts,4653065,3643748
2024,Dental & Vision,Massachusetts,5771767,5452259
2016,Accident Insurance,Texas,8900357,7991913
2020,Accident Insurance,Ohio,5687484,5998847
2017,Indemnity Health,Texas,11696107,11609029
2018,Indemnity Health,Michigan,3283682,2982130
2024,Accident Insurance,Pennsylvania,5350308,3819859
2015,Cancer Insurance,Georgia,3723764,2168815
2021,Accident Insurance,Georgia,4949025,4136131
2024,Cancer Insurance,California,11707185,10284328
2022,Dental & Vision,Indiana,2745907,1969632
2019,Cancer Insurance,Michigan,4907519,3220134
2018,Accident Insurance,New York,12247484,8196405
2017,Indemnity Health,New Jersey,5287490,5638883
2024,Long-term Care,New Jersey,6417504,5722169
2024,Indemnity Health,Washington,4020285,3230627
2018,Accident Insurance,Georgia,3203471,2686546
2016,Indemnity Health,Indiana,3938500,3778110
2024,Indemnity Health,New York,10922468,8896732
2023,Cancer Insurance,Ohio,4440417,3342717
2023,Dental & Vision,Georgia,5380932,4397784
2024,Critical Illness,Texas,9259425,5897102
2017,Cancer Insurance,Washington,3948998,2416250
2016,Accident Insurance,New Jersey,5626256,4455138
2023,Dental & Vision,Indiana,2617899,2169828
2019,Accident Insurance,Virginia,3813009,2988469
2024,Dental & Vision,Florida,8190071,6867466
2016,Indemnity Health,Virginia,3907676,3142176
2020,Accident Insurance,Wisconsin,3416432,2433868
2021,Accident Insurance,Florida,7515324,5641773
2024,Dental & Vision,Michigan,4414550,3626303
2024,Cancer Insurance,New York,10850162,9756289
2015,Critical Illness,New York,9226406,6971217
2021,Cancer Insurance,Pennsylvania,4452645,3547799
2020,Critical Illness,Missouri,2812426,2180531
2018,Long-term Care,Ohio,4118073,3979199
2024,Dental & Vision,New Jersey,4934831,4235408
2021,Critical Illness,Texas,11340342,9194042
2018,Dental & Vision,Wisconsin,3942305,3216400
2016,Cancer Insurance,Indiana,3095723,2587610
2017,Dental & Vision,Tennessee,3649217,3172702
2023,Accident Insurance,North Carolina,5661008,5455598
2016,Cancer Insurance,Virginia,3799237,2329753
2022,Dental & Vision,Ohio,4723214,3882677
2018,Critical Illness,New Jersey,5619607,2726336
2020,Indemnity Health,Illinois,6064813,5722025
2020,Indemnity Health,New York,10156456,11663798
2020,Dental & Vision,Missouri,2827666,2022694
2018,Accident Insurance,Arizona,3714443,2349495
2016,Critical Illness,Illinois,5643320,3322164
2019,Long-term Care,California,10814300,12972729
2019,Long-term Care,Ohio,5921866,6213374
2023,Indemnity Health,Florida,8708411,8958226
2024,Critical Illness,Tennessee,2678774,1964107
2017,Critical Illness,Maryland,3438327,1807687
2021,Critical Illness,Indiana,2573544,2135381
2017,Long-term Care,New York,11627247,10490318
2021,Accident Insurance,Georgia,3468488,2867149
2018,Accident Insurance,Texas,9990765,7366081
2016,Cancer Insurance,Illinois,6143048,3239212
2021,Long-term Care,Florida,9113662,8979252
2023,Dental & Vision,California,9697148,9023290
2015,Long-term Care,New York,12805286,13639197
2023,Critical Illness,Illinois,7339739,5987251
2015,Indemnity Health,Ohio,3667331,3555423
2024,Accident Insurance,Florida,7001108,5133281
2024,Indemnity Health,Maryland,4999908,4120653
2016,Indemnity Health,North Carolina,3968595,3951189
2015,Long-term Care,Missouri,3789717,3294557
2021,Accident Insurance,North Carolina,4302441,2576374
2017,Long-term Care,Pennsylvania,4569461,4755891
2015,Accident Insurance,Arizona,4290266,2878066
2022,Long-term Care,New York,10912671,10965911
2017,Indemnity Health,Indiana,3335103,3246535
2021,Accident Insurance,Massachusetts,5663708,4097353
2024,Cancer Insurance,Illinois,5206509,3759758
2018,Dental & Vision,Pennsylvania,5427255,4385846
2016,Critical Illness,Ohio,4094893,3545712
2019,Long-term Care,Missouri,2602796,2357322
2024,Indemnity Health,Virginia,4743846,4036490
2019,Critical Illness,Michigan,4803399,3197358
2020,Dental & Vision,Indiana,3820788,3635695
2023,Critical Illness,Tennessee,3869734,3523399
2020,Accident Insurance,New York,12338539,9806934
2016,Critical Illness,Georgia,3594052,2094369
2023,Indemnity Health,Florida,9287015,9423706
2023,Long-term Care,California,14416707,16841120
2019,Critical Illness,Massachusetts,4764620,2919180
2017,Accident Insurance,Pennsylvania,5870944,4899060
2020,Cancer Insurance,Ohio,4272274,2886246
2015,Critical Illness,Massachusetts,5157752,3575202
2020,Critical Illness,Virginia,5104026,3552877
2018,Accident Insurance,Massachusetts,5946965,5056100
2024,Indemnity Health,Massachusetts,5976736,4695406
2019,Accident Insurance,Illinois,6305316,3832256
2021,Indemnity Health,New Jersey,4842124,4435881
2017,Accident Insurance,Arizona,4469936,3777450
2015,Critical Illness,Missouri,4044993,2238557
2022,Dental & Vision,North Carolina,4615090,4456322
2023,Cancer Insurance,Maryland,4423986,3894658
2021,Indemnity Health,New Jersey,6118850,5457518
2019,Accident Insurance,Indiana,2443868,2093714
2017,Indemnity Health,Indiana,2436637,2267395
2024,Dental & Vision,Washington,4763346,4942733
2015,Accident Insurance,Florida,8568794,7990120
2021,Critical Illness,Tennessee,3726773,2292441
2018,Critical Illness,Washington,4271116,3620199
2020,Critical Illness,Washington,3667982,2286311
2018,Critical Illness,Maryland,4712906,2553119
2019,Indemnity Health,Arizona,3808261,4037975
2018,Indemnity Health,New York,9959335,7166559
2016,Indemnity Health,Florida,8564934,8906060
2015,Accident Insurance,Florida,7399092,5931431
2020,Long-term Care,Michigan,3184088,3957742
2024,Accident Insurance,Indiana,2375041,2479230
2020,Dental & Vision,Wisconsin,2646801,2454572
2015,Accident Insurance,North Carolina,3670732,2484612
2017,Critical Illness,Tennessee,4019986,3076057
2021,Critical Illness,Texas,8685839,7123265
2023,Accident Insurance,Arizona,3986646,2843429
2024,Critical Illness,Florida,7026815,6657368
2021,Dental & Vision,Maryland,4077967,3398572
2017,Cancer Insurance,Michigan,4548674,2942929
2019,Indemnity Health,Florida,8670334,8589376
2018,Long-term Care,Virginia,5491630,4498499
2021,Dental & Vision,New Jersey,4773642,3910956
2018,Cancer Insurance,Wisconsin,2798362,2573073
2021,Critical Illness,Florida,8326069,6154462
2022,Dental & Vision,Massachusetts,4913910,4147710
2018,Dental & Vision,Tennessee,2983312,2133612
2024,Indemnity Health,Maryland,4857157,4273621
2022,Indemnity Health,Maryland,3098255,3466064
2023,Accident Insurance,Michigan,3341913,2598975
2016,Cancer Insurance,Pennsylvania,5887218,4388150
2020,Indemnity Health,Wisconsin,2723128,2009285
2020,Cancer Insurance,Indiana,2798871,1954732
2017,Indemnity Health,New York,11223126,8778600
2016,Long-term Care,Tennessee,4374391,4354089
2018,Critical Illness,Missouri,3640278,1860293
2018,Dental & Vision,Arizona,3864874,3106883
2021,Cancer Insurance,Ohio,4773887,3596552
2021,Indemnity Health,Illinois,5969278,4851581
2018,Critical Illness,Florida,9590907,6035862
2023,Cancer Insurance,Tennessee,2833692,2669812
2018,Cancer Insurance,North Carolina,3268725,2015229
2024,Dental & Vision,Massachusetts,3624080,3175317
2015,Indemnity Health,Maryland,4820208,5236171
2021,Accident Insurance,Ohio,4638699,4206663
2019,Accident Insurance,Maryland,4889280,3749576
2020,Long-term Care,Washington,5484196,5978850
2020,Accident Insurance,Maryland,3505814,2823064
2015,Critical Illness,Florida,6760670,5021515
2024,Indemnity Health,California,11766965,11315287
2015,Long-term Care,New Jersey,5207744,5369703
2018,Long-term Care,Tennessee,2628103,2548446
2016,Indemnity Health,Arizona,4727938,3307606
2015,Accident Insurance,Ohio,5718562,5392859
2024,Accident Insurance,New Jersey,4359098,3409310
2016,Critical Illness,Georgia,5210007,3140926
2018,Long-term Care,Michigan,3875705,4235744
2015,Dental & Vision,Washington,5562447,4470381
2015,Cancer Insurance,Wisconsin,3539383,2757872
2021,Cancer Insurance,California,13856155,9558569
2023,Long-term Care,Texas,9613316,9374378
2021,Cancer Insurance,New Jersey,5932346,5526063
2018,Cancer Insurance,Washington,5213815,3322325
2024,Dental & Vision,Virginia,3948764,2988427
2019,Dental & Vision,Illinois,6394410,4602836
2024,Critical Illness,California,12669625,8257352
2023,Indemnity Health,Georgia,5061018,4485843
2017,Cancer Insurance,Texas,11173127,8134816
2022,Accident Insurance,Texas,7691886,4732266
2018,Accident Insurance,Virginia,3316842,2715005
2018,Indemnity Health,Illinois,6787755,6070745
2022,Indemnity Health,Tennessee,3905773,4463788
2021,Accident Insurance,Wisconsin,2735137,2540703
2018,Indemnity Health,Ohio,4270262,3537746
2024,Cancer Insurance,Tennessee,4379723,3168515
2019,Cancer Insurance,Illinois,5431045,3336263
2024,Critical Illness,Pennsylvania,5876351,5042425
2019,Critical Illness,Washington,4954415,2854466
2018,Dental & Vision,Tennessee,4294497,2670639
2019,Critical Illness,North Carolina,4760088,4228692
2018,Long-term Care,New York,8382412,9032002
2019,Long-term Care,Missouri,2509121,2858806
2015,Accident Insurance,Illinois,6371742,4238841
2018,Critical Illness,California,12763425,9871262
2018,Cancer Insurance,New Jersey,4547436,3669104
2022,Long-term Care,Massachusetts,4797235,5859966
2015,Critical Illness,Ohio,4824987,2907609
2023,Critical Illness,Georgia,3150650,2288890
2018,Dental & Vision,Illinois,4966246,4142123
2023,Dental & Vision,Maryland,3443693,3343289
2022,Accident Insurance,California,12583594,12047400
2022,Cancer Insurance,New Jersey,5420874,3981850
2016,Critical Illness,Pennsylvania,4443172,3507063
2022,Long-term Care,Michigan,3523711,3294505
2021,Accident Insurance,Wisconsin,3172440,2020845
2022,Cancer Insurance,Texas,11985471,7513287
2020,Indemnity Health,California,12285213,9142088
2019,Long-term Care,Florida,6821149,8659563
2021,Indemnity Health,Illinois,5171832,4661240
2019,Critical Illness,California,10366708,7845511
2020,Indemnity Health,Maryland,3477535,2757456
2015,Critical Illness,Washington,3799238,1954656
2019,Indemnity Health,North Carolina,5029302,4560344
2023,Dental & Vision,Massachusetts,4777010,3736555
2016,Dental & Vision,Illinois,4786207,3324939
2022,Long-term Care,Pennsylvania,5867397,5414782
2023,Long-term Care,Ohio,5728384,7028780
2016,Dental & Vision,Pennsylvania,6710775,5963964
2016,Cancer Insurance,Indiana,2725146,1741050
2021,Long-term Care,California,9292304,8876199
2018,Cancer Insurance,New York,11111852,8924196
2024,Cancer Insurance,Florida,8269029,7642072
2022,Dental & Vision,Virginia,3360099,3213888
2023,Indemnity Health,California,9922266,8003741
2020,Accident Insurance,Georgia,3003523,2755964
2016,Accident Insurance,New Jersey,5898725,4935608
2022,Indemnity Health,Missouri,2866579,2566021
2024,Accident Insurance,Wisconsin,3643399,2745485
2016,Long-term Care,Missouri,4036831,4247021
2020,Indemnity Health,Virginia,4258320,4177679
2018,Critical Illness,North Carolina,5371687,3704730
2015,Indemnity Health,Arizona,3329654,3223546
2021,Long-term Care,Michigan,3745333,4630928
2018,Accident Insurance,Tennessee,4058205,3334625
2024,Dental & Vision,Arizona,4513880,3487022
2017,Accident Insurance,Illinois,5843008,4249776
2022,Critical Illness,Ohio,4665598,2823064
2023,Long-term Care,New York,9870283,9219492
2018,Long-term Care,Tennessee,3303408,3191647
2018,Accident Insurance,Washington,4115449,3204439
2020,Cancer Insurance,Tennessee,4486157,3628460
2021,Dental & Vision,New York,8601651,6989979
2015,Long-term Care,Maryland,3940813,4416566
2019,Dental & Vision,Indiana,2832193,2072341
2017,Indemnity Health,Pennsylvania,4957727,4739458
2019,Dental & Vision,Texas,8179268,6029378
2015,Cancer Insurance,Texas,10581428,8435330
2020,Cancer Insurance,Illinois,5312347,3697831
2021,Long-term Care,Maryland,4704084,6229969
2023,Long-term Care,Washington,5071636,5377414
2018,Accident Insurance,Illinois,7014310,5993089
2021,Dental & Vision,Maryland,4121793,3486157
2019,Accident Insurance,Maryland,3238191,3247312
2022,Critical Illness,Pennsylvania,5522117,3124232
2024,Accident Insurance,Ohio,5575949,3547982
2019,Indemnity Health,Tennessee,3253260,3221579
2015,Accident Insurance,Pennsylvania,4379336,3504066
2015,Dental & Vision,Pennsylvania,6951819,5228180
2020,Critical Illness,California,10564083,8539085
2024,Accident Insurance,North Carolina,3996428,3667333
2016,Indemnity Health,North Carolina,3273589,3118471
2018,Critical Illness,Arizona,4122100,3809325
2015,Cancer Insurance,Washington,5055937,3583834
2020,Critical Illness,Michigan,4731275,3203027
2020,Cancer Insurance,Michigan,3701149,3186741
2021,Accident Insurance,North Carolina,3937912,2782705
2021,Indemnity Health,Washington,4000084,3639888
2019,Indemnity Health,Maryland,4429532,4953700
2015,Indemnity Health,New York,12790256,11162364
2023,Critical Illness,New York,9466659,7048977
2022,Cancer Insurance,Arizona,2848922,1697959
2015,Cancer Insurance,Arizona,3460624,2954581
2020,Indemnity Health,California,9351496,9375222
2016,Cancer Insurance,California,12783066,10945692
2022,Accident Insurance,Georgia,3758046,3732674
2023,Accident Insurance,North Carolina,5468208,3645722
2023,Dental & Vision,Virginia,5406807,4241395
2019,Indemnity Health,Texas,7957252,7995150
2018,Dental & Vision,Pennsylvania,6953929,4864344
2016,Long-term Care,Tennessee,3044100,2605534
2015,Long-term Care,Massachusetts,4258201,4351466
2018,Indemnity Health,Washington,4442542,4024262
2018,Indemnity Health,California,14931861,16479981
2024,Long-term Care,Georgia,3356893,3857530
2024,Accident Insurance,Ohio,5529814,4480454
2016,Cancer Insurance,Maryland,3812078,3130444
2016,Long-term Care,Maryland,3939258,3928823
2015,Accident Insurance,Tennessee,3612022,2807958
2016,Critical Illness,Indiana,3292605,2001866
2017,Long-term Care,California,10696641,11821868
2017,Dental & Vision,California,11116719,7392918
2018,Cancer Insurance,Washington,5326368,4060336
2024,Cancer Insurance,Texas,11616448,7131423
2022,Accident Insurance,Massachusetts,3845602,3392006
2023,Accident Insurance,Florida,8068079,7233230
2018,Indemnity Health,North Carolina,5399631,5433898
2019,Long-term Care,Texas,9261921,12093662
2017,Long-term Care,Florida,9942297,10062416
2021,Cancer Insurance,New Jersey,5167245,3774668
2019,Accident Insurance,Michigan,4443040,3097157
2017,Cancer Insurance,Missouri,3458834,2375189
2017,Accident Insurance,Washington,4603614,4295526
2016,Critical Illness,Georgia,5285545,4305495
2021,Dental & Vision,Tennessee,4142953,3857592
2022,Long-term Care,Maryland,4060712,4901569
2015,Critical Illness,Arizona,4800964,3027459
2022,Critical Illness,Missouri,2486641,1970764
2022,Dental & Vision,Indiana,3496957,2635344
2019,Indemnity Health,Massachusetts,4280112,3509678
2022,Critical Illness,Ohio,4934477,3794278
2022,Accident Insurance,Wisconsin,2417227,2060664
2018,Indemnity Health,Arizona,4394952,3458154
2018,Long-term Care,Ohio,3540459,3284634
2017,Accident Insurance,Washington,4065853,3858699
2017,Dental & Vision,New Jersey,4253316,3303805
2024,Cancer Insurance,Missouri,3670956,3243324
2019,Indemnity Health,Texas,8962212,7790264
2019,Cancer Insurance,Arizona,2896291,2111225
2024,Long-term Care,Washington,4377608,4696744
2023,Indemnity Health,Indiana,2536516,2403556
2018,Indemnity Health,Wisconsin,3953080,3798357
2023,Dental & Vision,Ohio,4870532,3604439
2020,Cancer Insurance,Ohio,5216725,4370451
2019,Indemnity Health,Massachusetts,3857673,3314392
2018,Cancer Insurance,Michigan,3250034,2631425
2015,Dental & Vision,Arizona,4957612,4671866
2020,Critical Illness,Pennsylvania,5145509,4024012
2022,Indemnity Health,Pennsylvania,4789040,4333958
2021,Dental & Vision,New York,8232630,7094226
2016,Indemnity Health,Virginia,5116569,4592818
2021,Cancer Insurance,Texas,10196347,6750506
2020,Cancer Insurance,Pennsylvania,5130840,3555768
2023,Cancer Insurance,Massachusetts,4693172,3735011
2016,Dental & Vision,Michigan,4594515,3437947
2019,Dental & Vision,Massachusetts,5424259,4384076
2018,Accident Insurance,North Carolina,5615316,4911633
2015,Accident Insurance,Arizona,3971973,2825093
2024,Long-term Care,Pennsylvania,6205171,6454987
2021,Critical Illness,Florida,6877605,5115077
2024,Dental & Vision,Florida,8960776,7016802
2016,Critical Illness,Texas,11789571,6893591
2019,Accident Insurance,Pennsylvania,4232369,3192768
2018,Long-term Care,Pennsylvania,4444773,4883674
2018,Indemnity Health,Tennessee,3688186,3315147
2017,Cancer Insurance,New York,11138751,9030073
2018,Critical Illness,Massachusetts,4439227,2244013
2019,Accident Insurance,Ohio,4009335,2966865
2024,Indemnity Health,Missouri,2488864,2557331
2018,Cancer Insurance,Wisconsin,3091808,2336655
2021,Indemnity Health,Texas,7637572,6972681
2022,Cancer Insurance,Michigan,4870465,3223924
2019,Dental & Vision,Missouri,3462384,3259236
2022,Long-term Care,Illinois,6363352,7936574
2022,Long-term Care,Tennessee,2595546,2816532
2023,Critical Illness,Maryland,5104401,3479841
2016,Critical Illness,Tennessee,4425329,2221294
2019,Accident Insurance,Ohio,3848815,3477597
2019,Long-term Care,Indiana,3668145,3432087
2021,Critical Illness,Missouri,3962980,2213102
2015,Long-term Care,New Jersey,4736705,5097628
2015,Long-term Care,Texas,8746810,7684654
2022,Critical Illness,Massachusetts,3784732,2627817
2023,Accident Insurance,New Jersey,5343494,4803282
2016,Dental & Vision,New Jersey,4137005,3130378
2015,Cancer Insurance,Michigan,3039854,2048407
2020,Cancer Insurance,Indiana,3239450,1940218
2022,Dental & Vision,New York,9873113,10175514
2019,Critical Illness,Michigan,4918755,3345562
2024,Accident Insurance,Massachusetts,5598057,4845476
2024,Indemnity Health,Indiana,3315696,2567266
2022,Accident Insurance,California,13387585,12900070
2023,Critical Illness,Missouri,3644235,3313873
2020,Dental & Vision,New Jersey,6053117,4411311
2017,Dental & Vision,Illinois,5915085,4630825
2023,Cancer Insurance,Washington,3724573,2556671
2024,Accident Insurance,Ohio,4301530,4347351
2021,Accident Insurance,New York,8851635,7829809
2020,Accident Insurance,Tennessee,3921194,3004149
2023,Accident Insurance,Maryland,3580836,3150619
2015,Critical Illness,Massachusetts,4365071,2242187
2020,Indemnity Health,Virginia,3493204,3737171
2020,Dental & Vision,Maryland,3769333,2831972
2017,Indemnity Health,New Jersey,6275550,5893755
2018,Accident Insurance,Illinois,7221816,5532581
2022,Accident Insurance,Pennsylvania,5143197,4897962
2015,Accident Insurance,Missouri,2720833,2099792
2023,Indemnity Health,New Jersey,4542371,4508804
2017,Dental & Vision,Virginia,5328858,4658265
2023,Indemnity Health,Wisconsin,3696109,2919681
2022,Accident Insurance,Arizona,3399483,2733108
2020,Long-term Care,Maryland,4884394,5786941
2021,Cancer Insurance,Ohio,4443361,3209439
2021,Critical Illness,Florida,6837625,3727038
2020,Critical Illness,Wisconsin,3582093,2197855
2015,Accident Insurance,Virginia,3457875,2295092
2017,Dental & Vision,Georgia,4811398,3141191
2019,Long-term Care,New Jersey,5420164,4915216
2016,Accident Insurance,Missouri,2476259,1847447
2022,Long-term Care,Arizona,3202144,3379106
2023,Indemnity Health,California,14420176,14855437
2015,Accident Insurance,New York,9544638,7200059
2022,Accident Insurance,Virginia,4790796,3548261
2023,Accident Insurance,Virginia,4955703,3330269
2015,Accident Insurance,Texas,10659205,8794796
2018,Long-term Care,Pennsylvania,4323134,4041297
2019,Accident Insurance,Washington,5270108,5084084
2023,Accident Insurance,Illinois,5735414,5674222
2022,Indemnity Health,New York,9720996,10655584
2019,Long-term Care,Wisconsin,2922124,3183442
2016,Cancer Insurance,Indiana,3970712,3465386
2024,Accident Insurance,Wisconsin,3178409,3042791
2015,Long-term Care,New Jersey,6141462,5248430
2021,Indemnity Health,Missouri,2656300,2944057
2021,Critical Illness,Wisconsin,3418472,2569870
2015,Cancer Insurance,Virginia,4001545,2752299
2016,Long-term Care,Texas,10579046,12223747
2022,Dental & Vision,Illinois,6627356,4837969
2020,Long-term Care,Michigan,4677895,5531660
2017,Cancer Insurance,Pennsylvania,5204578,4472910
2023,Critical Illness,Arizona,3863276,2245058
2023,Accident Insurance,Missouri,2808592,1947385
2020,Critical Illness,Indiana,2949256,2388445
2021,Dental & Vision,Indiana,3681517,3688932
2017,Long-term Care,Maryland,3661349,4462698
2017,Indemnity Health,Ohio,4773466,3958661
2022,Cancer Insurance,Pennsylvania,5074026,3754926
2016,Cancer Insurance,Arizona,4273953,3472470
2018,Long-term Care,North Carolina,3879467,4047386
2016,Dental & Vision,Illinois,5315387,3738934
2022,Accident Insurance,Washington,5999549,4715502
2017,Cancer Insurance,Washington,3596500,3195883
2019,Cancer Insurance,Georgia,3055722,2191128
2018,Dental & Vision,Texas,9566791,8072206
2020,Long-term Care,Maryland,4892163,5296821
2020,Cancer Insurance,New York,11325070,10648706
2019,Dental & Vision,Virginia,4817086,4503191
2017,Critical Illness,Texas,8408946,5041209
2023,Long-term Care,Illinois,7341248,7513755
2022,Critical Illness,Michigan,4760159,4235825
2024,Long-term Care,Arizona,3980500,4102367
2022,Cancer Insurance,Pennsylvania,6847904,4400278
2020,Dental & Vision,Texas,7999504,7754347
2017,Indemnity Health,Texas,11008699,9776302
2020,Critical Illness,California,11950427,6440970
2020,Critical Illness,Wisconsin,3142869,2511456
2019,Accident Insurance,Ohio,3965928,3547869
2022,Long-term Care,Illinois,4571170,5461361
2017,Critical Illness,Washington,4202922,2418880
2023,Cancer Insurance,Indiana,3433610,3148580
2022,Long-term Care,New York,8360570,8857587
2024,Cancer Insurance,Missouri,4137098,3140656
2024,Indemnity Health,Pennsylvania,6613676,6016204
2024,Long-term Care,Pennsylvania,6423030,7684103
2017,Accident Insurance,Wisconsin,2552755,2217450
2016,Dental & Vision,Michigan,3641408,2778750
2022,Accident Insurance,Missouri,2965704,1901729
2019,Critical Illness,Arizona,3116115,2392913
2019,Cancer Insurance,Pennsylvania,6261226,3615091
2024,Dental & Vision,North Carolina,5683524,5281986
2020,Critical Illness,New York,9653049,6400156
2018,Long-term Care,North Carolina,4465480,4560283
2017,Long-term Care,Georgia,3616510,4239990
2020,Critical Illness,Maryland,4147027,2896678
2016,Dental & Vision,Indiana,3886861,3464038
2021,Indemnity Health,Indiana,2892601,2139650
2018,Long-term Care,Georgia,3413057,3180902
2020,Accident Insurance,New Jersey,5393292,3997788
2021,Long-term Care,Florida,8763870,8846836
2018,Dental & Vision,Washington,4135212,3370160
2023,Long-term Care,Illinois,7187549,8153918
2016,Indemnity Health,New Jersey,5644092,5023960
2015,Dental & Vision,Florida,9931784,9176522
2015,Dental & Vision,Wisconsin,4239618,2693700
2023,Long-term Care,Massachusetts,3931921,4073847
2020,Critical Illness,Wisconsin,3602726,3021289
2017,Critical Illness,Missouri,4128730,3368060
2018,Long-term Care,Virginia,4868068,5401077
2017,Accident Insurance,Virginia,4749919,3280541
2022,Dental & Vision,Washington,4184130,3401940
2017,Indemnity Health,Massachusetts,4530536,4276180
2024,Accident Insurance,Pennsylvania,4194958,2629440
2017,Dental & Vision,Virginia,4114057,3024895
2017,Dental & Vision,California,13976610,12090742
2015,Long-term Care,Texas,11079117,9626901
2018,Cancer Insurance,Tennessee,3831690,2363176
2016,Dental & Vision,Maryland,4476886,3678055
2019,Cancer Insurance,Georgia,3210003,2634188
2018,Dental & Vision,Virginia,3437385,2957608
2016,Critical Illness,Ohio,5482094,3126322
2016,Critical Illness,Maryland,4504596,3200593
2024,Cancer Insurance,North Carolina,3912873,3481042
2018,Accident Insurance,Missouri,2367259,1656087
2022,Long-term Care,California,11411972,10268791
2015,Indemnity Health,Virginia,3372256,2782156
2019,Cancer Insurance,Maryland,3248347,2241498
2015,Long-term Care,Texas,10813489,10861471
2017,Long-term Care,Wisconsin,3964508,4479601
2015,Long-term Care,Georgia,4199960,5139832
2019,Indemnity Health,Wisconsin,3261368,2686824
2015,Cancer Insurance,Massachusetts,5347291,3789862
2023,Dental & Vision,Ohio,4094126,4066311
2017,Critical Illness,Virginia,4959442,3544470
2024,Accident Insurance,Indiana,3736460,2728305
2016,Long-term Care,Michigan,3819146,4058124
2020,Dental & Vision,Texas,8601493,7736523
2016,Accident Insurance,Pennsylvania,5037655,3964429
2022,Cancer Insurance,Texas,11024392,8946324
2022,Accident Insurance,New York,11280072,7261363
2022,Long-term Care,Maryland,5055595,4803323
2015,Dental & Vision,Illinois,6526705,4985426
2021,Critical Illness,Missouri,3461598,2009056
2022,Dental & Vision,Texas,7816646,7231795
2022,Dental & Vision,Virginia,5415942,4145114
2023,Accident Insurance,Michigan,3343630,3250484
2019,Accident Insurance,Missouri,3130316,2530232
2023,Accident Insurance,Ohio,3713913,3377721
2021,Critical Illness,Texas,8611691,7412214
2018,Indemnity Health,Indiana,2468484,1780681
2021,Indemnity Health,Florida,7587243,7874679
2017,Long-term Care,Arizona,4799753,4651710
2023,Critical Illness,Texas,10072929,7444033
2023,Critical Illness,Virginia,3989957,2295465
2021,Accident Insurance,Ohio,4407939,3821497
2024,Indemnity Health,Missouri,3751348,2817078
2019,Cancer Insurance,Florida,8268671,6983372
2024,Critical Illness,Tennessee,3528825,2306079
2018,Indemnity Health,Florida,8288705,7618429
2019,Accident Insurance,Georgia,5332205,4394236
2017,Accident Insurance,Ohio,5169996,3563801
2022,Accident Insurance,Maryland,3276453,2340651
2018,Critical Illness,Maryland,3068325,2127070
2019,Indemnity Health,Washington,3502779,3656869
2021,Long-term Care,New York,11463955,10842168
2024,Cancer Insurance,California,11898298,10030996
2023,Accident Insurance,Massachusetts,5292149,3916696
2024,Accident Insurance,Virginia,4608881,4230940
2015,Dental & Vision,Tennessee,2817454,2578128
2020,Dental & Vision,Wisconsin,2829884,2590808
2015,Critical Illness,North Carolina,4220361,3467363
2022,Cancer Insurance,Pennsylvania,6001891,4228356
2015,Dental & Vision,Massachusetts,5527625,3865794
2015,Critical Illness,Florida,6983702,3807839
2018,Critical Illness,North Carolina,3446619,2032497
2020,Dental & Vision,Virginia,4887353,4141754
2021,Dental & Vision,New Jersey,5039959,3803529
2022,Critical Illness,Indiana,2230088,1446991
2022,Indemnity Health,Maryland,3779381,3126336
2020,Accident Insurance,Washington,5694805,3718423
2022,Accident Insurance,Michigan,4288081,3880881
2015,Critical Illness,Arizona,2844274,1493995
2015,Critical Illness,California,13083613,7172288
2016,Critical Illness,New Jersey,4022383,3030746
2020,Dental & Vision,New Jersey,5743320,4361958
2022,Cancer Insurance,North Carolina,3999647,3187309
2024,Dental & Vision,New Jersey,3876555,3629322
2020,Long-term Care,New Jersey,5859678,5157102
2023,Accident Insurance,New York,10143412,8917228
2020,Accident Insurance,North Carolina,5785924,5574446
2019,Critical Illness,North Carolina,5688857,4684118
2020,Accident Insurance,Massachusetts,4489769,4308141
2016,Dental & Vision,North Carolina,3426802,3172400
2021,Cancer Insurance,Tennessee,4092581,3091344
2019,Accident Insurance,Texas,9805948,9314038
2021,Dental & Vision,North Carolina,5239553,3750671
2019,Accident Insurance,New York,11825162,9878628
2015,Cancer Insurance,Michigan,3465647,3075015
2021,Critical Illness,Maryland,3696129,3248362
2020,Cancer Insurance,Maryland,3513909,3024309
2015,Long-term Care,Virginia,4764900,5988017
2024,Cancer Insurance,Arizona,3560780,2521829
2021,Critical Illness,Indiana,2417409,1441429
2023,Cancer Insurance,Wisconsin,3523977,2237036
2015,Accident Insurance,Indiana,2587487,2437931
2016,Critical Illness,Virginia,3619512,3045526
2024,Long-term Care,Illinois,5700834,6051261
2017,Critical Illness,Virginia,4314654,3448824
2016,Long-term Care,Pennsylvania,5753530,5774259
2022,Cancer Insurance,Wisconsin,3558266,2794421
2015,Cancer Insurance,Georgia,3219636,2722854
2021,Long-term Care,Georgia,4570389,4237567
2021,Dental & Vision,Illinois,7428407,6801320
2016,Dental & Vision,Pennsylvania,4665976,4092470
2020,Critical Illness,Georgia,3974123,2746827
2022,Long-term Care,Indiana,3251197,3861650
2018,Accident Insurance,California,14345430,11580712
2022,Cancer Insurance,Ohio,5052279,3111434
2016,Accident Insurance,Texas,10602727,8866949
2020,Cancer Insurance,Georgia,4950868,4107781
2020,Cancer Insurance,Michigan,3029091,2094040
2024,Long-term Care,Texas,9386381,8736281
2020,Cancer Insurance,Tennessee,3680449,2689679
2018,Accident Insurance,Maryland,3873615,3694029
2018,Indemnity Health,New Jersey,3812104,3881140
2024,Indemnity Health,Texas,9510601,8018108
2015,Long-term Care,Michigan,3888787,4778797
2017,Long-term Care,Florida,9995482,11716210
2020,Dental & Vision,Massachusetts,4440817,4176992
2024,Indemnity Health,Virginia,4895918,5149491
2016,Accident Insurance,Texas,9525302,7656540
2020,Cancer Insurance,Michigan,3851163,2566586
2024,Accident Insurance,California,10194688,7282971
2023,Dental & Vision,New York,12398233,11313618
2020,Critical Illness,Illinois,5267686,4043222
2015,Dental & Vision,Texas,7966706,6166740
2019,Long-term Care,Ohio,4853301,5590015
2016,Cancer Insurance,Wisconsin,4011343,3475700
2024,Critical Illness,Illinois,6592732,4846736
2017,Long-term Care,Wisconsin,2489870,2944986
2017,Critical Illness,New York,8213786,4013247
2019,Accident Insurance,Ohio,4874295,3363688
2021,Indemnity Health,Indiana,3820852,3609939
2024,Critical Illness,Maryland,4742633,3189397
2020,Dental & Vision,Pennsylvania,5870619,5178170
2017,Accident Insurance,Ohio,3857052,2719353
2017,Long-term Care,Michigan,4817290,4213067
2023,Dental & Vision,Arizona,3701579,2739240
2018,Long-term Care,California,12509001,13789274
2019,Dental & Vision,Virginia,4214442,3505601
2018,Long-term Care,Georgia,3652080,4016689
2021,Long-term Care,Tennessee,4162980,4059166
2018,Critical Illness,Missouri,3504767,2479145
2023,Cancer Insurance,North Carolina,3700928,2789538
2021,Accident Insurance,Pennsylvania,6412791,5877866
2022,Cancer Insurance,Pennsylvania,5973639,4270781
2015,Indemnity Health,Wisconsin,3821375,3862736
2020,Long-term Care,Florida,9605267,11323338
2023,Accident Insurance,Georgia,5080309,4072049
2023,Cancer Insurance,Maryland,3530394,2316315
2018,Critical Illness,Ohio,3701008,2169527
2020,Critical Illness,Missouri,2865626,2408973
2019,Cancer Insurance,Indiana,3925393,2224574
2015,Accident Insurance,Washington,4943950,4741894
2016,Indemnity Health,California,14928575,14942168
2022,Accident Insurance,Indiana,2981569,2700236
2018,Cancer Insurance,Washington,3972499,3269848
2015,Critical Illness,Maryland,3756637,2603378
2020,Indemnity Health,Ohio,4959683,4896626
2018,Cancer Insurance,Ohio,5930370,4386663
2018,Critical Illness,Virginia,4809540,3089959
2020,Indemnity Health,Florida,9826734,7350793
2019,Dental & Vision,Virginia,3935800,2874563
2020,Long-term Care,New Jersey,4147380,4318667
2022,Dental & Vision,New York,11726467,9637501
2021,Cancer Insurance,Massachusetts,4070672,2785894
2016,Cancer Insurance,Virginia,4770598,3148121
2020,Accident Insurance,Illinois,7388930,5224197
2021,Indemnity Health,Tennessee,4402539,4353978
2017,Cancer Insurance,Pennsylvania,4374079,2962829
2022,Dental & Vision,Ohio,4225858,3813889
2015,Cancer Insurance,Pennsylvania,6573512,5215290
2015,Dental & Vision,Michigan,3840549,3257165
2021,Dental & Vision,Washington,3535227,2975183
2022,Critical Illness,North Carolina,4743321,3082198
2021,Dental & Vision,Tennessee,4345699,3280573
2024,Long-term Care,New Jersey,6012590,8087747
2023,Indemnity Health,Virginia,3465713,3809619
2019,Indemnity Health,North Carolina,3978236,3430302
2015,Accident Insurance,Virginia,3866979,3570660
2022,Dental & Vision,Georgia,5077899,4636369
2022,Long-term Care,Washington,3510940,4360743
2017,Cancer Insurance,North Carolina,4912148,3294587
2020,Critical Illness,Virginia,4173168,3006375
2019,Indemnity Health,Maryland,5008013,5037117
2022,Cancer Insurance,Ohio,5384236,4974662
2018,Cancer Insurance,Washington,3679287,2461952
2020,Accident Insurance,Arizona,4275736,3734346
2015,Long-term Care,New Jersey,4302544,4869545
2023,Dental & Vision,New Jersey,5348217,5320995
2021,Cancer Insurance,Virginia,4523234,3597411
2020,Cancer Insurance,North Carolina,4461213,3909330
2020,Critical Illness,Virginia,3815477,2760158
2020,Indemnity Health,Pennsylvania,6066498,4709756
2020,Accident Insurance,Maryland,3887960,3132364
2016,Critical Illness,Florida,9823708,6164816
2017,Indemnity Health,Michigan,4865200,3637012
2017,Long-term Care,Wisconsin,3460849,3038952
2019,Long-term Care,Illinois,5957917,6616313
2022,Accident Insurance,Michigan,4217531,3189449
2021,Dental & Vision,Wisconsin,3155149,2935954
2017,Long-term Care,Ohio,5967526,5485334
2024,Dental & Vision,North Carolina,4530348,3609930
2018,Critical Illness,California,13162513,7253956
2023,Dental & Vision,Texas,9363232,6584938
2022,Accident Insurance,Massachusetts,6043873,4339989
2015,Long-term Care,Ohio,5746110,6703459
2022,Accident Insurance,Texas,11869426,8187120
2015,Long-term Care,Wisconsin,3272271,3350823
2018,Accident Insurance,Tennessee,3033283,2480569
2022,Dental & Vision,Illinois,7450681,6245570
2016,Cancer Insurance,Pennsylvania,5930063,5014359
2015,Dental & Vision,North Carolina,4325779,3150981
2024,Cancer Insurance,Michigan,3306745,2626222
2024,Dental & Vision,Texas,7553246,7137740
2016,Accident Insurance,Pennsylvania,5220249,3484235
2023,Long-term Care,Indiana,2770876,3339497
2022,Critical Illness,North Carolina,4308058,3460888
2022,Cancer Insurance,Indiana,3496956,2665412
2023,Accident Insurance,Virginia,3341224,2135059
2024,Dental & Vision,New York,8983338,8395667
2020,Dental & Vision,Massachusetts,6192342,4720137
2020,Indemnity Health,Wisconsin,2547294,2481568
2021,Long-term Care,Virginia,4728070,4571350
2018,Dental & Vision,Pennsylvania,6082740,4182060
2018,Dental & Vision,Tennessee,2568218,2097244
2015,Indemnity Health,Missouri,2332186,2202987
2019,Accident Insurance,Maryland,3227290,2579976
2024,Indemnity Health,California,9924222,9338160
2019,Indemnity Health,Illinois,7192873,6775908
2023,Accident Insurance,Michigan,3570558,3288216
2016,Cancer Insurance,Pennsylvania,4367568,2410800
2023,Dental & Vision,North Carolina,4414846,4426895
2022,Critical Illness,Wisconsin,3534759,2229212
2015,Cancer Insurance,New Jersey,5748769,5117659
2021,Dental & Vision,Virginia,4554641,3196456
2022,Cancer Insurance,Ohio,4069934,3115143
2020,Indemnity Health,New York,9623327,7941607
2024,Long-term Care,North Carolina,4430001,4293507
2018,Critical Illness,Ohio,4868387,3519156
2024,Indemnity Health,Texas,7622162,6244275
2022,Critical Illness,California,10910615,10123405
2019,Indemnity Health,Wisconsin,3100035,3026709
2024,Dental & Vision,Maryland,4495315,4018756
2020,Long-term Care,Missouri,3329401,3563814
2022,Accident Insurance,Texas,11927620,8860382
2021,Dental & Vision,New York,10764498,9366483
2022,Critical Illness,Tennessee,3212526,2489687
2024,Dental & Vision,Indiana,2391231,2206480
2015,Critical Illness,Pennsylvania,6534244,3482837
2015,Indemnity Health,Wisconsin,3827856,3893320
2019,Indemnity Health,Virginia,3232110,3239705
2023,Long-term Care,Georgia,3592319,3501514
2018,Indemnity Health,New York,8356559,7795909
2024,Accident Insurance,Tennessee,3826211,2706654
2015,Long-term Care,Indiana,3312254,3700145
2022,Long-term Care,Pennsylvania,5083115,6026579
2024,Indemnity Health,Florida,9214254,7355527
2020,Dental & Vision,Massachusetts,4367084,4063014
2022,Long-term Care,Arizona,4174666,4456061
2016,Cancer Insurance,Florida,9973760,8407383
2021,Cancer Insurance,Wisconsin,3304989,2207365
2022,Indemnity Health,Pennsylvania,6842124,5906922
2020,Indemnity Health,New York,12614676,11005002
2022,Long-term Care,Virginia,3229053,3434049
2020,Indemnity Health,Arizona,4699667,4473077
2018,Dental & Vision,New York,12282762,9545950
2015,Dental & Vision,Maryland,4341905,2928152
2021,Cancer Insurance,Texas,11915082,8561957
2021,Long-term Care,Washington,5662043,6934126
2022,Indemnity Health,New Jersey,5306385,5472514
2015,Critical Illness,Missouri,4167368,2634023
2015,Dental & Vision,New Jersey,6234870,4977729
2023,Accident Insurance,Washington,5033693,3986191
2021,Dental & Vision,Michigan,3041986,2463488
2015,Indemnity Health,Illinois,5063257,4342302
2022,Cancer Insurance,Illinois,6674847,4567628
2016,Critical Illness,Michigan,3384559,2284350
2018,Long-term Care,Illinois,5095748,4271203
2020,Accident Insurance,California,9915990,8443916
2017,Cancer Insurance,New Jersey,6177260,4099266
2021,Accident Insurance,Massachusetts,5956179,5193835
2018,Long-term Care,Massachusetts,4364421,5007677
2019,Cancer Insurance,North Carolina,4071024,2639080
2017,Indemnity Health,Arizona,4062939,3679115
2015,Long-term Care,Missouri,2579701,2355524
2019,Long-term Care,Virginia,3619660,3692519
2017,Dental & Vision,Florida,6185065,5865433
2018,Long-term Care,Florida,8840249,9228786
2023,Dental & Vision,New York,11088287,10669890
2015,Long-term Care,Arizona,4237483,3811590
2021,Cancer Insurance,Massachusetts,4781971,3715267
2022,Critical Illness,Ohio,4667420,2839260
2024,Critical Illness,Texas,11570409,8087378
2021,Indemnity Health,Indiana,3848734,3553558
2018,Critical Illness,Texas,9747449,5502063
2019,Cancer Insurance,Indiana,3748335,2631073
2022,Accident Insurance,Illinois,5194399,4070759
2022,Critical Illness,Texas,9562047,6383062
2024,Cancer Insurance,New Jersey,5926880,4206704
2019,Critical Illness,Tennessee,4452372,3512540
2021,Critical Illness,Wisconsin,3106655,2287300
2015,Long-term Care,Arizona,3515180,3606393
2022,Cancer Insurance,Missouri,3158586,2251298
2023,Accident Insurance,North Carolina,4009098,3329786
2017,Cancer Insurance,Ohio,3683533,3004623
2024,Cancer Insurance,North Carolina,4209191,2847515
2020,Accident Insurance,Missouri,3931872,3413409
2016,Accident Insurance,Tennessee,4100219,3771328
2024,Cancer Insurance,New Jersey,4734310,3019316
2017,Critical Illness,Michigan,4411406,2350874
2023,Dental & Vision,North Carolina,4574244,4635481
2020,Accident Insurance,Missouri,3225759,2480254
2017,Long-term Care,Florida,9905240,10760737
2021,Accident Insurance,Indiana,3875932,2473337
2023,Accident Insurance,Indiana,3911754,2890950
2021,Indemnity Health,Ohio,5614800,4686926
2023,Long-term Care,Florida,6045150,6342506
2016,Dental & Vision,Georgia,5453822,4247148
2020,Long-term Care,Washington,5928700,5215286
2020,Critical Illness,Tennessee,3427592,2716336
2020,Cancer Insurance,Arizona,3276774,2412969
2019,Indemnity Health,Virginia,4458718,3350569
2020,Cancer Insurance,Maryland,5185706,3810950
2021,Dental & Vision,Massachusetts,3649991,2896717
2019,Long-term Care,New Jersey,6102767,6034252
2020,Indemnity Health,New York,9404345,8505442
2021,Indemnity Health,Massachusetts,5374769,4502456
2017,Indemnity Health,North Carolina,5427290,5622928
2015,Indemnity Health,North Carolina,5781656,5169738
2022,Cancer Insurance,Indiana,3795597,3638161
2018,Long-term Care,Tennessee,2631689,2511098
2022,Indemnity Health,Michigan,3832227,3562208
2018,Accident Insurance,Illinois,5571300,4477162
2017,Dental & Vision,Wisconsin,3348979,2544857
2017,Accident Insurance,Michigan,4292827,3697428
2020,Dental & Vision,Maryland,3868646,3457908
2021,Cancer Insurance,New Jersey,5571764,4863098
2016,Critical Illness,Indiana,3934719,3088740
2016,Dental & Vision,Maryland,3154073,2156593
2024,Indemnity Health,North Carolina,5261244,5625793
2022,Cancer Insurance,Missouri,2621133,1785766
2020,Critical Illness,Tennessee,4148005,3277281
2020,Long-term Care,Washington,4817369,4105230
2019,Accident Insurance,Arizona,4416933,4050232
2016,Dental & Vision,California,9548426,6966011
2024,Indemnity Health,Tennessee,3040008,2984882
2016,Cancer Insurance,Missouri,3598620,2174937
2017,Critical Illness,New Jersey,5441589,4176713
2019,Dental & Vision,Pennsylvania,4586321,3437682
2023,Critical Illness,Indiana,3518134,2514486
2020,Cancer Insurance,Maryland,4384022,2616654
2021,Accident Insurance,Michigan,3510950,2391128
2015,Accident Insurance,Pennsylvania,5843622,4185170
2016,Indemnity Health,New York,12453682,9065143
2024,Long-term Care,California,14718780,15700427
2020,Indemnity Health,Texas,7555507,6939226
2016,Cancer Insurance,Massachusetts,4696225,4367180
2024,Indemnity Health,Texas,11181455,12664569
2015,Long-term Care,Ohio,5896983,6534197
2019,Indemnity Health,Arizona,4471297,4029046
2018,Critical Illness,Michigan,3650981,2604726
2023,Critical Illness,Illinois,6963757,4556748
2018,Dental & Vision,North Carolina,4928928,3598016
2023,Indemnity Health,Pennsylvania,6418349,5683968
2021,Cancer Insurance,Arizona,3624402,2488143
2017,Dental & Vision,New Jersey,4051154,2616536
2022,Dental & Vision,Georgia,3377600,2890986
2024,Dental & Vision,Michigan,3261022,2928386
2016,Critical Illness,Florida,9248964,5785515
2020,Indemnity Health,Georgia,3787078,3365715
2018,Indemnity Health,Texas,7865907,7437443
2021,Indemnity Health,New Jersey,4037065,4175579
2024,Dental & Vision,Virginia,3394882,2713811
2020,Indemnity Health,New Jersey,5695486,6176360
2018,Indemnity Health,Indiana,2882588,2827366
2016,Long-term Care,North Carolina,4712019,5946522
2024,Dental & Vision,Michigan,4492486,3639231
2021,Dental & Vision,Arizona,2883441,2560032
2017,Dental & Vision,California,11300419,10020852
2019,Indemnity Health,Illinois,6954000,7307335
2019,Indemnity Health,New York,12583359,11863121
2019,Cancer Insurance,New York,8636257,7421394
2024,Cancer Insurance,Maryland,3077133,2624118
2022,Cancer Insurance,Maryland,3222641,2279607
2023,Critical Illness,Pennsylvania,6755243,5659410
2023,Indemnity Health,Massachusetts,5172317,5990148
2020,Long-term Care,Pennsylvania,5383667,5228207
2016,Indemnity Health,Michigan,3590175,3043700
2015,Accident Insurance,Texas,8335536,7619567
2021,Indemnity Health,New Jersey,4746854,5227446
2017,Indemnity Health,Indiana,2318808,2320403
2015,Critical Illness,Maryland,4741410,3762624
2024,Indemnity Health,New York,8324893,7463197
2015,Critical Illness,New Jersey,5943849,3396903
2019,Accident Insurance,North Carolina,3993873,2989029
2024,Critical Illness,Texas,11266102,9217620
2018,Long-term Care,Arizona,4915160,5992520
2016,Indemnity Health,Michigan,3456919,2566735
2020,Cancer Insurance,Illinois,6936596,4925203
2021,Indemnity Health,California,13952109,12427404
2015,Dental & Vision,Texas,11740332,8320551
2020,Accident Insurance,Illinois,5575460,5394074
2019,Dental & Vision,New Jersey,4762735,3971036
2020,Long-term Care,California,12351673,13442708
2020,Accident Insurance,Michigan,3133210,2321996
2021,Indemnity Health,Wisconsin,3093787,3296901
2024,Accident Insurance,New Jersey,3966122,3317223
2017,Indemnity Health,Indiana,3954706,3781915
2023,Accident Insurance,Michigan,4118246,3846096
2020,Indemnity Health,Maryland,3706871,3586303
2023,Dental & Vision,Massachusetts,5594999,4502431
2019,Dental & Vision,California,12124858,9314144
2017,Cancer Insurance,Pennsylvania,4568226,3121844
2019,Accident Insurance,Illinois,7072884,5896708
2022,Cancer Insurance,Ohio,5481973,2959828
2019,Cancer Insurance,North Carolina,5275573,4533350
2023,Critical Illness,New Jersey,6188610,5255745
2016,Critical Illness,Florida,7649735,5021831
2015,Accident Insurance,Missouri,3745485,3310067
2021,Dental & Vision,Indiana,3616442,3126562
2024,Dental & Vision,Arizona,4020956,3675045
2023,Long-term Care,New Jersey,5685437,5956265
2019,Critical Illness,Pennsylvania,6330718,4056199
2018,Indemnity Health,New Jersey,5364184,4870481
2022,Indemnity Health,Wisconsin,2745852,2398905
2019,Indemnity Health,Texas,8646136,6699736
2022,Accident Insurance,Illinois,6945290,6147290
2020,Cancer Insurance,Maryland,4698946,4180565
2021,Cancer Insurance,Maryland,3848748,2707320
2020,Long-term Care,Massachusetts,4539418,5803990
2024,Dental & Vision,Michigan,3047699,2161016
2017,Cancer Insurance,Pennsylvania,5819506,4798631
2024,Critical Illness,Michigan,4644053,3333197
2018,Indemnity Health,North Carolina,3951539,4222968
2024,Critical Illness,Washington,4511100,4032826
2015,Cancer Insurance,North Carolina,3880514,2453336
2021,Long-term Care,Washington,4113627,5060745
2019,Indemnity Health,New York,10066542,9031575
2016,Indemnity Health,New Jersey,5899812,5919262
2018,Dental & Vision,Ohio,4813156,4220202
2015,Long-term Care,Pennsylvania,6081150,5682981
2024,Critical Illness,Massachusetts,4582630,3962539
2021,Dental & Vision,Florida,9184498,6647262
2021,Long-term Care,Illinois,7482177,9636217
2017,Critical Illness,Massachusetts,3847398,2276048
2019,Critical Illness,California,13196963,8328357
2023,Long-term Care,Washington,4848860,4718352
2017,Critical Illness,California,14254441,11397371
2023,Indemnity Health,Massachusetts,5756822,6300402
2018,Cancer Insurance,Indiana,2444903,1781512
2024,Accident Insurance,Missouri,3584590,3501004
2017,Dental & Vision,Wisconsin,3644387,2843519
2023,Dental & Vision,Tennessee,4293616,3891218
2015,Long-term Care,Ohio,5815483,5406191
2018,Cancer Insurance,New York,10450814,8410161
2024,Long-term Care,North Carolina,5663972,6770731
2018,Cancer Insurance,North Carolina,3644054,3017449
2022,Indemnity Health,Washington,3990634,4250273
2015,Cancer Insurance,Georgia,4643990,2856139
2020,Cancer Insurance,Maryland,4786896,2730740
2018,Cancer Insurance,Massachusetts,3794671,2448998
2019,Dental & Vision,Indiana,3084324,2218737
2024,Accident Insurance,Wisconsin,4103602,3388397
2024,Indemnity Health,Maryland,3838657,3790205
2020,Cancer Insurance,Georgia,4506594,4088690
2015,Indemnity Health,Ohio,5848321,5828487
2021,Cancer Insurance,Arizona,3242245,1951766
2023,Dental & Vision,Indiana,3558923,3152149
2017,Dental & Vision,Washington,5955742,5066051
2018,Dental & Vision,Ohio,3843580,3228355
2024,Critical Illness,Wisconsin,2680038,2255696
2019,Accident Insurance,Maryland,4786954,3270028
2022,Dental & Vision,California,14653627,11334990
2019,Long-term Care,North Carolina,4691463,5075976
2020,Dental & Vision,Massachusetts,4415990,4156136
2015,Accident Insurance,Michigan,4536040,3984328
2021,Dental & Vision,New Jersey,5166484,3744004
2022,Critical Illness,Illinois,5187304,3541068
2020,Cancer Insurance,Massachusetts,6047691,4326791
2023,Dental & Vision,Tennessee,2575769,2345596
2015,Indemnity Health,Missouri,4021232,3551198
2024,Cancer Insurance,New Jersey,4356237,3856269
2017,Long-term Care,Missouri,2498337,2769295
2022,Accident Insurance,New Jersey,4932841,4727614
2019,Accident Insurance,Ohio,4132985,2914306
2017,Critical Illness,Indiana,3370865,2854742
2018,Accident Insurance,New Jersey,5537781,4708180
2018,Cancer Insurance,Massachusetts,5906168,5165134
2015,Dental & Vision,Michigan,4499959,3371383
2018,Critical Illness,Maryland,4703493,2530653
2024,Dental & Vision,Georgia,3218973,2855627
2015,Long-term Care,Pennsylvania,5736522,5752208
2023,Cancer Insurance,North Carolina,3883292,2299925
2019,Critical Illness,New York,11714973,10392910
2019,Dental & Vision,New Jersey,4556063,3527116
2023,Dental & Vision,Tennessee,3685674,3345324
2016,Cancer Insurance,Florida,6204188,5013705
2021,Dental & Vision,Washington,5566583,4999352
2022,Cancer Insurance,New Jersey,4389535,3251444
2019,Accident Insurance,Massachusetts,4883719,3841063
2022,Critical Illness,Pennsylvania,4257412,3431207
2015,Cancer Insurance,Michigan,3601629,3123511
2018,Indemnity Health,Maryland,5067771,5144009
2015,Dental & Vision,Wisconsin,3968458,2497669
2018,Long-term Care,New York,11254391,12625607
2022,Indemnity Health,North Carolina,4929226,5690677
2016,Indemnity Health,Massachusetts,3693266,3815339
2023,Accident Insurance,Illinois,6193421,4448844
2024,Critical Illness,Michigan,4172109,3057280
2023,Critical Illness,Indiana,2926142,1814846
2015,Indemnity Health,Tennessee,3954739,3584922
2018,Dental & Vision,North Carolina,5772971,3681481
2015,Cancer Insurance,North Carolina,3624215,2654092
2022,Accident Insurance,Illinois,6279690,5080384
2020,Accident Insurance,Arizona,3333544,2940788
2020,Accident Insurance,California,14713094,13411387
2020,Cancer Insurance,New Jersey,4054890,3104321
2022,Critical Illness,Massachusetts,5224768,3690546
2015,Critical Illness,Washington,5269226,3842367
2022,Dental & Vision,Pennsylvania,4179254,3463165
2024,Long-term Care,Indiana,3419580,3734129
2021,Critical Illness,Texas,8018071,5496682
2020,Long-term Care,Illinois,6109419,7702127
2018,Accident Insurance,Michigan,4560494,3498541
2022,Critical Illness,Wisconsin,2934808,1854372
2015,Indemnity Health,Missouri,3099499,2695323
2020,Cancer Insurance,Georgia,4366132,3166770
2024,Indemnity Health,Georgia,4330263,4560610
2021,Dental & Vision,Maryland,4444465,4332943
2021,Cancer Insurance,Pennsylvania,5630246,4658007
2021,Long-term Care,Pennsylvania,6402588,6202224
2015,Accident Insurance,Illinois,6110979,5618231
2024,Cancer Insurance,California,10085277,7442163
2022,Dental & Vision,Arizona,4643988,4394163
2015,Accident Insurance,Michigan,3278328,2039117
2019,Dental & Vision,Virginia,5015220,4470929
2024,Critical Illness,Ohio,5936539,3737857
2019,Indemnity Health,Ohio,4360329,4492179
2020,Indemnity Health,Washington,5136253,5052723
2016,Cancer Insurance,Washington,5930820,4424662
2017,Long-term Care,Indiana,2592073,2693726
2015,Critical Illness,Washington,4484097,3512264
2018,Dental & Vision,California,12169466,8958642
2023,Indemnity Health,Illinois,5894496,6472357
2024,Indemnity Health,Indiana,2959949,2375092
2017,Dental & Vision,Virginia,4331326,3592686
2018,Cancer Insurance,New Jersey,5013250,2900867
2015,Critical Illness,Virginia,5074560,4039005
2019,Indemnity Health,Washington,4944320,4809860
2018,Indemnity Health,California,13363507,13641125
2017,Indemnity Health,Missouri,3047972,2166854
2023,Accident Insurance,Arizona,3570030,3161109
2017,Indemnity Health,North Carolina,5069990,4751869
2018,Indemnity Health,Washington,4767941,4468346
2022,Critical Illness,Massachusetts,3683471,2484725
2024,Dental & Vision,New York,8567232,6164251
2022,Critical Illness,New York,9291730,6361796
2024,Cancer Insurance,Virginia,5032800,4657223
2022,Long-term Care,Massachusetts,5194591,6079479
2021,Dental & Vision,Pennsylvania,5805894,4486642
2019,Cancer Insurance,Massachusetts,3875077,2656787
2024,Accident Insurance,Pennsylvania,4464619,3913343
2021,Long-term Care,Michigan,4953196,6051202
2017,Dental & Vision,California,9815646,6324573
2016,Long-term Care,Arizona,4886761,4016928
2021,Cancer Insurance,Maryland,5197192,4890274
2021,Dental & Vision,Ohio,4800360,3941062
2021,Critical Illness,Wisconsin,4163754,2545721
2021,Dental & Vision,Maryland,3562881,3071524
2022,Accident Insurance,Indiana,2933639,2834965
2021,Dental & Vision,Illinois,5622529,4294789
2019,Long-term Care,Illinois,5930531,5358866
2023,Indemnity Health,Tennessee,3320178,3483444
2015,Long-term Care,Tennessee,3439730,3028989
2018,Indemnity Health,Ohio,4813251,4216578
2015,Critical Illness,Pennsylvania,5385063,4038071
2020,Cancer Insurance,Texas,10829458,7890103
2024,Dental & Vision,Indiana,2982678,2904769
2015,Indemnity Health,Washington,5549244,4803877
2022,Cancer Insurance,North Carolina,4941339,4403613
2016,Accident Insurance,Pennsylvania,6017288,4074532
2022,Long-term Care,Virginia,5474962,5253437
2016,Accident Insurance,New York,10062873,6441787
2024,Accident Insurance,Arizona,4451541,2737875
2022,Indemnity Health,Georgia,4847721,4722762
2024,Dental & Vision,Maryland,4680498,3780017
2015,Cancer Insurance,Indiana,2972502,1855844
2019,Accident Insurance,New Jersey,4103920,3071298
2020,Indemnity Health,New Jersey,6238680,5017742
2019,Cancer Insurance,Florida,9808833,7220649
2022,Critical Illness,Maryland,4886550,4245872
2020,Indemnity Health,New Jersey,4788178,3793015
2017,Critical Illness,Washington,5186922,2764668
2023,Cancer Insurance,Massachusetts,4111629,3778656
2019,Accident Insurance,Missouri,4180191,3526693
2022,Indemnity Health,California,9770670,10241955
2022,Accident Insurance,Georgia,3008077,2224709
2024,Dental & Vision,Indiana,3999643,3691034
2017,Critical Illness,Texas,11300944,9855937
2017,Critical Illness,Pennsylvania,6629734,3842947
2017,Long-term Care,Washington,3712895,3944045
2016,Indemnity Health,Massachusetts,5009149,4685526
2020,Critical Illness,Georgia,3804064,3388853
2020,Cancer Insurance,Washington,4581593,2851551
2018,Dental & Vision,Texas,11602859,11167046
2016,Cancer Insurance,Ohio,5244764,4648009
2019,Long-term Care,Texas,8140511,8196345
2022,Indemnity Health,Michigan,4902273,4781547
2021,Accident Insurance,Massachusetts,4692938,4438952
2018,Long-term Care,Florida,6822391,7276696
2019,Dental & Vision,Wisconsin,3931269,2948331
2016,Dental & Vision,Wisconsin,3821474,3528396
2022,Dental & Vision,Virginia,4365304,3923705
2022,Dental & Vision,North Carolina,3890062,3088224
2022,Cancer Insurance,Missouri,3282530,3158843
2020,Accident Insurance,Illinois,7340192,5581960
2018,Indemnity Health,Massachusetts,4758399,3649323
2022,Indemnity Health,Maryland,3246031,2819415
2024,Dental & Vision,Virginia,3261794,3201787
2015,Long-term Care,Illinois,5158941,4360681
2024,Critical Illness,Washington,3697359,1966703
2019,Accident Insurance,Virginia,3872630,2483437
2023,Dental & Vision,Indiana,3629450,2740878
2017,Cancer Insurance,New York,11005817,6871824
2021,Indemnity Health,California,13242789,10369467
2024,Indemnity Health,Missouri,3774630,3146997
2017,Cancer Insurance,North Carolina,5471209,5082023
2019,Long-term Care,Maryland,4744981,4189118
2021,Critical Illness,Indiana,2424195,1260762
2015,Long-term Care,Florida,9318689,10137177
2023,Cancer Insurance,Georgia,3185228,1814526
2024,Accident Insurance,California,11503785,8515988
2020,Accident Insurance,Indiana,2376739,2024081
2022,Dental & Vision,North Carolina,3957736,3123258
2024,Critical Illness,Indiana,3829574,3547088
2024,Cancer Insurance,Virginia,4810604,3243544
2018,Dental & Vision,Tennessee,3075292,2278023
2020,Cancer Insurance,California,10332850,6368269
2018,Indemnity Health,New Jersey,4333482,3945913
2017,Indemnity Health,Maryland,5085377,5007843
2015,Indemnity Health,Arizona,3230283,3294703
2019,Accident Insurance,Pennsylvania,4389338,3039124
2018,Long-term Care,Washington,5260690,5558972
2015,Indemnity Health,Tennessee,3229727,2681586
2023,Long-term Care,Missouri,2699915,2615175
2018,Long-term Care,Ohio,3971885,4593644
2020,Indemnity Health,Wisconsin,3884258,2968346
2019,Accident Insurance,Ohio,3700950,3327527
2018,Dental & Vision,Maryland,5100495,4643746
2015,Critical Illness,Georgia,3579101,2933498
2024,Long-term Care,Texas,11043082,13605545
2015,Dental & Vision,Texas,11262602,10613679
2019,Cancer Insurance,Missouri,2768596,2118140
2023,Indemnity Health,Florida,7601793,6600134
2018,Cancer Insurance,Texas,9192698,7345032
2016,Accident Insurance,North Carolina,3767653,2582915
2023,Cancer Insurance,Arizona,3878484,3337344
2016,Accident Insurance,Missouri,2829167,2195793
2024,Indemnity Health,Indiana,3830649,3471430
2020,Accident Insurance,Maryland,3841780,2847011
2023,Accident Insurance,California,13858702,11721342
2020,Indemnity Health,Georgia,4464742,4326570
2015,Cancer Insurance,Missouri,3476264,2367322
2020,Indemnity Health,Massachusetts,4576629,4488220
2016,Indemnity Health,Pennsylvania,6081753,4495087
2024,Long-term Care,Michigan,4831397,6227385
2024,Cancer Insurance,Michigan,4643320,3472916
2018,Accident Insurance,Tennessee,3094407,2799299
2016,Long-term Care,Wisconsin,2720966,2436343
2022,Accident Insurance,Missouri,3605905,2734566
2016,Cancer Insurance,North Carolina,4896619,4301338
2022,Accident Insurance,Illinois,5981364,5506069
2023,Cancer Insurance,Virginia,4135956,3902760
2018,Dental & Vision,Massachusetts,6011609,4963173
2023,Long-term Care,Indiana,2310383,2498623
2021,Indemnity Health,Michigan,3033336,2618164
2024,Accident Insurance,Ohio,3924288,3112815
2024,Dental & Vision,Ohio,4232008,3612363
2024,Cancer Insurance,New York,8473713,5758082
2017,Long-term Care,Washington,3584002,3235844
2016,Long-term Care,Georgia,5310548,4890665
2016,Dental & Vision,Wisconsin,4073731,2690470
2015,Accident Insurance,Washington,4026591,2426683
2020,Cancer Insurance,Virginia,3755228,2956384
2022,Dental & Vision,Washington,5515039,4341449
2016,Long-term Care,Wisconsin,4092605,4842299
2024,Cancer Insurance,Tennessee,3918486,2761487
2016,Accident Insurance,Virginia,5488359,4521997
2024,Cancer Insurance,Arizona,3281201,2029752
2018,Critical Illness,Missouri,2645838,1464667
2024,Dental & Vision,Texas,11846896,10338097
2024,Critical Illness,Massachusetts,5854797,4620366
2016,Long-term Care,Missouri,4086155,3925291
2019,Critical Illness,Tennessee,3623353,2643801
2021,Critical Illness,Washington,4718867,3720940
2021,Critical Illness,California,10613404,7400785
2015,Dental & Vision,Arizona,3116738,2714733
2021,Critical Illness,Virginia,4879111,2662619
2017,Cancer Insurance,Texas,9816013,8008912
2022,Critical Illness,New York,9116268,5081368
2019,Cancer Insurance,New Jersey,6199471,4169908
2019,Long-term Care,Ohio,5151898,5705249
2021,Critical Illness,North Carolina,4010631,2617563
2021,Critical Illness,Missouri,3663197,2604060
2015,Dental & Vision,Missouri,3728277,2977532
2018,Accident Insurance,Massachusetts,4990104,4340429
2019,Cancer Insurance,Michigan,4599345,3802574
2018,Long-term Care,Florida,6076699,5657053
2024,Cancer Insurance,Wisconsin,2876260,1840504
2024,Critical Illness,North Carolina,4494346,2605342
2024,Dental & Vision,Wisconsin,3830616,3270409
2021,Dental & Vision,New York,10323989,9753236
2024,Long-term Care,Illinois,5051217,5074249
2015,Accident Insurance,Massachusetts,5207118,3523877
2017,Dental & Vision,Washington,4589928,3441003
2023,Indemnity Health,Arizona,3219343,3408488
2023,Indemnity Health,Arizona,4153189,3159847
2016,Cancer Insurance,Maryland,4500485,3173403
2023,Indemnity Health,New York,8460917,8829206
2015,Cancer Insurance,Tennessee,3267426,1716050
2023,Indemnity Health,Michigan,3297822,3165615
2016,Long-term Care,Michigan,3888840,4294316
2021,Long-term Care,New York,9091197,9892678
2017,Indemnity Health,Texas,8324793,7335134
2022,Critical Illness,Tennessee,3323002,1672341
2018,Cancer Insurance,Ohio,5886898,5033397
2016,Indemnity Health,Georgia,4576103,3405726
2015,Critical Illness,Florida,7219085,5094992
2023,Critical Illness,Georgia,4432765,3737643
2023,Indemnity Health,Missouri,3393398,3334141
2015,Long-term Care,California,11551940,13574936
2017,Long-term Care,New Jersey,6133236,6298660
2018,Dental & Vision,Ohio,5283524,4933728
2021,Indemnity Health,Washington,5890415,5962311
2015,Cancer Insurance,Virginia,3535833,2273666
2020,Dental & Vision,Maryland,4724806,4396297
2019,Accident Insurance,Michigan,3360144,3239463
2020,Indemnity Health,Arizona,4740991,5118278
2024,Cancer Insurance,New York,12990556,11038092
2018,Dental & Vision,Missouri,3448428,2916770
2020,Critical Illness,California,12192159,9473779
2022,Long-term Care,California,9382903,9732331
2018,Indemnity Health,Georgia,3489258,2630770
2018,Long-term Care,Arizona,4243060,4639229
2018,Indemnity Health,Massachusetts,5883638,5276198
2021,Indemnity Health,Pennsylvania,6024308,5200528
2021,Accident Insurance,Arizona,3894457,3466425
2020,Critical Illness,Pennsylvania,5888378,3437950
2017,Cancer Insurance,Illinois,7395249,4374685
2023,Long-term Care,Pennsylvania,6670423,7961043
2022,Accident Insurance,Maryland,3952673,2410534
2019,Cancer Insurance,Tennessee,3399593,2856584
2019,Critical Illness,Massachusetts,5245559,3373714
2015,Long-term Care,North Carolina,4041909,4434503
2016,Long-term Care,Washington,4043233,4178817
2024,Long-term Care,Massachusetts,4483961,5298806
2015,Dental & Vision,North Carolina,5259433,5009136
2015,Accident Insurance,Maryland,3302130,1907837
2019,Dental & Vision,Indiana,3022950,2330388
2015,Accident Insurance,Maryland,4253553,3815729
2021,Indemnity Health,Virginia,4411394,3762393
2023,Critical Illness,California,12726855,10427838
2018,Dental & Vision,Arizona,4466444,2916397
2024,Long-term Care,Illinois,4518973,4447038
2017,Critical Illness,Ohio,4265007,2207927
2021,Critical Illness,Massachusetts,4174633,2858781
2017,Critical Illness,Ohio,4471521,3685486
2019,Accident Insurance,Michigan,4465071,4386256
2019,Long-term Care,Michigan,4317912,4417555
2015,Long-term Care,California,11736796,10871142
2017,Dental & Vision,Missouri,4198288,2759651
2021,Accident Insurance,Texas,11854922,9226913
2019,Indemnity Health,Pennsylvania,4017057,4120214
2016,Accident Insurance,Missouri,2615384,1702096
2016,Dental & Vision,Arizona,3071233,2500368
2021,Long-term Care,Georgia,4840576,5246158
2017,Accident Insurance,Georgia,4491374,3513692
2015,Critical Illness,Illinois,6401991,4224615
2023,Cancer Insurance,Indiana,3615535,3215558
2015,Critical Illness,North Carolina,3690771,3093243
2024,Dental & Vision,Illinois,6557523,5462982
2015,Cancer Insurance,Ohio,3672061,2726407
2021,Critical Illness,Ohio,4723231,2690435
2019,Long-term Care,Pennsylvania,6082762,7050829
2018,Critical Illness,Ohio,4741440,4053596
2018,Accident Insurance,North Carolina,5755979,3775198
2015,Dental & Vision,Ohio,5865412,4417873
2016,Long-term Care,Arizona,4098314,4625356
2016,Long-term Care,New York,9612100,11252095
2022,Indemnity Health,Pennsylvania,4097464,3882711
2015,Cancer Insurance,Missouri,2777192,2258452
2022,Long-term Care,North Carolina,4983944,4842374
2024,Dental & Vision,Wisconsin,3419928,2667197
2016,Indemnity Health,Wisconsin,2833284,2829577
2015,Dental & Vision,Illinois,5702458,3920033
2015,Dental & Vision,Florida,6014568,5530770
2023,Long-term Care,Michigan,4161645,4595561
2021,Long-term Care,Florida,7776451,8126267
2022,Accident Insurance,Maryland,4989177,3286885
2023,Cancer Insurance,Michigan,3288371,1996382
2018,Accident Insurance,Missouri,2882766,2091338
2018,Indemnity Health,Pennsylvania,5555873,5650088
2022,Critical Illness,California,12148760,10269076
2024,Critical Illness,Missouri,4023617,3231584
2017,Critical Illness,Illinois,5189010,3625041
2022,Cancer Insurance,Arizona,4142531,3455679
2023,Dental & Vision,New Jersey,4444928,3266334
2018,Accident Insurance,Massachusetts,6122538,5914585
2020,Cancer Insurance,Virginia,4281754,3388240
2015,Long-term Care,Pennsylvania,4998227,4714991
2016,Cancer Insurance,Washington,4578681,2891610
2017,Long-term Care,Texas,9369816,9282298
2016,Critical Illness,Wisconsin,3294383,2525384
2017,Accident Insurance,Arizona,3410866,3307603
2018,Dental & Vision,Pennsylvania,5577354,4629949
2017,Cancer Insurance,Missouri,3187077,2720310
2024,Accident Insurance,New York,11833726,8112465
2024,Indemnity Health,Arizona,3834282,2951716
2017,Indemnity Health,Massachusetts,4840312,3654429
2020,Dental & Vision,New Jersey,5055625,4343055
2024,Accident Insurance,Tennessee,3029093,2770323
2018,Accident Insurance,Georgia,4251156,3702977
2021,Accident Insurance,New Jersey,5658552,4604201
2024,Accident Insurance,Michigan,4790699,4946832
2019,Cancer Insurance,New York,10602937,7588851
2022,Critical Illness,Florida,7628705,4142771
2021,Dental & Vision,Tennessee,4131360,2876723
2017,Accident Insurance,North Carolina,5492695,4614038
2016,Accident Insurance,Maryland,4369811,3035730
2023,Accident Insurance,Florida,6350937,5699285
2023,Dental & Vision,Washington,4588693,3660574
2020,Cancer Insurance,Maryland,4714527,4047564
2021,Dental & Vision,Missouri,3386488,2424864
2016,Long-term Care,Pennsylvania,6060604,5783245
2022,Long-term Care,Georgia,4764228,5512243
2021,Cancer Insurance,Ohio,3553966,3484067
2015,Cancer Insurance,Wisconsin,4229326,3919758
2016,Dental & Vision,Illinois,6818711,4594038
2019,Dental & Vision,Maryland,4218465,3586648
2020,Dental & Vision,New York,8717857,8437253
2018,Long-term Care,Tennessee,3195971,3095035
2017,Dental & Vision,Pennsylvania,5769650,5442931
2017,Dental & Vision,New York,12232145,10754048
2016,Accident Insurance,Massachusetts,5165376,4207367
2018,Indemnity Health,Illinois,4701932,3422291
2018,Critical Illness,New Jersey,3941581,3368213
2021,Cancer Insurance,Massachusetts,5044178,3025913
2024,Critical Illness,Indiana,2535499,1677040
2020,Critical Illness,North Carolina,4938972,2601552
2023,Accident Insurance,Florida,8599508,6042854
2016,Dental & Vision,Indiana,3642807,2821767
2023,Critical Illness,Maryland,5024332,4257599
2022,Cancer Insurance,Missouri,3514149,3196841
2019,Accident Insurance,Washington,4773284,4320935
2018,Cancer Insurance,Tennessee,4110536,2860387
2017,Dental & Vision,Ohio,4283457,3578643
2020,Long-term Care,Washington,4349805,5515166
2018,Long-term Care,Maryland,4437350,4808396
2018,Critical Illness,Tennessee,3453830,2833037
2016,Cancer Insurance,Massachusetts,4935063,4579663
2019,Dental & Vision,New Jersey,4194506,3632777
2022,Critical Illness,Missouri,2351564,1700418
2021,Cancer Insurance,California,10139254,7985921
2020,Indemnity Health,Tennessee,3721976,3970035
2020,Dental & Vision,Washington,4333868,3295262
2022,Indemnity Health,Virginia,5181590,5308076
2022,Cancer Insurance,Illinois,5424278,3299302
2023,Cancer Insurance,Pennsylvania,5528494,4577028
2016,Cancer Insurance,Virginia,3894638,3166977
2019,Long-term Care,New York,10730796,12826147
2018,Dental & Vision,Washington,5381777,4371616
2020,Critical Illness,Tennessee,3786737,3254881
2018,Dental & Vision,New Jersey,3947282,3052765
2023,Cancer Insurance,Missouri,2764624,1797144
2018,Long-term Care,Wisconsin,2633463,2632332
2022,Indemnity Health,Wisconsin,4224655,3784033
2020,Long-term Care,Illinois,4872430,4829107
2017,Long-term Care,Massachusetts,3804904,3164049
2024,Cancer Insurance,Georgia,3355925,2889953
2020,Indemnity Health,Maryland,3362152,3204121
2018,Indemnity Health,Florida,8403689,7190722
2020,Dental & Vision,Wisconsin,3032062,2515003
2021,Critical Illness,Wisconsin,3378347,1908304
2017,Cancer Insurance,New Jersey,6247160,5453304
2016,Cancer Insurance,Florida,8857631,7494834
2022,Long-term Care,Arizona,4468628,4612860
2018,Dental & Vision,Virginia,4498415,3183987
2020,Long-term Care,Tennessee,4324760,4135929
2023,Long-term Care,New Jersey,5533550,7177379
2020,Cancer Insurance,Wisconsin,4007299,3361454
2018,Dental & Vision,North Carolina,4058732,3260394
2018,Long-term Care,Michigan,3063354,3551378
2015,Critical Illness,Wisconsin,2727380,1464001
2020,Indemnity Health,New York,9483810,7904850
2022,Accident Insurance,New York,10186975,6170394
2024,Critical Illness,Ohio,4795964,2810640
2017,Critical Illness,Arizona,4595612,3645326
2019,Dental & Vision,Wisconsin,2980243,2174731
2017,Dental & Vision,Texas,9469668,7896159
2018,Critical Illness,Maryland,4081247,3528731
2024,Indemnity Health,Indiana,2254265,2347038
2020,Dental & Vision,California,9353087,8351744
2018,Indemnity Health,Maryland,3205331,2940920
2016,Cancer Insurance,Pennsylvania,4489384,2572556
2015,Indemnity Health,New Jersey,5543883,4324179
2019,Indemnity Health,Maryland,4445271,4295624
2018,Dental & Vision,Indiana,2243245,1508948
2018,Indemnity Health,Tennessee,3879803,3431342
2017,Indemnity Health,Virginia,4080072,4277167
2018,Cancer Insurance,Indiana,3334596,2641029
2019,Accident Insurance,Florida,6373131,4465031
2021,Critical Illness,New Jersey,4180681,3565597
2022,Critical Illness,Tennessee,2877610,2240191
2020,Long-term Care,Wisconsin,2688242,2746483
2024,Critical Illness,Michigan,4730930,2936522
2015,Cancer Insurance,Illinois,4869643,3206787
2019,Long-term Care,Ohio,4011852,4087913
2021,Long-term Care,Missouri,3060888,3096700
2022,Indemnity Health,California,9001993,8106921
2019,Long-term Care,Florida,7393935,8640012
2019,Indemnity Health,Arizona,3089877,2776980
2019,Cancer Insurance,Missouri,3601158,3291356
2019,Accident Insurance,Massachusetts,4759139,3563244
2024,Accident Insurance,Maryland,3476414,2820487
2022,Long-term Care,Washington,5137635,5057749
2019,Dental & Vision,Texas,8077198,6862617
2022,Long-term Care,Texas,10704320,12406409
2016,Indemnity Health,California,12491525,12506128
2016,Dental & Vision,Ohio,5693094,4886868
2017,Dental & Vision,New Jersey,4520758,4191977
2021,Indemnity Health,Virginia,5415901,5623831
2017,Indemnity Health,North Carolina,4992355,4305942
2018,Accident Insurance,North Carolina,5264197,3804472
2015,Accident Insurance,Wisconsin,2763746,1862467
2017,Accident Insurance,Pennsylvania,6012812,4689507
2023,Cancer Insurance,Arizona,4168280,2335413
2020,Indemnity Health,Massachusetts,6048556,5649617
2020,Accident Insurance,Missouri,2826343,1872363
2022,Accident Insurance,Ohio,3772536,3264926
2018,Cancer Insurance,Michigan,4060716,3308333
2022,Dental & Vision,Maryland,3159155,2297373
2020,Accident Insurance,Massachusetts,4914365,4828451
2018,Long-term Care,Tennessee,3063252,2837767
2018,Long-term Care,Florida,8979035,10215501
2023,Accident Insurance,Wisconsin,2857744,2892552
2018,Indemnity Health,Indiana,3181531,2266138
2018,Indemnity Health,Georgia,4388440,4194800
2022,Critical Illness,New Jersey,4058913,2891220
2023,Accident Insurance,Maryland,3674295,3142058
2016,Long-term Care,Illinois,5144548,4266017
2024,Indemnity Health,Tennessee,3056766,2510401
2017,Cancer Insurance,Pennsylvania,5270647,3579672
2020,Indemnity Health,Washington,4202805,4349817
2020,Accident Insurance,California,10917482,6923112
2015,Accident Insurance,Missouri,3331918,2139418
2023,Accident Insurance,Massachusetts,4410620,2943572
2015,Long-term Care,Arizona,3114775,3217149
2017,Dental & Vision,Virginia,5127310,4509577
2018,Dental & Vision,Florida,6592009,5224854
2016,Indemnity Health,Maryland,4738524,3949971
2022,Indemnity Health,Wisconsin,2522901,2023736
2024,Indemnity Health,Pennsylvania,5124618,5057182
2016,Critical Illness,Wisconsin,4094570,2602823
2024,Long-term Care,Maryland,4790566,5566856
2022,Critical Illness,Indiana,3066243,2095635
2023,Critical Illness,Tennessee,4003016,3144071
2017,Cancer Insurance,New York,10065461,6644456
2016,Critical Illness,Ohio,4457507,2909066
2016,Indemnity Health,Virginia,4576215,3997697
2021,Accident Insurance,Michigan,4846614,4759710
2019,Cancer Insurance,New Jersey,4875564,4350516
2023,Dental & Vision,Illinois,4821514,4665275
2024,Cancer Insurance,Georgia,3400010,2678883
2023,Long-term Care,Georgia,4217274,4880221
2016,Critical Illness,Texas,11592229,7549665
2022,Indemnity Health,California,12102057,12194233
2024,Critical Illness,Texas,10787293,6009909
2016,Indemnity Health,Texas,11405184,9490210
2019,Cancer Insurance,California,10708019,7091854
2022,Indemnity Health,Pennsylvania,6097089,4884997
2024,Accident Insurance,Georgia,4940054,4741090
2017,Long-term Care,Michigan,3513559,3636947
2019,Long-term Care,North Carolina,3704576,4478630
2023,Long-term Care,Georgia,5006032,4792223
2015,Indemnity Health,Illinois,6049908,4876192
2015,Critical Illness,Maryland,4791282,3669455
2020,Critical Illness,Missouri,3610439,2374827
2023,Accident Insurance,Massachusetts,5635164,4483765
2019,Accident Insurance,Washington,4040637,2852282
2019,Indemnity Health,Massachusetts,4772451,3766951
2016,Critical Illness,Pennsylvania,4863570,3396019
2022,Critical Illness,Texas,10698800,9099139
2023,Long-term Care,Virginia,5434617,7466486
2018,Long-term Care,Georgia,4940184,4749295
2015,Accident Insurance,Massachusetts,4332383,4131648
2022,Accident Insurance,New Jersey,4239791,3004863
2016,Critical Illness,California,11357893,8970060
2018,Cancer Insurance,North Carolina,3321816,2202765
2016,Accident Insurance,Washington,4223874,3099862
2019,Cancer Insurance,Virginia,4109090,2815525
2017,Indemnity Health,Virginia,4759039,4697728
2019,Dental & Vision,Illinois,5259693,4360117
2017,Accident Insurance,Maryland,4981718,4090034
2018,Accident Insurance,New York,12264404,10207389
2017,Long-term Care,Pennsylvania,6313597,6901653
2020,Cancer Insurance,Arizona,4597999,3427365
2016,Cancer Insurance,Ohio,3861515,2868607
2016,Cancer Insurance,Indiana,2331793,1691083
2018,Critical Illness,North Carolina,5093095,3516485
2016,Long-term Care,Washington,3656901,3311972
2018,Accident Insurance,Georgia,3978871,3824064
2024,Critical Illness,Tennessee,3601577,2108459
2021,Indemnity Health,Michigan,4643832,4012304
2018,Indemnity Health,Michigan,4885789,3892429
2020,Critical Illness,Illinois,5535561,5123683
2018,Critical Illness,Missouri,3124958,1833895
2019,Indemnity Health,Arizona,2933839,2435719
2024,Indemnity Health,Massachusetts,4929901,4861234
2021,Dental & Vision,New York,10790889,10746166
2024,Long-term Care,Wisconsin,3997721,4376167
2018,Cancer Insurance,New York,11645894,8168114
2015,Long-term Care,New Jersey,4098700,3957939
2024,Cancer Insurance,Wisconsin,2723235,2137578
2018,Dental & Vision,California,9163625,7793555
2021,Indemnity Health,Illinois,4849977,4335857
2019,Critical Illness,California,11500161,7097501
2017,Cancer Insurance,Indiana,3198637,2705942
2021,Dental & Vision,Washington,5174231,3842632
2023,Long-term Care,Arizona,3095164,3195399
2024,Critical Illness,California,13206469,10320186
2023,Critical Illness,Michigan,4417477,3052562
2024,Accident Insurance,Maryland,4758920,4334097
2017,Indemnity Health,New Jersey,6219509,5080542
2017,Dental & Vision,Missouri,3148736,2154881
2024,Indemnity Health,New York,8113359,8123234
2020,Cancer Insurance,Maryland,3973893,2804065
2022,Dental & Vision,Missouri,3203363,2343702
2022,Accident Insurance,Indiana,3398315,2887553
2024,Accident Insurance,New Jersey,5041232,4214010
2023,Long-term Care,Missouri,2870404,3332147
2016,Indemnity Health,Florida,8077376,6569362
2016,Critical Illness,Wisconsin,2654263,2140922
2024,Long-term Care,Pennsylvania,6219504,6225720
2024,Long-term Care,New York,12814199,13130071
2018,Indemnity Health,Pennsylvania,5124280,4655120
2018,Accident Insurance,Pennsylvania,5830891,3951909
2023,Long-term Care,Tennessee,4235272,3817170
2017,Critical Illness,Arizona,4980237,3394630
2021,Cancer Insurance,Ohio,3542659,2467125
2020,Cancer Insurance,California,9713670,5735296
2022,Long-term Care,Illinois,5803849,6194971
2020,Accident Insurance,Ohio,5634736,5128709
2018,Accident Insurance,Pennsylvania,6961454,5127085
2021,Dental & Vision,Missouri,2562111,2004151
2015,Long-term Care,Indiana,3144776,3221887
2018,Critical Illness,Tennessee,3626409,2157785
2016,Cancer Insurance,Maryland,5171309,4049208
2016,Accident Insurance,Michigan,3581409,3516025
2017,Long-term Care,Tennessee,4048759,3574063
2018,Indemnity Health,Michigan,3289621,2718419
2022,Long-term Care,Michigan,3854346,3474064
2016,Indemnity Health,Michigan,3760361,2876036
2016,Indemnity Health,Massachusetts,4805256,3784453
2017,Cancer Insurance,North Carolina,4457694,2701763
2020,Indemnity Health,Michigan,4506303,4640897
2020,Critical Illness,New York,11658461,7513250
2020,Accident Insurance,California,10205673,7497062
2024,Dental & Vision,New York,12008390,10988266
2022,Indemnity Health,New York,8034119,8028056
2024,Accident Insurance,Pennsylvania,4182552,3669516
2017,Critical Illness,Texas,11335116,9504752
2023,Critical Illness,Pennsylvania,4612962,3955442
2024,Accident Insurance,Pennsylvania,6491738,6576325
2023,Dental & Vision,New Jersey,5681097,5249542
2015,Cancer Insurance,Virginia,3440577,2026305
2022,Accident Insurance,Ohio,5486902,4969191
2016,Accident Insurance,Washington,4333338,3620372
2022,Indemnity Health,Indiana,3487790,3408078
2021,Accident Insurance,Indiana,3642445,3378259
2018,Cancer Insurance,New Jersey,4893342,3881215
2020,Dental & Vision,North Carolina,4095624,2982891
2018,Critical Illness,Texas,11826153,8154268
2021,Dental & Vision,Arizona,4609970,3977812
2018,Long-term Care,Texas,10320907,11779879
2022,Critical Illness,Washington,5979492,4868623
2015,Cancer Insurance,Washington,5907202,3458424
2024,Critical Illness,Virginia,5428786,2800418
2016,Cancer Insurance,North Carolina,4060392,3592634
2020,Accident Insurance,Pennsylvania,5471276,3561928
2021,Critical Illness,Texas,10585254,7154178
2022,Cancer Insurance,Ohio,5343735,5125237
2015,Cancer Insurance,Illinois,6306298,3782346
2021,Accident Insurance,Virginia,4078762,3319215
2018,Accident Insurance,Pennsylvania,4437589,3140477
2022,Critical Illness,Washington,5394441,4430985
2017,Dental & Vision,Virginia,4794517,3332148
2019,Indemnity Health,Indiana,3705632,3723277
2018,Accident Insurance,Washington,5407072,4257863
2019,Critical Illness,Missouri,2637407,2025161
2021,Accident Insurance,New Jersey,5655741,3892422
2018,Cancer Insurance,Wisconsin,2947480,2348617
2015,Indemnity Health,Illinois,6861366,6704292
2015,Critical Illness,Tennessee,2725216,1419210
2017,Accident Insurance,North Carolina,3474028,2888518
2015,Critical Illness,Arizona,4434617,3346515
2015,Cancer Insurance,Missouri,3042993,2534273
2015,Critical Illness,Virginia,3827250,2347402
2020,Indemnity Health,Indiana,2918491,2569758
2024,Dental & Vision,Pennsylvania,6775012,5213982
2015,Long-term Care,Ohio,5973491,5163066
2016,Dental & Vision,Illinois,4941343,4091021
2019,Cancer Insurance,Washington,5580398,3634739
2020,Critical Illness,Ohio,4659764,2666022
2016,Long-term Care,Wisconsin,3768439,4278873
2020,Indemnity Health,North Carolina,3809671,4282410
2020,Indemnity Health,Texas,10921628,8733656
2021,Dental & Vision,Michigan,3125489,2790034
2016,Cancer Insurance,Florida,7195107,6041241
2018,Accident Insurance,Massachusetts,4830795,3136743
2024,Critical Illness,Tennessee,2798839,2039480
2023,Critical Illness,Wisconsin,3711402,3032992
2015,Cancer Insurance,California,10380298,6987857
2015,Critical Illness,Florida,6828029,5137483
2022,Dental & Vision,California,11971433,11206801
2018,Dental & Vision,Tennessee,3416552,2709414
2021,Accident Insurance,California,14082695,9290630
2021,Cancer Insurance,Maryland,4225458,3742227
2016,Accident Insurance,Michigan,4182080,2807609
2016,Indemnity Health,Wisconsin,4134884,3687712
2019,Indemnity Health,Pennsylvania,5197368,4344938
2016,Cancer Insurance,Tennessee,2911223,2683039
2017,Cancer Insurance,Florida,6394381,4398773
2017,Dental & Vision,Wisconsin,4176545,3026237
2015,Indemnity Health,Georgia,3826425,2993734
2020,Long-term Care,Missouri,3640000,3760109
2021,Indemnity Health,Illinois,7478747,5965695
2021,Accident Insurance,North Carolina,5630671,3411629
2015,Critical Illness,Missouri,2524510,1582548
2023,Dental & Vision,Missouri,3840560,3137183
2022,Critical Illness,Massachusetts,5355210,4652235
2020,Cancer Insurance,Tennessee,4009564,3154702
2021,Long-term Care,Massachusetts,5704952,5826895
2023,Long-term Care,Wisconsin,2696751,3294984
2019,Indemnity Health,Maryland,4866953,5355950
2021,Indemnity Health,California,12615000,13525768
2024,Indemnity Health,Illinois,7433149,6492756
2022,Accident Insurance,New York,11620027,10915665
2015,Cancer Insurance,California,9209921,7563333
2015,Accident Insurance,Arizona,3793001,3102262
2023,Dental & Vision,California,11977952,12519532
2018,Critical Illness,Florida,7727623,5972546
2021,Accident Insurance,California,10835790,8896299
2023,Dental & Vision,California,12072083,9276268
2020,Long-term Care,Michigan,3512979,3052285
2022,Dental & Vision,Arizona,4071068,3655331
2024,Indemnity Health,Indiana,3617970,3524419
2023,Critical Illness,Illinois,5364156,3097523
2016,Long-term Care,Florida,6672399,7807811
2020,Cancer Insurance,Indiana,3350739,2507816
2017,Dental & Vision,Massachusetts,4146996,2981141
2019,Cancer Insurance,Washington,5755594,4856458
2022,Critical Illness,California,12384479,9600674
2021,Dental & Vision,Ohio,4665654,4027533
2022,Dental & Vision,Washington,5790670,4292695
2015,Cancer Insurance,Maryland,4003621,2610807
2018,Dental & Vision,Texas,11685109,9332794
2016,Cancer Insurance,Massachusetts,5032899,3396601
2016,Long-term Care,California,13367064,16863624
2024,Dental & Vision,Ohio,5995056,4973063
2023,Accident Insurance,Wisconsin,2561811,2365275
2018,Long-term Care,Maryland,4944816,4791505
2017,Cancer Insurance,Virginia,5015922,3281159
2022,Dental & Vision,Arizona,3300716,2668061
2023,Long-term Care,Indiana,2257564,2951583
2019,Cancer Insurance,Georgia,3868288,2866211
2023,Dental & Vision,Georgia,3701353,2857014
2015,Indemnity Health,Maryland,4593874,4850493
2019,Critical Illness,New York,11408022,6193768
2022,Cancer Insurance,Michigan,4036729,4043489
2016,Cancer Insurance,Illinois,4579774,3125978
2019,Long-term Care,Texas,8685765,8557732
2021,Long-term Care,Texas,11233815,12715549
2020,Accident Insurance,Arizona,4705038,3421053
2024,Dental & Vision,Georgia,4601528,3765497
2021,Long-term Care,Massachusetts,5918572,5777142
2019,Accident Insurance,Wisconsin,2428634,1625975
2022,Cancer Insurance,North Carolina,5403204,3476589
2024,Dental & Vision,Illinois,5041767,3887553
2022,Indemnity Health,Pennsylvania,4685477,4195281
2023,Accident Insurance,Wisconsin,3145589,2666197
2018,Cancer Insurance,Missouri,3597583,2343000
2022,Cancer Insurance,New York,10548033,8553008
2023,Long-term Care,Ohio,4837926,4466007
2021,Accident Insurance,Pennsylvania,4020829,3272627
2024,Dental & Vision,Michigan,4929058,3290839
2018,Indemnity Health,Virginia,5470008,5166147
2015,Critical Illness,Michigan,4297291,2803922
2017,Critical Illness,Ohio,4835641,3077176
2015,Long-term Care,Virginia,3956471,4432824
2015,Accident Insurance,Ohio,4380155,3761080
2020,Dental & Vision,Missouri,3387099,2371811
2017,Dental & Vision,Missouri,3690165,2429580
2018,Indemnity Health,Ohio,4513494,4847724
2018,Indemnity Health,New York,8081647,7630341
2019,Dental & Vision,Missouri,2718845,1910561
2020,Cancer Insurance,Missouri,2995740,2084643
2022,Cancer Insurance,Wisconsin,3901553,2795123
2015,Long-term Care,North Carolina,5585184,4567840
2022,Long-term Care,Wisconsin,3971069,3736828
2021,Critical Illness,Michigan,4050151,2529268
2020,Long-term Care,Ohio,5262589,4778402
2019,Critical Illness,Maryland,4165931,2491323
2016,Accident Insurance,North Carolina,5775301,5320708
2016,Dental & Vision,Illinois,6098682,4492724
2016,Long-term Care,Massachusetts,3778994,4158839
2021,Long-term Care,Massachusetts,5935161,6532510
2024,Accident Insurance,Massachusetts,4615349,3591162
2020,Accident Insurance,Virginia,4173747,3545748
2015,Indemnity Health,Washington,4658754,4219966
2020,Critical Illness,Wisconsin,4202938,2872665
2021,Dental & Vision,Arizona,3897691,3810889
2015,Long-term Care,Maryland,4542418,5099311
2020,Long-term Care,Virginia,4736291,4076080
2021,Dental & Vision,Pennsylvania,4020602,3096526
2016,Indemnity Health,California,9361679,6811287
2020,Cancer Insurance,Indiana,3183624,2460886
2023,Accident Insurance,Ohio,4915985,4468133
2016,Long-term Care,Pennsylvania,5787091,5946114
2021,Critical Illness,Maryland,5069545,2942497
2019,Indemnity Health,Florida,9552838,7299821
2023,Accident Insurance,Pennsylvania,6628921,5363789
2024,Indemnity Health,Illinois,5444946,4242861
2018,Indemnity Health,Massachusetts,5156991,4726283
2020,Critical Illness,Washington,5885417,3542424
2019,Accident Insurance,Tennessee,3118694,2617395
2016,Indemnity Health,New York,8562086,8153019
2016,Long-term Care,New York,12076269,10577306
2022,Accident Insurance,Washington,4686210,2943099
2018,Long-term Care,Georgia,4413312,4533346
2016,Cancer Insurance,Texas,9873351,8291984
2016,Accident Insurance,Tennessee,3274127,2399225
2023,Indemnity Health,Pennsylvania,5664803,5152001
2015,Indemnity Health,Arizona,4768793,4080172
2023,Cancer Insurance,Massachusetts,6155858,5017283
2016,Long-term Care,New York,11354403,12534351
2019,Cancer Insurance,Ohio,4680901,4585708
2021,Critical Illness,Arizona,4674487,3636157
2020,Cancer Insurance,Ohio,4906702,4108770
2019,Critical Illness,California,13135115,7148006
2021,Indemnity Health,Illinois,7350588,5837941
2021,Cancer Insurance,Ohio,5857962,4370256
2019,Accident Insurance,Tennessee,3315906,2076881
2024,Accident Insurance,New Jersey,5133567,4549221
2021,Indemnity Health,Tennessee,2943503,2657696
2015,Critical Illness,New York,12254520,9278377
2021,Dental & Vision,Arizona,3103255,2669306
2019,Long-term Care,Arizona,3900968,4043355
2017,Long-term Care,Wisconsin,2846386,2426425
2019,Long-term Care,North Carolina,3668052,3989350
2021,Cancer Insurance,Virginia,3433184,3412995
2016,Dental & Vision,Florida,6040605,4900955
2019,Long-term Care,Tennessee,3910066,4592183
2022,Accident Insurance,Massachusetts,4024162,4045927
2019,Long-term Care,California,13197178,12691030
2018,Dental & Vision,Arizona,3352577,2265004
2021,Cancer Insurance,Tennessee,4311048,3776451
2018,Long-term Care,Indiana,3001539,3335688
2022,Indemnity Health,Michigan,4729164,3920590
2019,Accident Insurance,North Carolina,5022615,3801186
2021,Cancer Insurance,Arizona,3657854,3134916
2024,Long-term Care,Arizona,3264095,3101395
2022,Accident Insurance,Tennessee,4453330,4132876
2020,Accident Insurance,Missouri,4076662,3698279
2022,Cancer Insurance,Ohio,4237511,3652688
2017,Cancer Insurance,Arizona,3755108,2365360
2023,Indemnity Health,Missouri,3991958,3207696
2023,Indemnity Health,Virginia,3515528,3915195
2020,Indemnity Health,Florida,7429252,6910334
2015,Indemnity Health,Tennessee,3453839,2484639
2023,Cancer Insurance,Wisconsin,3607453,2244301
2015,Indemnity Health,California,12853935,12402163
2016,Accident Insurance,Florida,9540266,8587994
2018,Dental & Vision,Illinois,6140889,5390847
2018,Cancer Insurance,Maryland,4923847,2796707
2022,Long-term Care,Washington,5614567,6081009
2020,Long-term Care,New Jersey,4578587,5617946
2021,Accident Insurance,Virginia,3618132,2616984
2020,Indemnity Health,Ohio,5028716,5574104
2023,Indemnity Health,Washington,4646780,3585310
2023,Critical Illness,Missouri,3910203,2983722
2018,Cancer Insurance,Florida,6209470,3455509
2022,Accident Insurance,Missouri,4110595,3294248
2024,Long-term Care,Wisconsin,3118975,3144719
2020,Indemnity Health,Georgia,4144500,3646865
2021,Accident Insurance,Tennessee,3400042,2985279
2016,Dental & Vision,North Carolina,4007258,2893546
2021,Cancer Insurance,Florida,8874068,7404084
2016,Accident Insurance,California,10936851,8705911
2024,Long-term Care,Ohio,5915001,7045403
2021,Cancer Insurance,Ohio,4377020,3503308
2015,Cancer Insurance,New Jersey,4564529,3540808
2016,Indemnity Health,Georgia,4406839,3537804
2016,Indemnity Health,New York,10263157,10008676
2020,Cancer Insurance,Virginia,4831332,4184062
2020,Indemnity Health,Washington,5641850,4789348
2020,Cancer Insurance,Missouri,2385095,1774710
2015,Cancer Insurance,Florida,8299973,6507373
2023,Accident Insurance,Virginia,4244369,4015934
2023,Cancer Insurance,Arizona,3146531,2839856
2023,Dental & Vision,New Jersey,6339663,5995491
2018,Long-term Care,Illinois,6599254,5510963
2016,Accident Insurance,Pennsylvania,5204903,3885301
2023,Accident Insurance,Maryland,3664474,3614496
2023,Critical Illness,Arizona,3225787,2795312
2021,Accident Insurance,Massachusetts,3688337,3639645
2020,Accident Insurance,Florida,6334754,5709446
2016,Accident Insurance,Arizona,4305269,3615268
2023,Long-term Care,Missouri,3595147,3285267
2020,Critical Illness,Texas,8453149,4775993
2024,Critical Illness,Wisconsin,3264829,2124440
2015,Accident Insurance,Michigan,3686477,2539354
2017,Dental & Vision,Massachusetts,5871085,5360858
2024,Cancer Insurance,North Carolina,4461225,3187377
2023,Long-term Care,Missouri,3755226,4700875
2021,Accident Insurance,Washington,3934755,3604480
2015,Accident Insurance,Missouri,3489596,2963668
2015,Indemnity Health,Indiana,2228677,1879931
2017,Critical Illness,Pennsylvania,6063992,4886067
2022,Accident Insurance,Ohio,3992275,3074290
2020,Cancer Insurance,Michigan,3963377,2285540
2020,Indemnity Health,Michigan,4790685,4665986
2016,Dental & Vision,California,12136322,9661486
2018,Cancer Insurance,Texas,11661843,7224910
2017,Accident Insurance,Washington,4935082,3324365
2024,Accident Insurance,New York,12379218,9373845
2016,Critical Illness,Maryland,4317122,3593200
2016,Accident Insurance,Texas,11772938,7941003
2016,Critical Illness,Tennessee,2747448,2428363
2021,Indemnity Health,Tennessee,3163662,2308116
2022,Critical Illness,Florida,6042114,3841810
2015,Critical Illness,New York,11052325,7663102
2020,Cancer Insurance,Florida,9156784,7002488
2019,Accident Insurance,Wisconsin,2689919,2644261
2017,Accident Insurance,North Carolina,4533300,4039300
2023,Critical Illness,Washington,4419284,3497745
2021,Indemnity Health,Georgia,3265125,3264108
2020,Accident Insurance,Wisconsin,2970524,2464388
2018,Accident Insurance,California,11703389,10174947
2017,Accident Insurance,Texas,11813279,7355067
2015,Cancer Insurance,Arizona,3563208,2744127
2018,Long-term Care,Georgia,3512877,3320360
2023,Dental & Vision,North Carolina,3317080,2285859
2018,Long-term Care,North Carolina,5365076,6772110
2024,Indemnity Health,Pennsylvania,4689687,4416211
2019,Accident Insurance,Arizona,4081564,2421553
2020,Accident Insurance,Tennessee,3430743,2771558
2020,Long-term Care,Michigan,4540904,4161260
2018,Indemnity Health,Georgia,5269176,4807398
2017,Critical Illness,Arizona,4533419,2343359
2022,Cancer Insurance,Wisconsin,4100076,3207173
2018,Dental & Vision,Pennsylvania,6158387,5245501
2022,Accident Insurance,Florida,7265563,5656305
2023,Long-term Care,New Jersey,4576365,5371753
2016,Critical Illness,Georgia,5092651,3993672
2017,Long-term Care,Missouri,3350009,4090361
2023,Indemnity Health,Georgia,4904655,4368910
2023,Long-term Care,New Jersey,6303280,6826260
2015,Long-term Care,Arizona,3532752,4313837
2016,Long-term Care,North Carolina,4141715,3966942
2021,Indemnity Health,New Jersey,3812469,4201009
2016,Accident Insurance,New York,12302048,9651419
2015,Critical Illness,Michigan,4807793,2299502
2022,Long-term Care,Massachusetts,5938104,6215548
2019,Dental & Vision,Texas,9225666,7094521
2022,Cancer Insurance,California,12868707,8651876
2023,Indemnity Health,New York,12788520,11540465
2021,Dental & Vision,California,9638817,7190409
2020,Indemnity Health,Massachusetts,4797428,4349020
2024,Accident Insurance,Pennsylvania,5970775,5075171
2023,Critical Illness,Illinois,7463646,5217093
2017,Accident Insurance,Maryland,4233968,3348364
2017,Accident Insurance,California,9628717,9307585
2020,Dental & Vision,Michigan,3634481,2602494
2018,Accident Insurance,Georgia,3727118,2423185
2022,Indemnity Health,California,11749553,12333959
2016,Critical Illness,Illinois,4722875,3918305
2019,Cancer Insurance,Arizona,4245481,2503975
2017,Indemnity Health,Pennsylvania,5138642,4738467
2024,Dental & Vision,Massachusetts,4456915,4312594
2016,Accident Insurance,Florida,9785532,6433990
2022,Long-term Care,Virginia,4661282,5828397
2021,Cancer Insurance,Texas,11376350,9233898
2019,Long-term Care,Texas,8269234,9197671
2018,Dental & Vision,Washington,5435230,3918262
2016,Cancer Insurance,Texas,11651612,6475193
2018,Accident Insurance,Virginia,4468776,3597926
2021,Long-term Care,Massachusetts,3700811,3950195
2023,Dental & Vision,Arizona,3664635,3168235
2021,Long-term Care,Massachusetts,5311263,5991691
2022,Dental & Vision,Georgia,4539905,3679854
2016,Indemnity Health,Tennessee,3037807,2776398
2017,Dental & Vision,Massachusetts,5441408,3907016
2020,Accident Insurance,Ohio,4584983,4850561
2017,Cancer Insurance,New York,12174599,7218023
2022,Accident Insurance,North Carolina,4009393,3926660
2023,Dental & Vision,North Carolina,3901758,3347282
2019,Critical Illness,Washington,5643043,2974001
2020,Accident Insurance,North Carolina,4825373,3727465
2021,Indemnity Health,Tennessee,2786844,2602480
2021,Long-term Care,North Carolina,4290497,4177403
2017,Critical Illness,Indiana,3778629,3037187
2017,Cancer Insurance,Illinois,7126432,5102996
2015,Long-term Care,Wisconsin,2904046,3449415
2024,Long-term Care,Texas,10711277,10245610
2019,Cancer Insurance,Massachusetts,4969992,3876544
2024,Indemnity Health,Washington,5596837,5318308
2018,Long-term Care,Ohio,5807074,7338846
2022,Cancer Insurance,California,11721711,8321388
2022,Cancer Insurance,Illinois,6918184,4669555
2022,Indemnity Health,Florida,8314934,8346151
2016,Dental & Vision,Michigan,4531694,3858484
2023,Accident Insurance,California,13950689,10766630
2015,Cancer Insurance,Illinois,5862176,3833006
2015,Cancer Insurance,Massachusetts,5548011,3506413
2019,Dental & Vision,Georgia,3699147,3002775
2022,Dental & Vision,Tennessee,3362685,2600995
2017,Indemnity Health,Washington,3608339,3229888
2018,Accident Insurance,Washington,5999765,3535193
2019,Critical Illness,Georgia,4562223,3187350
2016,Critical Illness,Washington,4471126,3989079
2023,Indemnity Health,Maryland,3094749,3330746
2024,Long-term Care,Maryland,4877715,6059294
2021,Dental & Vision,Pennsylvania,5830211,4600753
2016,Critical Illness,Wisconsin,3621981,1934728
2019,Indemnity Health,Michigan,3616689,3837633
2020,Long-term Care,New Jersey,4657547,4643827
2021,Indemnity Health,Indiana,2939497,3075778
2024,Dental & Vision,Ohio,5143918,4861522
2016,Cancer Insurance,Tennessee,2541485,2149376
2017,Accident Insurance,Missouri,4182699,3603573
2018,Accident Insurance,Massachusetts,6171762,4295699
2019,Accident Insurance,California,13925458,13561912
2023,Indemnity Health,New York,9636849,9344063
2016,Critical Illness,Maryland,3913697,2568988
2018,Long-term Care,Texas,8553223,8641723
2024,Long-term Care,Illinois,5815821,5807411
2021,Dental & Vision,Ohio,3631361,3293249
2015,Accident Insurance,Illinois,5905901,4832733
2022,Critical Illness,Ohio,5632654,4371558
2016,Indemnity Health,Missouri,2833318,2665681
2020,Cancer Insurance,Tennessee,4191699,4109672
2022,Accident Insurance,Illinois,5569302,5175006
2017,Cancer Insurance,Maryland,3291825,2433364
2023,Cancer Insurance,Florida,9011190,6578565
2021,Accident Insurance,North Carolina,5012761,4353324
2019,Long-term Care,Arizona,4750410,4272511
2024,Cancer Insurance,Georgia,3081510,1999184
2020,Critical Illness,Washington,4174179,2236349
2015,Critical Illness,California,10614910,6063294
2021,Indemnity Health,Pennsylvania,4730496,5391524
2019,Indemnity Health,Indiana,3666537,4123363
2020,Accident Insurance,Pennsylvania,4012688,3666148
2015,Critical Illness,California,13511009,11321219
2020,Long-term Care,New Jersey,6013255,6508289
2021,Cancer Insurance,Maryland,3661430,3342542
2020,Indemnity Health,California,14008547,11173918
2015,Cancer Insurance,Pennsylvania,4128585,2415033
2016,Critical Illness,Virginia,4040333,2623847
2018,Long-term Care,Wisconsin,3028454,2651248
2024,Cancer Insurance,Maryland,3911785,3030367
2020,Dental & Vision,Georgia,5071945,4343741
2023,Long-term Care,Massachusetts,4674318,5122059
2020,Dental & Vision,Missouri,4189126,3259510
2021,Long-term Care,Missouri,3048611,3144802
2016,Critical Illness,Ohio,5945945,3177944
2019,Cancer Insurance,North Carolina,5374527,3269190
2024,Critical Illness,North Carolina,5753846,5404024
2020,Cancer Insurance,Ohio,4693557,3763421
2019,Indemnity Health,California,11642722,8691820
2021,Long-term Care,Wisconsin,3275335,3502510
2018,Indemnity Health,Texas,10119413,9122511
2017,Long-term Care,Maryland,4582473,4599996
2018,Long-term Care,Michigan,4424854,3923197
2020,Cancer Insurance,Massachusetts,5830917,4001962
2023,Long-term Care,Pennsylvania,6059042,5938485
2023,Cancer Insurance,Indiana,3151568,2795478
2022,Indemnity Health,Tennessee,3195190,3087814
2016,Critical Illness,North Carolina,5576765,4605972
2020,Dental & Vision,Georgia,3233268,2671610
2022,Cancer Insurance,Virginia,4058562,3602350
2023,Long-term Care,New York,12790471,14398773
2022,Accident Insurance,Texas,11340776,10227130
2020,Indemnity Health,Michigan,3704536,3625193
2016,Cancer Insurance,Washington,4864368,3110878
2021,Critical Illness,New Jersey,5133373,3506849
2022,Dental & Vision,Georgia,3179542,2400255
2024,Dental & Vision,Washington,4474198,3534844
2023,Critical Illness,Florida,7993008,5935254
2016,Accident Insurance,Indiana,2362046,1852667
2020,Indemnity Health,Maryland,3371393,3699610
2016,Accident Insurance,Maryland,4077340,3640035
2021,Dental & Vision,Arizona,3627786,3388365
2023,Indemnity Health,Georgia,5055038,4723764
2018,Accident Insurance,Texas,9377658,8665857
2022,Cancer Insurance,Pennsylvania,5011002,3570592
2023,Cancer Insurance,Missouri,2307968,1963488
2016,Cancer Insurance,Virginia,3757043,3095216
2021,Long-term Care,Arizona,4730861,5792856
2016,Dental & Vision,Illinois,4825416,3727127
2018,Accident Insurance,New York,11756558,8476294
2022,Long-term Care,Missouri,3063304,3406397
2022,Long-term Care,Indiana,3049785,3371844
2017,Cancer Insurance,New York,12596793,11254201
2017,Cancer Insurance,Michigan,3418192,2192049
2019,Critical Illness,Virginia,3545694,2964497
2016,Indemnity Health,Arizona,2989240,2247847
2018,Critical Illness,Indiana,3054474,1711907
2018,Indemnity Health,New York,11727339,12723471
2017,Long-term Care,Georgia,4834801,3920789
2016,Critical Illness,Illinois,5733150,3103379
2020,Indemnity Health,North Carolina,3438042,3659935
2022,Cancer Insurance,Pennsylvania,4417978,3587770
2015,Cancer Insurance,Wisconsin,3250374,2735185
2018,Indemnity Health,New Jersey,5640908,5394715
2018,Accident Insurance,North Carolina,4252664,3097682
2021,Long-term Care,New York,10512861,12273076
2022,Accident Insurance,Michigan,3434210,2649300
2016,Dental & Vision,Texas,10066905,7607697
2016,Critical Illness,Pennsylvania,6476833,5015758
2017,Indemnity Health,New York,10442916,9013811
2022,Cancer Insurance,California,13288858,8812194
2022,Long-term Care,California,9003492,8050326
2019,Cancer Insurance,Missouri,2694454,1662863
2016,Cancer Insurance,Maryland,3240407,2173471
2022,Cancer Insurance,New Jersey,6120434,5210449
2016,Indemnity Health,Maryland,4975900,5160754
2021,Indemnity Health,Ohio,3811468,2881539
2016,Critical Illness,Tennessee,4331350,3447180
2024,Dental & Vision,Washington,5331451,4995753
2021,Critical Illness,Tennessee,3454925,1956681
2021,Cancer Insurance,Missouri,2725774,2340288
2023,Long-term Care,Indiana,3832933,4802827
2020,Cancer Insurance,Michigan,3983052,3282221
2017,Cancer Insurance,Georgia,4184758,3297848
2022,Cancer Insurance,Illinois,6916359,6106520
2019,Dental & Vision,Arizona,4993762,3361522
2022,Dental & Vision,Massachusetts,4742460,4192564
2024,Indemnity Health,Florida,8415337,8473316
2020,Accident Insurance,Georgia,4435666,3775376
2022,Long-term Care,Illinois,6156482,6769462
2020,Dental & Vision,Georgia,5266331,4364036
2019,Indemnity Health,Pennsylvania,4403414,3635911
2023,Critical Illness,Illinois,7246116,5387547
2016,Cancer Insurance,North Carolina,5609867,3292424
2015,Accident Insurance,Wisconsin,3175793,2495866
2023,Accident Insurance,New Jersey,4531661,3975420
2016,Dental & Vision,Florida,7979728,7169346
2019,Critical Illness,Pennsylvania,6182221,4746271
2023,Critical Illness,California,11362003,10422563
2019,Cancer Insurance,Wisconsin,3452941,2555695
2022,Accident Insurance,California,11101706,10577215
2016,Indemnity Health,New Jersey,3843085,3923338
2019,Critical Illness,Tennessee,3200598,2915682
2023,Critical Illness,Massachusetts,4437597,3694176
2019,Cancer Insurance,Texas,8219691,6607738
2021,Dental & Vision,North Carolina,3369241,2932896
2016,Accident Insurance,Virginia,4017422,2363741
2017,Accident Insurance,Georgia,5011267,3583882
2020,Accident Insurance,Illinois,7421220,7562298
2024,Critical Illness,Florida,7773001,5682056
2021,Accident Insurance,Maryland,3839236,3197218
2022,Accident Insurance,Georgia,4911954,3478835
2018,Critical Illness,Massachusetts,3652208,2009298
2016,Cancer Insurance,Illinois,6546407,3872189
2015,Critical Illness,New Jersey,6218709,3402440
2017,Cancer Insurance,Maryland,4369903,3536096
2015,Accident Insurance,New Jersey,4273482,3070585
2023,Accident Insurance,Ohio,5654183,5792917
2018,Long-term Care,Arizona,4369674,5477173
2017,Long-term Care,Arizona,3893891,3609550
2016,Accident Insurance,Michigan,4532301,2928331
2022,Cancer Insurance,California,13454594,11568061
2019,Critical Illness,New Jersey,5192876,2835478
2023,Long-term Care,Florida,9061388,11873388
2015,Cancer Insurance,New York,10412810,7727349
2024,Critical Illness,New York,12612440,8864557
2017,Accident Insurance,Washington,5969363,5491535
2018,Long-term Care,Missouri,2652327,3264972
2015,Long-term Care,Michigan,3625949,3939089
2015,Indemnity Health,Georgia,4113446,3060177
2022,Accident Insurance,New Jersey,5300412,4114957
2015,Dental & Vision,Wisconsin,4045230,3019478
2022,Long-term Care,North Carolina,4882395,5170036
2016,Dental & Vision,Pennsylvania,4598493,3756219
2017,Critical Illness,Massachusetts,5068374,3341383
2018,Critical Illness,Maryland,4556064,2573919
2015,Accident Insurance,Georgia,3122127,2646262
2021,Indemnity Health,Georgia,5268150,4846226
2022,Indemnity Health,Michigan,4958604,5471622
2019,Accident Insurance,Washington,5718564,4149935
2017,Long-term Care,Massachusetts,3671279,4365131
2019,Indemnity Health,North Carolina,3472648,3665461
2019,Accident Insurance,Michigan,4763518,3638319
2017,Cancer Insurance,Tennessee,3896261,2426887
2018,Indemnity Health,Tennessee,2828033,2400287
2021,Accident Insurance,California,14905948,12754468
2017,Critical Illness,Virginia,5218371,3560690
2015,Dental & Vision,Pennsylvania,5955596,4622757
2017,Dental & Vision,Tennessee,3822620,2837075
2016,Accident Insurance,Wisconsin,3731390,2556281
2018,Cancer Insurance,Illinois,6482302,5185736
2015,Long-term Care,Florida,9975371,9757671
2024,Dental & Vision,Georgia,3215045,3292502
2016,Indemnity Health,Virginia,4620324,3862552
2016,Indemnity Health,New York,12784700,11508740
2021,Cancer Insurance,Texas,9016129,7007135
2015,Cancer Insurance,Tennessee,4205986,2830054
2017,Accident Insurance,Maryland,5181201,4863054
2021,Accident Insurance,Wisconsin,4056891,3636172
2023,Accident Insurance,Missouri,2922678,2259955
2016,Dental & Vision,Texas,9802375,7046486
2024,Dental & Vision,Indiana,2770039,2834138
2020,Dental & Vision,Wisconsin,4048099,3427059
2015,Indemnity Health,Pennsylvania,4991447,3858899
2019,Indemnity Health,California,11050101,12104016
2016,Accident Insurance,Indiana,3284958,2936985
2018,Cancer Insurance,Texas,10706388,6928003
2020,Long-term Care,Ohio,4517411,5570535
2021,Indemnity Health,Arizona,4670130,5084400
2015,Cancer Insurance,North Carolina,5792211,3383310
2022,Cancer Insurance,Washington,4286405,3068692
2023,Critical Illness,New York,10892537,6289519
2016,Accident Insurance,Michigan,3453914,2307018
2023,Indemnity Health,New Jersey,5434555,5337849
2017,Indemnity Health,Tennessee,4192377,4779098
2023,Long-term Care,Virginia,5180694,5546595
2016,Critical Illness,Ohio,5678139,3989260
2019,Accident Insurance,California,11364314,7822852
2018,Dental & Vision,Georgia,4789256,3014852
2021,Indemnity Health,New York,10054243,8272764
2021,Long-term Care,Massachusetts,4361990,3752246
2018,Dental & Vision,Georgia,3423894,3196207
2021,Accident Insurance,Pennsylvania,6073376,5183547
2024,Critical Illness,New Jersey,5602766,3084865
2015,Dental & Vision,Pennsylvania,5271662,4417401
2022,Long-term Care,Ohio,5634293,5422799
2018,Cancer Insurance,Ohio,5943461,5091418
2017,Indemnity Health,Wisconsin,2870744,3126399
2021,Long-term Care,North Carolina,5667391,5517090
2016,Accident Insurance,New York,12166843,8158163
2015,Indemnity Health,New York,11448575,10374199
2024,Cancer Insurance,Indiana,2839674,1917904
2023,Critical Illness,Georgia,3969164,3212369
2015,Long-term Care,Pennsylvania,5046650,5382116
2015,Accident Insurance,Virginia,3734329,2860665
2020,Dental & Vision,Missouri,4050129,2580131
2024,Dental & Vision,North Carolina,3639366,3351129
2021,Cancer Insurance,Michigan,3293296,2044086
2017,Cancer Insurance,Illinois,7240291,5726250
2024,Cancer Insurance,Michigan,3967022,4103788
2022,Indemnity Health,Virginia,5114906,5171699
2017,Dental & Vision,Maryland,3637063,3121304
2020,Critical Illness,Michigan,3168146,2289871
2021,Indemnity Health,New Jersey,4999561,4353488
2023,Long-term Care,California,13107131,15948882
2022,Dental & Vision,North Carolina,4791856,4355399
2019,Critical Illness,Florida,8825328,6832443
2015,Accident Insurance,Washington,5250012,3706754
2017,Dental & Vision,Michigan,4270840,2730317
2021,Accident Insurance,California,10964231,8776485
2019,Indemnity Health,New York,9982766,9895108
2017,Accident Insurance,Michigan,3830110,3309463
2021,Long-term Care,New Jersey,6449743,6909359
2019,Long-term Care,Washington,5545973,5390519
2019,Accident Insurance,Illinois,7412820,6779240
2017,Critical Illness,North Carolina,4424181,3161991
2021,Cancer Insurance,Ohio,5765103,3512782
2018,Accident Insurance,New York,10627244,7178770
2021,Critical Illness,Tennessee,3844267,2900900
2015,Critical Illness,Missouri,3805430,2134580
2019,Long-term Care,Indiana,2842009,3017511
2016,Critical Illness,Arizona,3265041,2478849
2019,Cancer Insurance,Indiana,3818537,3196277
2019,Long-term Care,Illinois,5079032,5544403
2019,Long-term Care,Georgia,3666266,3702154
2023,Accident Insurance,New Jersey,5464165,4654597
2022,Long-term Care,Texas,10740152,10540957
2016,Long-term Care,New Jersey,4463426,3788317
2017,Long-term Care,North Carolina,4140848,4365449
2018,Accident Insurance,Pennsylvania,4932946,4570521
2020,Long-term Care,North Carolina,5571234,6314721
2018,Indemnity Health,Missouri,3083346,3202619
2022,Dental & Vision,Illinois,6837618,5878902
2020,Indemnity Health,Tennessee,3920590,4028134
2018,Critical Illness,Indiana,3791621,2908660
2021,Long-term Care,Ohio,3939853,3589481
2020,Indemnity Health,Virginia,4211970,3351334
2019,Accident Insurance,Indiana,3687551,3110113
2016,Accident Insurance,Indiana,3616149,2994051
2016,Indemnity Health,Tennessee,3015032,2896998
2017,Cancer Insurance,California,10560767,9203183
2016,Dental & Vision,Massachusetts,5531908,4307554
2023,Accident Insurance,New York,11885298,10138639
2018,Indemnity Health,Ohio,3805674,3707306
2015,Dental & Vision,Florida,7941979,6653475
2023,Long-term Care,California,10194621,10192878
2015,Dental & Vision,Texas,8880237,6580216
2019,Dental & Vision,Tennessee,3701605,2844031
2023,Dental & Vision,Maryland,3539284,2477471
2023,Dental & Vision,New Jersey,6015966,4264063
2024,Long-term Care,Virginia,5094409,5624065
2018,Long-term Care,Illinois,5702909,6250962
2015,Cancer Insurance,Tennessee,3019923,1679726
2015,Dental & Vision,Georgia,4865357,3501371
2016,Cancer Insurance,Wisconsin,4132424,3652215
2024,Dental & Vision,Virginia,3369074,3118080
2018,Critical Illness,Washington,5556014,3919377
2017,Cancer Insurance,Texas,7731332,6272937
2020,Critical Illness,Pennsylvania,4645235,2278018
2020,Critical Illness,Missouri,3944535,3466152
2017,Long-term Care,New Jersey,5796540,6468318
2021,Long-term Care,Michigan,3241809,3318471
2020,Cancer Insurance,Massachusetts,4291979,2606893
2020,Dental & Vision,Indiana,2631961,1864179
2024,Critical Illness,Florida,7843256,5600196
2023,Indemnity Health,Michigan,3724827,3422546
2021,Cancer Insurance,Washington,3863170,3643951
2021,Dental & Vision,Michigan,3674659,3503518
2015,Cancer Insurance,Maryland,3946535,2833267
2018,Accident Insurance,Tennessee,2644645,2189724
2017,Cancer Insurance,Florida,7439885,4501314
2024,Cancer Insurance,North Carolina,4887440,3894650
2016,Critical Illness,Illinois,5544147,4460445
2022,Dental & Vision,Texas,9048396,7989193
2019,Critical Illness,Texas,11317206,8836024
2023,Cancer Insurance,Ohio,4681566,3366471
2019,Long-term Care,California,13232458,13295384
2020,Cancer Insurance,Florida,9115086,5944149
2016,Dental & Vision,Maryland,3902668,3632364
2022,Long-term Care,Massachusetts,5379842,6691792
2017,Cancer Insurance,Texas,9132582,6007297
2017,Cancer Insurance,Indiana,3400147,2940861
2022,Cancer Insurance,New York,8700556,6474203
2019,Critical Illness,Pennsylvania,4138438,3500974
2022,Critical Illness,Texas,8789875,7199111
2024,Long-term Care,Arizona,3354321,3374486
2018,Accident Insurance,North Carolina,3259394,2671232
2015,Accident Insurance,Ohio,4247627,2692230
2019,Indemnity Health,Texas,9999377,9396020
2018,Accident Insurance,California,9214189,7571395
2015,Critical Illness,Michigan,4570322,3354452
2022,Critical Illness,Massachusetts,4091300,3126764
2016,Dental & Vision,Georgia,3055749,2236446
2020,Accident Insurance,Pennsylvania,4100741,2634704
2015,Long-term Care,Ohio,4201139,5247228
2017,Indemnity Health,Virginia,4001032,2998878
2015,Dental & Vision,California,12747593,9880387
2018,Cancer Insurance,Georgia,4412532,3787172
2020,Long-term Care,Florida,8207322,9539389
2018,Critical Illness,California,14523834,12138932
2024,Indemnity Health,Virginia,5257067,4641526
2021,Cancer Insurance,New York,11484007,10226493
2017,Indemnity Health,New York,12925248,12759212
2019,Dental & Vision,California,11849878,11315907
2018,Dental & Vision,Wisconsin,3256473,2043454
2021,Indemnity Health,Washington,3699002,4142786
2023,Indemnity Health,Massachusetts,4338177,3757199
2024,Indemnity Health,California,14468896,14580263
2017,Accident Insurance,Washington,4225149,3654584
2017,Long-term Care,Maryland,5197268,5943220
2019,Long-term Care,Virginia,4225663,4600050
2015,Accident Insurance,New Jersey,4011627,2373248
2022,Cancer Insurance,Virginia,4103155,3634445
2017,Long-term Care,Wisconsin,4255848,3913119
2024,Dental & Vision,Georgia,5309954,4169612
2016,Dental & Vision,New York,10513539,7224866
2016,Long-term Care,California,9756154,9829502
2018,Accident Insurance,Washington,4653018,4376466
2023,Accident Insurance,North Carolina,5579208,4553613
2017,Cancer Insurance,Michigan,4367841,3346817
2018,Accident Insurance,New York,12917384,8935767
2018,Critical Illness,Maryland,4180763,3396247
2018,Dental & Vision,New Jersey,3897274,2628285
2016,Long-term Care,Maryland,4109389,4222143
2022,Indemnity Health,Texas,7849927,8967472
2018,Accident Insurance,Indiana,3427132,2709513
2021,Dental & Vision,Washington,3634310,3430365
2021,Long-term Care,Michigan,4904809,5290587
2017,Cancer Insurance,Missouri,2609570,1837383
2019,Accident Insurance,Ohio,5985249,4937586
2017,Cancer Insurance,Indiana,2871163,2036857
2019,Critical Illness,North Carolina,3864593,2469752
2021,Indemnity Health,Pennsylvania,6440389,6535738
2022,Accident Insurance,North Carolina,5738825,4445637
2018,Cancer Insurance,Missouri,2862282,2126707
2018,Cancer Insurance,Washington,5221815,3162897
2016,Long-term Care,Florida,7378046,6651966
2022,Indemnity Health,Texas,9724896,8928107
2020,Critical Illness,Illinois,7233901,6818350
2020,Indemnity Health,Maryland,4517068,4611258
2015,Cancer Insurance,Ohio,4704088,2871728
2024,Indemnity Health,Wisconsin,3629393,3304235
2016,Critical Illness,Georgia,3799319,1976275
2022,Dental & Vision,North Carolina,4823473,4845232
2021,Critical Illness,Wisconsin,3864031,2704146
2022,Indemnity Health,Illinois,7057032,7875220
2022,Long-term Care,Arizona,4828558,4629848
2018,Accident Insurance,Missouri,2762856,2575014
2022,Critical Illness,Maryland,3596072,3201467
2023,Dental & Vision,Texas,8010073,7062841
2023,Critical Illness,Ohio,4289105,2921954
2020,Critical Illness,Maryland,4176497,3227825
2018,Accident Insurance,North Carolina,4327119,2766233
2018,Dental & Vision,Missouri,3551423,3404235
2018,Long-term Care,Massachusetts,3989679,4557684
2019,Long-term Care,Tennessee,4282161,4594027
2016,Cancer Insurance,Massachusetts,5840132,4257656
2021,Long-term Care,Ohio,4533221,4934081
2016,Dental & Vision,Florida,6787885,5610053
2015,Dental & Vision,Ohio,5425176,4695492
2020,Long-term Care,Tennessee,3321994,2908106
2021,Dental & Vision,Georgia,3609796,2993394
2024,Dental & Vision,Tennessee,4357548,3638936
2024,Dental & Vision,Arizona,3191582,2919754
2022,Cancer Insurance,New Jersey,5702233,3603956
2022,Dental & Vision,Virginia,3707855,2744309
2016,Accident Insurance,Maryland,3488323,3121471
2015,Critical Illness,California,14210430,7705563
2023,Critical Illness,Texas,11022131,6279125
2020,Long-term Care,New Jersey,3891025,4512276
2015,Long-term Care,Florida,7296262,6158523
2016,Accident Insurance,Wisconsin,4040078,2854267
2020,Dental & Vision,Arizona,4640593,4694863
2022,Accident Insurance,Tennessee,3582685,2463970
2021,Long-term Care,Washington,4279739,4657262
2020,Dental & Vision,Pennsylvania,4618733,3411964
2023,Indemnity Health,Washington,5917343,4395387
2018,Critical Illness,Missouri,4004889,2824374
2023,Cancer Insurance,Texas,11369712,11139099
2017,Long-term Care,Michigan,4179512,3387483
2015,Long-term Care,Washington,5006807,5271604
2022,Critical Illness,Georgia,4597290,3618136
2022,Dental & Vision,Texas,10061200,8776683
2018,Dental & Vision,Indiana,3315543,3111099
2018,Long-term Care,Michigan,4619007,4055603
2020,Accident Insurance,Florida,6172236,3803392
2019,Dental & Vision,Washington,5670100,4453727
2019,Accident Insurance,Ohio,4288437,4018180
2021,Cancer Insurance,North Carolina,5563714,4218877
2016,Cancer Insurance,Tennessee,3921824,2372087
2020,Long-term Care,Missouri,3547021,3715594
2015,Long-term Care,Tennessee,4109388,4365522
2021,Cancer Insurance,Missouri,2888288,1843314
2015,Long-term Care,Virginia,3832410,3276759
2018,Accident Insurance,Missouri,4100083,3013656
2018,Cancer Insurance,Wisconsin,3319129,3113699
2017,Accident Insurance,Michigan,3093299,2115876
2017,Dental & Vision,North Carolina,3775740,2784618
2018,Dental & Vision,North Carolina,4765754,4112726
2023,Dental & Vision,New York,9598309,7878184
2022,Indemnity Health,Texas,10600702,8304729
2019,Critical Illness,Texas,10045695,8324232
2024,Dental & Vision,Michigan,3623053,2844570
2021,Long-term Care,Texas,10975106,11918856
2024,Accident Insurance,New York,12710400,10091092
2023,Critical Illness,Texas,9401383,8175629
2020,Cancer Insurance,Texas,10808248,5979134
2015,Critical Illness,California,11782630,5634626
2019,Long-term Care,Maryland,5024927,5265267
2024,Indemnity Health,New York,10854398,8872940
2024,Long-term Care,Wisconsin,3978968,4845695
2016,Dental & Vision,Indiana,3225965,2851742
2017,Cancer Insurance,Arizona,4008225,3330733
2015,Cancer Insurance,Virginia,3722086,3057318
2024,Accident Insurance,New Jersey,6076546,4878340
2019,Dental & Vision,Florida,6723614,4920427
2017,Accident Insurance,Washington,5732585,3623725
2018,Dental & Vision,Florida,7544524,6252540
2024,Cancer Insurance,North Carolina,3806805,3384178
2023,Indemnity Health,Ohio,4210160,3779471
2018,Dental & Vision,Georgia,3029839,2559701
2018,Cancer Insurance,Massachusetts,4274794,3040809
2023,Critical Illness,Texas,8424789,5881177
2019,Cancer Insurance,New Jersey,6395157,5160907
2024,Cancer Insurance,Wisconsin,3496509,3246472
2015,Indemnity Health,North Carolina,3223256,3458840
2020,Long-term Care,Ohio,4211184,5577964
2024,Accident Insurance,Georgia,3851713,2818939
2018,Long-term Care,Wisconsin,2878715,2840099
2016,Dental & Vision,Arizona,3316310,2961075
2021,Critical Illness,Virginia,4375075,2732835
2017,Critical Illness,New York,8247078,6274819
2021,Dental & Vision,Wisconsin,3080530,2182930
2021,Cancer Insurance,Pennsylvania,6380302,4914249
2016,Indemnity Health,Massachusetts,5648324,4407441
2019,Dental & Vision,Illinois,4512540,3082833
2015,Accident Insurance,Florida,9980882,6579066
2018,Accident Insurance,Massachusetts,5135331,4255043
2022,Critical Illness,Ohio,5357133,4180690
2017,Long-term Care,Florida,9970238,9650782
2023,Critical Illness,New Jersey,6287805,4690908
2021,Accident Insurance,Missouri,3508447,2407641
2016,Long-term Care,New Jersey,5569328,6064170
2017,Accident Insurance,New Jersey,5836368,3302048
2017,Indemnity Health,Virginia,3390293,2534016
2016,Indemnity Health,Ohio,5646592,4831527
2024,Indemnity Health,Texas,9740576,8493113
2019,Cancer Insurance,Arizona,2857210,2428676
2020,Indemnity Health,Florida,6309899,5628462
2020,Critical Illness,Georgia,3013826,2068666
2024,Long-term Care,Tennessee,2903621,2782777
2024,Indemnity Health,Michigan,4650922,4912942
2016,Critical Illness,Arizona,4008248,2151531
2022,Critical Illness,California,10434915,6345262
2015,Dental & Vision,Florida,6534132,5285863
2024,Long-term Care,Michigan,4148207,4615870
2020,Dental & Vision,Indiana,2453473,1858690
2020,Cancer Insurance,California,11519877,11033946
2018,Critical Illness,Missouri,2753156,2310677
2018,Accident Insurance,Indiana,2260129,2021656
2024,Indemnity Health,Georgia,5454342,4932661
2017,Dental & Vision,Wisconsin,2803173,2614523
2016,Critical Illness,Virginia,4354194,2883847
2022,Accident Insurance,California,14267656,12959605
2021,Cancer Insurance,Virginia,3254509,1792390
2019,Accident Insurance,North Carolina,5438333,3887044
2015,Critical Illness,Ohio,5287073,3697528
2022,Critical Illness,Massachusetts,5328006,2866902
2024,Critical Illness,Massachusetts,5346147,4497845
2019,Long-term Care,Virginia,3892946,3998858
2021,Dental & Vision,Missouri,2977195,2616647
2022,Accident Insurance,Missouri,2490999,2117363
2016,Indemnity Health,Virginia,5062085,3994052
2020,Cancer Insurance,Pennsylvania,5119532,4218266
2018,Critical Illness,Florida,9700500,7402466
2021,Critical Illness,New Jersey,4234230,3237499
2019,Cancer Insurance,Ohio,5516333,4729987
2016,Dental & Vision,Washington,4938971,4811616
2021,Dental & Vision,Indiana,3405232,3083784
2019,Critical Illness,Arizona,3918927,3012293
2018,Indemnity Health,Wisconsin,2786153,2385342
2016,Indemnity Health,Georgia,5462811,4763218
2022,Long-term Care,Tennessee,3765041,3485280
2023,Accident Insurance,Texas,10350169,6573793
2015,Indemnity Health,New York,9687377,9104533
2018,Long-term Care,North Carolina,3243140,3550151
2016,Accident Insurance,Pennsylvania,6521023,4684254
2024,Critical Illness,Florida,9075744,5432323
2017,Long-term Care,Missouri,2420635,2847006
2022,Long-term Care,Georgia,5471419,4843019
2020,Long-term Care,California,14235958,14622588
2020,Accident Insurance,Georgia,4431991,3507496
2019,Dental & Vision,Arizona,4485964,3852916
2016,Long-term Care,Indiana,3539904,3970391
2020,Accident Insurance,Pennsylvania,6616562,5341250
2018,Critical Illness,New Jersey,6387632,5278862
2021,Accident Insurance,North Carolina,5198300,4266121
2015,Dental & Vision,Maryland,3192638,2697787
2016,Cancer Insurance,Tennessee,3685184,2303316
2016,Long-term Care,Massachusetts,3992180,3892235
2019,Cancer Insurance,California,10208112,8223898
2022,Cancer Insurance,Illinois,4674764,3638443
2018,Dental & Vision,North Carolina,5137043,4645981
2019,Cancer Insurance,Wisconsin,2704610,1991734
2015,Long-term Care,Ohio,4941965,5521521
2019,Indemnity Health,Michigan,3893216,3291692
2020,Accident Insurance,Arizona,3320932,3155399
2021,Dental & Vision,Georgia,5134444,4126609
2015,Indemnity Health,California,14547078,11178114
2019,Critical Illness,California,14057475,9546794
2018,Accident Insurance,Washington,5765009,4539020
2017,Long-term Care,Florida,7147707,8014754
2016,Accident Insurance,Maryland,4152159,2996915
2020,Dental & Vision,Missouri,2533747,1841295
2020,Accident Insurance,Texas,10321562,8361698
2018,Indemnity Health,Pennsylvania,6658542,5135120
2018,Long-term Care,California,11945092,15038325
2017,Long-term Care,Florida,6486000,8089622
2021,Dental & Vision,Illinois,5289393,4063329
2023,Cancer Insurance,Michigan,3764392,2796438
2022,Indemnity Health,Indiana,3936552,4062293
2018,Critical Illness,California,12998084,11784713
2019,Indemnity Health,Washington,5567736,5707208
2023,Cancer Insurance,Illinois,6032415,5239892
2015,Critical Illness,Texas,10055934,5990047
2019,Critical Illness,Washington,4139744,2564374
2024,Cancer Insurance,Washington,4991471,4890548
2017,Long-term Care,Texas,9934317,10911625
2021,Accident Insurance,Washington,5367743,3620613
2017,Critical Illness,Florida,9200695,6012795
2019,Cancer Insurance,New York,8515361,5274100
2019,Indemnity Health,Maryland,3584942,2539695
2022,Dental & Vision,New Jersey,4646104,4320436
2015,Dental & Vision,Wisconsin,3546217,2909494
2022,Cancer Insurance,Arizona,4847418,3235726
2016,Long-term Care,Wisconsin,3614994,3941354
2017,Dental & Vision,Tennessee,3227556,2589693
2023,Cancer Insurance,Ohio,3697592,3140831
2020,Cancer Insurance,Missouri,3975304,3704472
2017,Indemnity Health,Wisconsin,4101891,3040373
2022,Critical Illness,Florida,8569112,6248391
2024,Long-term Care,Tennessee,2599058,2623961
2021,Dental & Vision,Arizona,3391973,2501173
2024,Dental & Vision,Indiana,2758871,1996821
2017,Indemnity Health,Indiana,2347645,2508238
2018,Dental & Vision,New York,12293775,8368576
2016,Cancer Insurance,Arizona,3052392,2689836
2019,Cancer Insurance,Indiana,3465648,2947903
2018,Accident Insurance,Texas,11360347,9000456
2020,Dental & Vision,Illinois,6927043,5007954
2015,Accident Insurance,Washington,3722832,2256262
2024,Indemnity Health,Ohio,3985820,3859560
2016,Long-term Care,North Carolina,4681889,4870541
2023,Indemnity Health,Pennsylvania,4195775,4337538
2017,Indemnity Health,Tennessee,4022488,4220191
2019,Dental & Vision,Texas,8989662,6312046
2017,Critical Illness,Virginia,5076224,3816761
2018,Long-term Care,Massachusetts,6110057,6581416
2015,Dental & Vision,Arizona,3666625,3344524
2020,Long-term Care,New York,8323275,6890260
2017,Critical Illness,North Carolina,5135276,3530550
2017,Accident Insurance,Florida,8950305,6554223
2022,Dental & Vision,Georgia,3335870,2562421
2015,Long-term Care,Massachusetts,5801245,6569061
2018,Long-term Care,Massachusetts,4733396,4533039
2020,Long-term Care,Missouri,3763100,3626342
2020,Cancer Insurance,Ohio,5496401,4982791
2015,Long-term Care,Illinois,5496349,4773194
2018,Dental & Vision,Illinois,6935210,6005325
2021,Long-term Care,Maryland,3424245,3430368
2023,Critical Illness,New Jersey,4783491,3976716
2018,Critical Illness,North Carolina,4493266,2313238
2023,Accident Insurance,Texas,8370456,5491036
2019,Indemnity Health,Virginia,3272115,3122588
2022,Indemnity Health,Arizona,4094225,3761452
2019,Cancer Insurance,Ohio,5083885,3684422
2023,Accident Insurance,Texas,9505272,8588502
2019,Indemnity Health,North Carolina,4508152,4345214
2019,Indemnity Health,North Carolina,4262295,4235523
2017,Accident Insurance,Georgia,3001439,2394001
2022,Accident Insurance,Pennsylvania,6601201,4843176
2018,Accident Insurance,Ohio,4665106,3509439
2015,Accident Insurance,Ohio,5995480,4845910
2020,Critical Illness,Arizona,4082058,3144530
2018,Dental & Vision,Michigan,3735271,2687877
2018,Cancer Insurance,Massachusetts,5920082,5122396
2021,Cancer Insurance,Florida,8796089,8355933
2020,Long-term Care,Georgia,4732366,4974709
2016,Long-term Care,Michigan,3803597,3818953
2020,Long-term Care,New York,11103259,11327477
2019,Critical Illness,Michigan,3707911,3250313
2023,Critical Illness,Michigan,3013834,2747462
2019,Accident Insurance,Indiana,2771043,2237645
2015,Long-term Care,North Carolina,4035126,4014354
2018,Critical Illness,Texas,9697178,5882795
2023,Indemnity Health,California,9216483,8073614
2016,Critical Illness,Wisconsin,3549727,2725106
2022,Accident Insurance,Illinois,5241298,4533905
2016,Long-term Care,New Jersey,6239436,5805732
2019,Indemnity Health,Arizona,3328562,2921592
2018,Accident Insurance,Tennessee,3521430,2674327
2015,Long-term Care,Tennessee,2690621,3257406
2021,Critical Illness,Pennsylvania,6366976,5648669
2020,Indemnity Health,Michigan,3721707,3883476
2024,Indemnity Health,Texas,10393740,9835795
2023,Dental & Vision,Missouri,3250459,3022051
2015,Accident Insurance,Pennsylvania,4164633,3320241
2017,Critical Illness,Massachusetts,4044014,2960012
2020,Indemnity Health,Michigan,4148491,4543305
2015,Accident Insurance,Tennessee,4265451,3144416
2016,Critical Illness,Florida,8069203,6967451
2024,Long-term Care,Michigan,3252091,2950530
2016,Cancer Insurance,Florida,9347671,4996970
2020,Long-term Care,Virginia,4666210,5170473
2019,Critical Illness,North Carolina,5505645,4179545
2017,Indemnity Health,Virginia,4834462,4572382
2019,Critical Illness,Texas,11024883,8977885
2020,Critical Illness,Florida,7606522,6917428
2020,Cancer Insurance,California,11692184,8440992
2020,Critical Illness,Virginia,4035831,2218108
2018,Long-term Care,Washington,3755288,3395321
2024,Accident Insurance,Arizona,2876741,2405396
2021,Cancer Insurance,Wisconsin,3193483,2146707
2017,Critical Illness,New Jersey,4489633,2776591
2018,Dental & Vision,North Carolina,5484646,4913891
2022,Accident Insurance,Arizona,4388515,3767190
2018,Critical Illness,Michigan,4911283,4127258
2023,Accident Insurance,Ohio,5415106,3865611
2018,Long-term Care,California,11593150,11452526
2024,Critical Illness,Tennessee,4235045,2971000
2015,Indemnity Health,Tennessee,3754173,2722453
2017,Accident Insurance,Massachusetts,6144854,5862926
2023,Cancer Insurance,Florida,9857406,7608328
2018,Long-term Care,Washington,5568866,5507655
2021,Cancer Insurance,Indiana,3777266,3212690
2021,Critical Illness,North Carolina,4205828,2967592
2023,Critical Illness,Wisconsin,2905612,2398667
2019,Indemnity Health,Georgia,5037020,5533856
2021,Indemnity Health,Michigan,3527606,3436131
2020,Accident Insurance,New York,8224817,6611061
2015,Accident Insurance,California,9413651,7171039
2024,Critical Illness,California,10264133,7417663
2020,Dental & Vision,Massachusetts,5608439,5410668
2017,Long-term Care,Texas,9437309,11850392
2018,Accident Insurance,Massachusetts,4099227,3256633
2020,Critical Illness,Ohio,5053448,3876138
2023,Long-term Care,Michigan,3469430,4188590
2019,Long-term Care,Virginia,4470842,4900196
2022,Cancer Insurance,New Jersey,3938190,2392704
2020,Long-term Care,California,12118402,13331553
2022,Cancer Insurance,Illinois,6694467,4249295
2024,Indemnity Health,New Jersey,5570253,4516640
2023,Indemnity Health,Texas,11588166,12771613
2020,Cancer Insurance,Tennessee,3485514,2064454
2022,Critical Illness,Arizona,3604124,2237475
2023,Long-term Care,Tennessee,3786099,4415595
2016,Dental & Vision,Georgia,3427037,3045583
2018,Cancer Insurance,Michigan,4443595,3549370
2016,Indemnity Health,Maryland,4704098,4481061
2017,Long-term Care,Georgia,5433552,5058977
2021,Dental & Vision,Indiana,2451623,2158182
2021,Dental & Vision,California,9051399,7025393
2020,Critical Illness,Virginia,4600721,3971459
2016,Indemnity Health,Wisconsin,2586597,2584301
2021,Long-term Care,New Jersey,5698691,4990637
2016,Indemnity Health,Missouri,3886847,2980526
2015,Long-term Care,Maryland,4233870,4593688
2015,Dental & Vision,Arizona,4270652,3835266
2016,Indemnity Health,Wisconsin,3312594,3479454
2019,Cancer Insurance,Maryland,3425737,2133353
2022,Cancer Insurance,Maryland,3179121,2772061
2016,Cancer Insurance,New York,12401316,7205845
2021,Long-term Care,Michigan,3273813,3529437
2016,Critical Illness,Arizona,3294623,2079402
2022,Dental & Vision,Washington,3729902,3279511
2019,Dental & Vision,Massachusetts,5005610,4382730
2017,Indemnity Health,Georgia,4349919,3733932
2018,Accident Insurance,Ohio,3523995,2134286
2021,Critical Illness,Michigan,4309559,3555141
2015,Cancer Insurance,Michigan,3631559,2062162
2024,Accident Insurance,Washington,3754217,2931486
2023,Critical Illness,Missouri,3807381,2641646
2023,Cancer Insurance,Georgia,3012261,2243675
2015,Critical Illness,Tennessee,4165957,2334294
2022,Critical Illness,Ohio,3677699,3228524
2016,Critical Illness,New Jersey,3827056,3076254
2021,Dental & Vision,Virginia,3857550,3392902
2022,Critical Illness,Michigan,3931588,2504751
2018,Indemnity Health,Pennsylvania,4662316,4991255
2017,Critical Illness,Washington,4011762,3042492
2023,Indemnity Health,New York,10816947,11800230
2018,Accident Insurance,New Jersey,4435455,3950506
2017,Cancer Insurance,California,13647899,11098471
2020,Critical Illness,New York,10761473,6596994
2017,Dental & Vision,New York,9337378,8444842
2023,Long-term Care,Massachusetts,5475778,5864171
2021,Cancer Insurance,New York,8601893,5728028
2021,Indemnity Health,Georgia,4350275,4014622
2018,Long-term Care,Arizona,3665242,3668032
2023,Long-term Care,Virginia,5159186,5182420
2022,Dental & Vision,Missouri,3593569,2541012
2021,Long-term Care,Missouri,3772930,3767525
2016,Long-term Care,Indiana,2600889,3158466
2016,Dental & Vision,Pennsylvania,6536918,5743381
2015,Dental & Vision,Pennsylvania,4797017,4096925
2017,Long-term Care,Illinois,4718328,4025031
2021,Cancer Insurance,North Carolina,4273847,3519593
2023,Long-term Care,Arizona,4772875,5849621
2022,Accident Insurance,Arizona,4160873,3538040
2023,Indemnity Health,Virginia,4922977,5333387
2017,Indemnity Health,Michigan,4205475,3301311
2015,Indemnity Health,Maryland,4951413,5180719
2018,Long-term Care,Virginia,4213620,4650914
2017,Cancer Insurance,Virginia,4773459,3394141
2018,Dental & Vision,Washington,4397517,2935682
2019,Cancer Insurance,Georgia,4965980,4520186
2015,Accident Insurance,Wisconsin,2696195,2208704
2017,Long-term Care,Missouri,4150490,3873047
2016,Cancer Insurance,Massachusetts,4745100,3277511
2019,Critical Illness,Michigan,4088195,2888148
2020,Dental & Vision,New Jersey,4896508,4088920
2022,Dental & Vision,Missouri,3525695,3567843
2015,Dental & Vision,Massachusetts,3990467,3148863
2021,Indemnity Health,Washington,5506558,5323485
2022,Accident Insurance,Arizona,4311084,3208611
2023,Cancer Insurance,Ohio,5449034,4080512
2023,Cancer Insurance,Michigan,4411006,3537892
2015,Indemnity Health,Massachusetts,4471525,3986517
2019,Long-term Care,Georgia,5034063,6199448
2015,Cancer Insurance,Virginia,4036637,3369186
2024,Critical Illness,Massachusetts,4703773,3350097
2024,Indemnity Health,Ohio,5515346,5102347
2021,Accident Insurance,Arizona,3427757,2492402
2020,Indemnity Health,New Jersey,6000904,5417389
2019,Long-term Care,Michigan,4373439,5291984
2021,Accident Insurance,California,13011279,9136146
2016,Long-term Care,New York,9010501,7539465
2016,Indemnity Health,Virginia,3556540,2676419
2018,Long-term Care,Virginia,4421403,4550245
2024,Critical Illness,Texas,10749375,7123433
2015,Accident Insurance,California,10661854,8417818
2024,Accident Insurance,New Jersey,4347039,3866897
2024,Cancer Insurance,Wisconsin,3609227,2571261
2022,Critical Illness,New York,9011786,5851360
2015,Accident Insurance,Indiana,2604917,1624437
2017,Indemnity Health,Maryland,4103830,3839133
2021,Accident Insurance,Illinois,5391529,5151022
2015,Cancer Insurance,Illinois,6159965,5471879
2019,Critical Illness,California,9741780,5594774
2022,Critical Illness,Tennessee,3847981,3410579
2017,Indemnity Health,Arizona,3001403,3224568
2024,Indemnity Health,Florida,9315784,8244092
2020,Cancer Insurance,Tennessee,3919068,3489127
2018,Long-term Care,Illinois,4984190,6205028
2015,Cancer Insurance,Pennsylvania,4652549,2868305
2017,Indemnity Health,Arizona,4501448,3793860
2024,Critical Illness,Georgia,3342228,1731479
2020,Indemnity Health,Tennessee,4064707,3193931
2018,Critical Illness,New York,8681845,6632290
2024,Indemnity Health,Washington,4696502,4449614
2018,Long-term Care,Maryland,3209305,3399318
2019,Critical Illness,Tennessee,4378694,2699952
2021,Indemnity Health,New York,11079152,8335500
2023,Cancer Insurance,Texas,11523660,11108722
2021,Accident Insurance,Maryland,5088837,5149752
2024,Long-term Care,Missouri,3047087,3414075
2022,Long-term Care,Texas,9472507,8826997
2020,Accident Insurance,Georgia,3761805,2763245
2022,Dental & Vision,Florida,8286347,7054684
2024,Cancer Insurance,Illinois,6929654,5484051
2017,Accident Insurance,New Jersey,5118638,3844756
2022,Critical Illness,Ohio,5879427,3701773
2015,Cancer Insurance,Illinois,7301997,5660457
2019,Long-term Care,Ohio,5888814,5387533
2022,Dental & Vision,Illinois,6058308,4554434
2018,Dental & Vision,Texas,10046563,8432306
2015,Indemnity Health,Texas,8660410,7188232
2017,Critical Illness,Florida,9038359,5415571
2015,Indemnity Health,New York,12071951,8983720
2018,Cancer Insurance,California,10461965,9645003
2020,Dental & Vision,Florida,9324432,7431107
2024,Dental & Vision,Ohio,4198011,3371612
2020,Long-term Care,Wisconsin,2790692,2987352
2018,Cancer Insurance,Arizona,4426202,3382250
2017,Cancer Insurance,Florida,6394941,5792857
2023,Dental & Vision,Virginia,3891897,3847583
2023,Accident Insurance,California,9084699,8391883
2015,Cancer Insurance,Illinois,7013751,3803249
2024,Cancer Insurance,North Carolina,5047347,4361943
2023,Long-term Care,Washington,5906994,6614461
2023,Accident Insurance,Indiana,3136690,2688355
2018,Cancer Insurance,Wisconsin,2846387,1608993
2015,Indemnity Health,Illinois,7097874,5436014
2020,Indemnity Health,Missouri,3924475,3557789
2023,Long-term Care,Missouri,2501787,3030193
2022,Critical Illness,Michigan,3488125,2035363
2021,Dental & Vision,Florida,9522323,7273615
2021,Long-term Care,Arizona,4655145,4641474
2017,Dental & Vision,Georgia,3659701,2668200
2021,Long-term Care,Wisconsin,3302069,3502127
2017,Long-term Care,Georgia,4944405,4753654
2016,Indemnity Health,Tennessee,2635114,2604748
2021,Critical Illness,Tennessee,4279194,3428342
2018,Long-term Care,Massachusetts,3841307,3849727
2021,Cancer Insurance,New Jersey,4372935,4268611
2022,Dental & Vision,Indiana,3931306,2960535
2019,Long-term Care,Arizona,4066477,4084699
2021,Dental & Vision,Massachusetts,3782704,3435926
2024,Long-term Care,Georgia,3873463,3787729
2019,Long-term Care,New Jersey,6347368,6395081
2016,Cancer Insurance,Wisconsin,2811015,1666407
2019,Long-term Care,Maryland,5026555,5592106
2024,Indemnity Health,Michigan,3782874,4218684
2019,Cancer Insurance,Illinois,5500564,3153124
2024,Long-term Care,Texas,9185865,10867290
2020,Dental & Vision,Texas,10496219,9162197
2021,Critical Illness,Illinois,5321935,2980023
2021,Cancer Insurance,Indiana,2596802,2483704
2022,Critical Illness,North Carolina,3348489,2050228
2020,Cancer Insurance,Massachusetts,4848494,3628652
2018,Critical Illness,Massachusetts,3767376,2204798
2023,Accident Insurance,Washington,4451384,4036653
2021,Dental & Vision,Virginia,4604840,3245406
2015,Long-term Care,Illinois,7241544,6983431
2018,Long-term Care,North Carolina,5081962,4975430
2024,Critical Illness,Pennsylvania,5191872,4431897
2018,Accident Insurance,Massachusetts,5442063,3804569
2020,Indemnity Health,Florida,9269056,6869435
2020,Dental & Vision,North Carolina,4360259,4179990
2023,Cancer Insurance,New Jersey,5654604,3316784
2021,Critical Illness,Ohio,3662287,2012237
2015,Accident Insurance,Washington,5640872,3933290
2015,Accident Insurance,California,9751574,6148803
2016,Long-term Care,Missouri,3442389,3043063
2021,Accident Insurance,New Jersey,4925755,4339061
2015,Dental & Vision,Indiana,2595620,2138917
2023,Dental & Vision,Florida,9369956,7222656
2018,Indemnity Health,Maryland,4790219,3584593
2015,Accident Insurance,Arizona,4712722,4436032
2022,Indemnity Health,Tennessee,3256600,3008971
2020,Cancer Insurance,New York,8886249,6399807
2019,Accident Insurance,Florida,6070973,4200763
2019,Accident Insurance,Tennessee,2641362,2532203
2019,Cancer Insurance,Massachusetts,5376180,3428441
2017,Accident Insurance,Indiana,2516560,2594249
2016,Long-term Care,New York,8114495,8763634
2015,Critical Illness,Illinois,6086333,3622268
2018,Long-term Care,Missouri,2652912,2833693
2020,Dental & Vision,Arizona,4399792,3783496
2018,Critical Illness,Arizona,4470891,2361167
2018,Critical Illness,Pennsylvania,6433604,4832285
2018,Critical Illness,Illinois,4612340,4067782
2021,Long-term Care,Pennsylvania,4737600,4901917
2019,Accident Insurance,Massachusetts,4598075,3068366
2023,Cancer Insurance,Michigan,3577963,2337559
2023,Accident Insurance,Texas,8141375,5291090
2016,Dental & Vision,Arizona,3880572,3480349
2017,Critical Illness,Pennsylvania,5317850,3610978
2023,Dental & Vision,New Jersey,3859302,3330256
2015,Long-term Care,Indiana,3609583,3978010
2017,Dental & Vision,Arizona,3225765,2475664
2022,Critical Illness,Massachusetts,4062861,3815944
2019,Accident Insurance,Arizona,4005419,3008682
2020,Long-term Care,Tennessee,3018727,3221102
2024,Cancer Insurance,Georgia,3582762,3114716
2016,Long-term Care,Texas,9720890,9404600
2022,Cancer Insurance,Wisconsin,2954636,2746219
2019,Cancer Insurance,Massachusetts,4433100,3796659
2016,Critical Illness,Wisconsin,2507859,1846985
2023,Accident Insurance,New Jersey,4115247,3937986
2023,Critical Illness,Illinois,5780219,4574984
2024,Long-term Care,Missouri,2873590,3900630
2021,Accident Insurance,Virginia,4373693,3245204
2019,Critical Illness,New York,9408658,5518093
2015,Critical Illness,Washington,5961719,4035489
2017,Critical Illness,Virginia,4727664,2670190
2023,Accident Insurance,Arizona,4359091,3313282
2016,Critical Illness,North Carolina,4552578,3379401
2021,Cancer Insurance,New York,12694918,12653418
2018,Cancer Insurance,Wisconsin,3566607,3166716
2023,Accident Insurance,Maryland,3335467,2136751
2018,Cancer Insurance,Pennsylvania,6835440,6088080
2024,Accident Insurance,New Jersey,6302706,5580805
2016,Dental & Vision,Florida,6578248,6343775
2019,Accident Insurance,California,13565246,11880624
2023,Cancer Insurance,Illinois,6395205,5916284
2018,Cancer Insurance,Tennessee,4129427,2674746
2017,Cancer Insurance,New Jersey,4415079,3643489
2017,Indemnity Health,Washington,4063737,4345218
2019,Critical Illness,Michigan,4576001,2649766
2021,Indemnity Health,Tennessee,2584643,2177357
2016,Accident Insurance,North Carolina,4337107,3485575
2017,Dental & Vision,Massachusetts,5426776,4927442
2017,Dental & Vision,North Carolina,4571905,4409511
2017,Indemnity Health,Michigan,4637012,3371671
2023,Long-term Care,Georgia,3044578,3023951
2019,Cancer Insurance,Illinois,6467727,4923174
2017,Dental & Vision,Ohio,5941590,4641280
2024,Long-term Care,North Carolina,4845399,5111673
2022,Indemnity Health,New York,9593057,9496531
2024,Critical Illness,New York,9759607,7168668
2022,Accident Insurance,Washington,5236664,3175009
2017,Long-term Care,Tennessee,4452238,4031549
2018,Critical Illness,Michigan,3538071,2055346
2024,Critical Illness,Washington,4844096,2960951
2023,Indemnity Health,Ohio,5038232,4036953
2016,Accident Insurance,Indiana,2373309,1789553
2017,Long-term Care,Ohio,3678362,3706168
2024,Indemnity Health,Michigan,3579414,3860895
2015,Dental & Vision,Wisconsin,2679998,2165847
2015,Indemnity Health,California,11885309,11462204
2019,Accident Insurance,New York,10916575,9309991
2018,Dental & Vision,Arizona,3971585,3621714
2023,Cancer Insurance,Florida,7239363,5285286
2024,Cancer Insurance,Indiana,2349733,1925503
2019,Long-term Care,California,9756422,12776567
2020,Cancer Insurance,North Carolina,5166054,4893184
2018,Critical Illness,New Jersey,6118804,5021423
2024,Dental & Vision,Pennsylvania,6544076,6133139
2015,Indemnity Health,Michigan,4856955,3623916
2015,Cancer Insurance,California,13675077,9703225
2019,Cancer Insurance,Indiana,2492068,2267106
2018,Critical Illness,Michigan,4149578,2421772
2020,Indemnity Health,California,9280010,9109158
2017,Long-term Care,New Jersey,4875656,4290130
2022,Indemnity Health,Illinois,5835128,5902948
2019,Indemnity Health,Florida,7695690,6511061
2016,Indemnity Health,Maryland,3545649,3678384
2019,Cancer Insurance,Michigan,4727947,3330025
2022,Indemnity Health,North Carolina,4702196,4451927
2019,Long-term Care,Texas,8137334,10573525
2016,Accident Insurance,Illinois,7455854,5259053
2017,Critical Illness,Indiana,3700493,2689026
2020,Accident Insurance,Georgia,3774231,3508418
2020,Long-term Care,Maryland,4066077,4277272
2016,Long-term Care,Wisconsin,3724355,4001469
2018,Critical Illness,Tennessee,3927635,3033590
2024,Indemnity Health,Washington,5630360,4973630
2022,Dental & Vision,Pennsylvania,4358600,3578888
2015,Cancer Insurance,Virginia,5070306,3812476
2021,Critical Illness,Ohio,3727380,2771919
2021,Cancer Insurance,Michigan,4055469,2839591
2023,Critical Illness,Indiana,2729933,1435842
2022,Critical Illness,Florida,9462880,7634857
2015,Cancer Insurance,Washington,3975837,2111115
2023,Indemnity Health,Tennessee,3290656,3577411
2022,Long-term Care,Missouri,2744613,3230608
2024,Cancer Insurance,New Jersey,5700709,3803660
2023,Long-term Care,Pennsylvania,5258380,5899356
2015,Long-term Care,North Carolina,4395667,3506282
2018,Critical Illness,Illinois,7329359,6201235
2016,Indemnity Health,Georgia,4793654,3985659
2022,Accident Insurance,New York,8504769,7247618
2018,Dental & Vision,New Jersey,4272769,3861336
2024,Long-term Care,Massachusetts,5050654,6165583
2023,Dental & Vision,Wisconsin,4206417,3325216
2018,Long-term Care,Massachusetts,6057681,5467195
2018,Long-term Care,Ohio,3564887,3354844
2015,Cancer Insurance,Florida,7684504,5035947
2018,Critical Illness,Arizona,4334047,2674991
2021,Long-term Care,Missouri,3895102,4407389
2018,Critical Illness,Missouri,3552955,2416769
2023,Long-term Care,Florida,9533895,12810150
2017,Critical Illness,Missouri,2723614,1507486
2017,Accident Insurance,Missouri,3076068,2671306
2023,Long-term Care,North Carolina,4262151,4581471
2015,Critical Illness,Indiana,2239258,1570427
2021,Critical Illness,Washington,3690895,2814997
2019,Dental & Vision,Washington,4544756,3764421
2023,Dental & Vision,Indiana,3224776,2575528
2023,Cancer Insurance,Missouri,3319089,1967321
2019,Cancer Insurance,North Carolina,4206906,3345701
2017,Accident Insurance,Tennessee,2788421,1867966
2023,Cancer Insurance,California,14765232,13073678
2022,Indemnity Health,New Jersey,6203392,6287269
2023,Accident Insurance,Texas,8312169,7976629
2015,Cancer Insurance,Arizona,3320769,2352484
2017,Cancer Insurance,California,12247261,10430120
2018,Indemnity Health,New York,10956474,8992000
2022,Critical Illness,New York,9524055,4961833
2016,Long-term Care,Pennsylvania,5349054,4960824
2018,Dental & Vision,Ohio,3941937,3147414
2022,Cancer Insurance,Texas,8125461,6718826
2017,Accident Insurance,New York,10605512,10309815
2022,Dental & Vision,Missouri,3940513,3668591
2023,Critical Illness,New Jersey,5631345,4079409
2018,Accident Insurance,Ohio,5692524,5275377
2015,Long-term Care,Georgia,4390386,4447263
2023,Dental & Vision,North Carolina,5147253,4431993
2021,Indemnity Health,Virginia,4485481,3919860
2024,Long-term Care,Pennsylvania,4299924,5217023
2021,Dental & Vision,Tennessee,2665748,2271207
2024,Accident Insurance,Washington,4790083,3408013
2017,Critical Illness,Illinois,7308643,4515188
2018,Critical Illness,Wisconsin,3251663,1601851
2017,Dental & Vision,Indiana,2547296,2326047
2022,Critical Illness,Texas,8144740,7761844
2020,Cancer Insurance,Indiana,3521417,3008001
2024,Dental & Vision,Tennessee,3862589,2728923
2023,Critical Illness,California,10954476,9567616
2020,Dental & Vision,Maryland,4556945,3670165
2016,Accident Insurance,Texas,10472652,7019175
2021,Indemnity Health,Missouri,3340923,2983533
2023,Cancer Insurance,Maryland,4133012,3709328
2017,Accident Insurance,Texas,10085866,8209255
2023,Long-term Care,New York,10776285,9554535
2023,Cancer Insurance,Ohio,4731633,3531387
2019,Accident Insurance,Tennessee,3973287,3021798
2019,Accident Insurance,Virginia,3490894,2806339
2018,Critical Illness,Tennessee,3005348,1633628
2017,Dental & Vision,New Jersey,4028598,2519794
2016,Dental & Vision,Maryland,3000358,2011150
2020,Accident Insurance,Maryland,3181980,3107622
2018,Dental & Vision,Texas,9770795,8009587
2022,Cancer Insurance,Missouri,3425588,2776414
2017,Critical Illness,New York,9876822,5155594
2021,Accident Insurance,Maryland,3192940,3183892
2022,Critical Illness,California,12190516,6585077
2023,Indemnity Health,Michigan,4832983,4491364
2024,Cancer Insurance,Maryland,4058988,3270015
2022,Long-term Care,California,10642978,12508678
2016,Accident Insurance,New Jersey,5333803,5044963
2020,Critical Illness,Indiana,2640370,1686760
2021,Long-term Care,Arizona,4967589,4554996
2017,Dental & Vision,Illinois,7452958,6366787
2024,Indemnity Health,Florida,6230933,5270065
2016,Critical Illness,Wisconsin,3084805,2165793
2019,Dental & Vision,Tennessee,4085187,3095242
2017,Critical Illness,Indiana,3914422,2474640
2022,Indemnity Health,Illinois,5306973,4795017
2015,Dental & Vision,California,10120456,7828141
2023,Dental & Vision,New Jersey,5498739,4389994
2018,Cancer Insurance,Massachusetts,5861742,4036808
2024,Long-term Care,Ohio,3597324,3342855
2017,Long-term Care,Ohio,5693516,6770677
2022,Long-term Care,New York,9460433,8531939
2024,Accident Insurance,Maryland,5111045,5147998
2015,Accident Insurance,Indiana,3996086,3179013
2021,Dental & Vision,Pennsylvania,6548880,5733987
2022,Dental & Vision,New Jersey,4040757,3063979
2019,Cancer Insurance,Maryland,4854198,3175333
2020,Long-term Care,Maryland,3793348,3492208
2018,Indemnity Health,Georgia,3922512,4018590
2017,Indemnity Health,Ohio,4155937,3252640
2015,Accident Insurance,Missouri,3432732,2287879
2023,Cancer Insurance,Arizona,4381153,3551857
2015,Accident Insurance,Ohio,4650994,3280596
2017,Accident Insurance,Indiana,2454020,1440975
2017,Cancer Insurance,Illinois,6547728,3916114
2015,Cancer Insurance,New Jersey,6006453,4651154
2015,Critical Illness,Michigan,3251403,2748054
2023,Accident Insurance,Maryland,4626158,3886267
2015,Accident Insurance,New York,8666688,7260098
2022,Cancer Insurance,Missouri,2941105,2130781
2016,Accident Insurance,Virginia,4595298,4367122
2019,Accident Insurance,New York,11406163,9397763
2017,Cancer Insurance,Arizona,3135341,2663209
2015,Critical Illness,Virginia,5241033,3202413
2021,Critical Illness,New York,12295729,6407586
2019,Accident Insurance,Massachusetts,5899519,4035879
2022,Accident Insurance,Missouri,2523744,2007801
2022,Cancer Insurance,Texas,7696571,4837928
2019,Dental & Vision,Missouri,4141671,3449180
2023,Long-term Care,Michigan,3662962,4252509
2018,Accident Insurance,Georgia,4028235,2841492
2019,Critical Illness,Georgia,4123616,3248556
2022,Dental & Vision,Massachusetts,5388100,4722719
2019,Long-term Care,Illinois,6844045,7230196
2016,Long-term Care,North Carolina,3256610,3410187
2015,Dental & Vision,California,9727609,6898224
2021,Dental & Vision,Arizona,4673746,4012823
2018,Critical Illness,New Jersey,3923022,1875053
2018,Cancer Insurance,California,13002711,11618305
2016,Dental & Vision,Tennessee,4236200,3802531
2022,Indemnity Health,Maryland,4578894,5108184
2022,Dental & Vision,New York,9456547,8137403
2017,Long-term Care,Wisconsin,3959771,3592932
2021,Indemnity Health,Missouri,3482247,3177162
2021,Cancer Insurance,Michigan,3870461,2801964
2024,Critical Illness,Wisconsin,4135202,3037666
2022,Indemnity Health,Florida,6291581,6407431
2016,Dental & Vision,California,10060811,9592117
2015,Accident Insurance,Michigan,4778644,3606049
2015,Long-term Care,Arizona,3472655,2997902
2015,Dental & Vision,Missouri,2421437,1851565
2017,Critical Illness,Virginia,3512516,2759339
2020,Critical Illness,Wisconsin,2835982,2017392
2016,Cancer Insurance,Tennessee,4064419,2256339
2016,Cancer Insurance,Wisconsin,2859161,2564986
2015,Accident Insurance,New York,9103486,6304814
2017,Dental & Vision,Virginia,4784038,3328436
2021,Long-term Care,Tennessee,4145555,4332296
2022,Critical Illness,Georgia,4597985,3488235
2022,Critical Illness,New York,12955569,9646080
2024,Long-term Care,New Jersey,5986036,6615595
2015,Long-term Care,California,12875899,11939852
2020,Long-term Care,North Carolina,3772113,3735807
2015,Critical Illness,California,12145376,8270498
2015,Accident Insurance,Maryland,3624756,2981919
2024,Dental & Vision,New Jersey,4663175,3620379
2017,Accident Insurance,Maryland,4648308,4208164
2021,Accident Insurance,Georgia,5128650,4880142
2019,Indemnity Health,Washington,4436473,3182444
2022,Indemnity Health,Arizona,3711881,3897412
2022,Long-term Care,Indiana,3191900,2778492
2022,Indemnity Health,Arizona,2912517,2526148
2023,Dental & Vision,Maryland,4951846,4442096
2018,Critical Illness,Pennsylvania,4379320,3156636
2020,Critical Illness,Missouri,2955716,2299475
2022,Cancer Insurance,Florida,9743580,8816862
2019,Accident Insurance,Illinois,5021637,4718012
2015,Long-term Care,Pennsylvania,5838028,6944026
2015,Long-term Care,Missouri,3106696,3149913
2019,Long-term Care,Tennessee,4268907,4523338
2023,Accident Insurance,Arizona,3168090,2976146
2015,Cancer Insurance,Arizona,3792943,2897719
2024,Critical Illness,Virginia,3841642,2651111
2020,Long-term Care,Maryland,4969962,5456442
2017,Critical Illness,Tennessee,2861850,1729139
2020,Critical Illness,Wisconsin,4046594,3680619
2015,Dental & Vision,Illinois,5470702,3452197
2016,Dental & Vision,Washington,3675570,2514060
2017,Critical Illness,California,11874014,7265166
2017,Cancer Insurance,Florida,6723068,4288829
2021,Critical Illness,California,14770782,9027788
2021,Dental & Vision,Arizona,3122731,2578896
2018,Long-term Care,Ohio,3996989,4570476
2015,Cancer Insurance,New Jersey,5365743,3162222
2015,Long-term Care,Massachusetts,5969833,5946520
2023,Dental & Vision,Michigan,3616322,3065148
2015,Critical Illness,Virginia,4034490,2899706
2023,Long-term Care,Illinois,7191866,7614572
2024,Accident Insurance,Ohio,5716884,4750688
2018,Dental & Vision,California,9292925,6396961
2021,Long-term Care,Pennsylvania,4914458,4846282
2021,Dental & Vision,Florida,6080353,4817852
2024,Accident Insurance,Illinois,5118724,4353494
2024,Accident Insurance,Pennsylvania,6462868,6419574
2021,Cancer Insurance,Ohio,4868891,3709541
2020,Accident Insurance,Wisconsin,2782391,2274066
2016,Long-term Care,Virginia,4088623,3790804
2024,Long-term Care,California,11846154,13264124
2022,Cancer Insurance,Missouri,4059958,3384126
2024,Long-term Care,Missouri,2753333,2810181
2015,Critical Illness,Pennsylvania,4194772,2207207
2016,Dental & Vision,California,11073426,7766570
2021,Accident Insurance,Ohio,4639557,3120473
2020,Indemnity Health,Ohio,5271090,4794166
2015,Long-term Care,Arizona,3286124,3022375
2015,Dental & Vision,Maryland,3033425,2198058
2020,Cancer Insurance,Arizona,4624841,3043930
2023,Cancer Insurance,Missouri,3694485,3056984
2022,Critical Illness,Ohio,4149471,2523117
2019,Cancer Insurance,Illinois,4986344,3174717
2016,Critical Illness,Pennsylvania,6719515,3605924
2018,Accident Insurance,Florida,8935356,9187922
2022,Dental & Vision,Texas,9719645,9169663
2016,Accident Insurance,Tennessee,4422982,2656657
2016,Dental & Vision,Maryland,3415274,2645728
2024,Critical Illness,Florida,6877507,3878482
2023,Cancer Insurance,Virginia,3981724,2922137
2019,Cancer Insurance,Wisconsin,3718502,2613643
2015,Critical Illness,Illinois,5408458,3834808
2020,Indemnity Health,Washington,4471597,3782782
2015,Long-term Care,Illinois,7421210,7508666
2022,Cancer Insurance,California,10630738,9981939
2015,Dental & Vision,Ohio,4104783,3621006
2022,Accident Insurance,Texas,9189492,5441623
2016,Indemnity Health,Arizona,4925191,3527042
2017,Long-term Care,Tennessee,4006135,4568477
2023,Long-term Care,Washington,4802161,5215452
2016,Critical Illness,Washington,5193550,2534996
2020,Long-term Care,Illinois,6934915,6364628
2017,Long-term Care,Arizona,2908386,3509921
2015,Indemnity Health,Indiana,3071346,3292326
2023,Long-term Care,Illinois,6559072,7349970
2016,Indemnity Health,Florida,6052105,5701349
2024,Long-term Care,Georgia,3125315,2916781
2023,Indemnity Health,Texas,11346486,9213862
2018,Dental & Vision,California,10711652,8918408
2016,Accident Insurance,Illinois,6819006,3968347
2018,Dental & Vision,North Carolina,4456668,3340874
2024,Cancer Insurance,Maryland,3217251,1986697
2019,Cancer Insurance,Virginia,4857477,4367313
2018,Critical Illness,Virginia,3768044,2147950
2017,Critical Illness,Washington,5295798,3727025
2016,Dental & Vision,Missouri,2959126,1916883
2020,Cancer Insurance,Florida,6021827,5281301
2022,Cancer Insurance,Texas,7903986,5683126
2023,Cancer Insurance,California,9352682,5987575
2016,Dental & Vision,North Carolina,4589448,3273408
2018,Critical Illness,Illinois,6120530,4853040
2018,Long-term Care,Illinois,6332620,6496067
2023,Critical Illness,Tennessee,2684462,1584500
2022,Dental & Vision,Georgia,4574217,3759547
2015,Critical Illness,Florida,8587402,6469912
2019,Cancer Insurance,Georgia,3764617,2157570
2021,Cancer Insurance,Massachusetts,4037165,3235800
2024,Dental & Vision,Arizona,3812644,3545267
2022,Accident Insurance,Texas,11915437,10448484
2022,Cancer Insurance,Washington,5959921,5577994
2020,Accident Insurance,Indiana,3945320,3446765
2016,Dental & Vision,New York,12098785,7629469
2021,Critical Illness,Ohio,5297273,3151322
2020,Indemnity Health,Illinois,6345460,4911603
2015,Accident Insurance,New York,10238605,8462810
2017,Critical Illness,Arizona,3503422,2825689
2015,Long-term Care,Virginia,4483939,4284532
2023,Indemnity Health,California,13865733,11385780
2024,Accident Insurance,New York,12176428,11180284
2019,Dental & Vision,Maryland,4318513,3821903
2021,Indemnity Health,Maryland,4668797,4572517
2016,Cancer Insurance,North Carolina,4998613,3449492
2022,Indemnity Health,Massachusetts,5887352,6309908
2020,Cancer Insurance,New Jersey,4928357,4203961
2019,Critical Illness,Massachusetts,4911394,2463520
2021,Indemnity Health,New Jersey,5447936,5473145
2017,Long-term Care,California,10377234,12315073
2018,Dental & Vision,Wisconsin,3516422,2798709
2016,Dental & Vision,New Jersey,5344261,4623553
2024,Dental & Vision,Pennsylvania,4006298,3459334
2020,Long-term Care,Florida,9573344,8714170
2024,Dental & Vision,Pennsylvania,6886538,5210751
2021,Indemnity Health,New York,9025030,9090502
2020,Critical Illness,Tennessee,3549018,3087266
2016,Long-term Care,Arizona,4324512,4936313
2018,Cancer Insurance,North Carolina,4934710,4230087
2024,Cancer Insurance,Massachusetts,4263263,2619693
2016,Dental & Vision,Virginia,4492266,2794603
2020,Long-term Care,Washington,3818831,4785477
2023,Long-term Care,New Jersey,6382412,6376284
2020,Long-term Care,Indiana,3144068,2981154
2019,Indemnity Health,Pennsylvania,6654300,5608412
2016,Dental & Vision,Massachusetts,6007412,4966159
2023,Critical Illness,Virginia,4598475,2558230
2020,Critical Illness,Missouri,2719779,2022709
2024,Cancer Insurance,Maryland,3076428,2504732
2022,Indemnity Health,Pennsylvania,6407447,5290028
2017,Dental & Vision,Massachusetts,5084513,4509866
2020,Indemnity Health,Pennsylvania,6578749,6190449
2022,Indemnity Health,New Jersey,3940614,4237437
2015,Critical Illness,Texas,10805796,7966107
2021,Cancer Insurance,Virginia,3934604,2592621
2022,Dental & Vision,Tennessee,3274803,3087081
2016,Accident Insurance,Virginia,4959814,4187634
2021,Accident Insurance,New Jersey,5939935,5675627
2024,Long-term Care,Georgia,4655315,5271859
2022,Cancer Insurance,Georgia,3708972,2379927
2018,Accident Insurance,New Jersey,5317557,4881933
2022,Long-term Care,North Carolina,5408493,6747121
2020,Cancer Insurance,Georgia,4004148,2263800
2018,Dental & Vision,Pennsylvania,4713875,3915182
2022,Cancer Insurance,Tennessee,2783600,2525264
2016,Dental & Vision,Virginia,3662372,2992074
2022,Dental & Vision,Ohio,5082635,3333656
2023,Accident Insurance,Wisconsin,2982216,2795274
2023,Dental & Vision,Washington,4992182,4321659
2022,Critical Illness,Wisconsin,4282174,3545096
2016,Cancer Insurance,Maryland,4864889,2841344
2024,Indemnity Health,Georgia,3711272,3049520
2016,Long-term Care,Indiana,2461609,2781153
2019,Accident Insurance,Missouri,3286215,2348777
2020,Accident Insurance,Illinois,6259364,5385834
2023,Indemnity Health,Massachusetts,6094825,4891659
2023,Dental & Vision,Indiana,2403615,1846596
2016,Long-term Care,Michigan,4631131,4894596
2021,Dental & Vision,New Jersey,5095958,4728540
2022,Accident Insurance,Texas,7999710,7329971
2015,Critical Illness,Indiana,3261070,1959358
2021,Critical Illness,Florida,9478140,7957551
2023,Critical Illness,California,11259705,7882695
2017,Long-term Care,Illinois,6589967,6208337
2023,Cancer Insurance,New Jersey,5799238,4412466
2015,Critical Illness,New Jersey,5334797,2974159
2023,Critical Illness,New York,11929225,10245482
2021,Long-term Care,Indiana,3513222,3688740
2018,Cancer Insurance,Washington,4832723,3354990
2024,Critical Illness,New Jersey,4941806,3974501
2021,Long-term Care,Maryland,4851261,5038079
2018,Critical Illness,Indiana,3691427,2251351
2021,Long-term Care,Wisconsin,4151591,4180596
2017,Critical Illness,Massachusetts,5542743,3513907
2020,Long-term Care,North Carolina,5455589,4884928
2017,Critical Illness,North Carolina,5481570,3505053
2018,Long-term Care,New York,9699831,9730007
2020,Long-term Care,Texas,10264115,11141073
2015,Dental & Vision,New Jersey,5476118,4854532
2016,Long-term Care,Ohio,4724079,3881203
2020,Long-term Care,California,9178935,11903774
2021,Cancer Insurance,Illinois,5932525,4893567
2020,Indemnity Health,New Jersey,6333539,5453899
2016,Long-term Care,California,12105049,12855481
2021,Long-term Care,Arizona,3418933,3352906
2022,Dental & Vision,New Jersey,6136292,5415783
2023,Accident Insurance,Wisconsin,4265225,3238880
2021,Accident Insurance,Ohio,5485580,4460745
2020,Dental & Vision,Michigan,3604957,2807098
2019,Critical Illness,Ohio,5475548,2754530
2015,Critical Illness,Washington,3835815,2164357
2018,Accident Insurance,Virginia,4871823,3000282
2022,Dental & Vision,Georgia,5302349,5067446
2020,Accident Insurance,New York,10342742,7444622
2018,Accident Insurance,Arizona,3975062,2732423
2020,Critical Illness,Pennsylvania,4310809,3138026
2020,Long-term Care,Florida,7519749,7606557
2019,Dental & Vision,Washington,5220132,3964977
2021,Cancer Insurance,Texas,9959589,9286869
2016,Indemnity Health,Washington,4551469,3869962
2023,Dental & Vision,Wisconsin,3688259,3343230
2024,Indemnity Health,Tennessee,2706206,2701097
2023,Accident Insurance,Arizona,3961981,2761918
2023,Dental & Vision,Virginia,5195392,4892865
2023,Indemnity Health,New York,11154043,10216593
2022,Critical Illness,Texas,10551696,8394015
2015,Accident Insurance,Texas,11889472,10336227
2017,Indemnity Health,New York,10052930,9655651
2018,Long-term Care,Maryland,3078697,3534636
2019,Critical Illness,Virginia,3359113,2642813
2021,Critical Illness,Indiana,3676126,3073474
2015,Indemnity Health,Texas,10146211,8048182
2018,Critical Illness,Illinois,7288660,4611249
2021,Dental & Vision,Texas,10350600,7392486
2018,Indemnity Health,Virginia,3370202,3014829
2016,Accident Insurance,Ohio,5242230,3332314
2019,Cancer Insurance,Tennessee,4245092,3134418
2019,Cancer Insurance,California,14856208,11871037
2024,Long-term Care,Virginia,3490071,4134344
2019,Cancer Insurance,Michigan,4514944,2436262
2019,Critical Illness,North Carolina,3393861,1916231
2020,Indemnity Health,Missouri,3992051,3883602
2020,Long-term Care,Pennsylvania,4649549,6091752
2016,Accident Insurance,Tennessee,2668559,1890066
2024,Long-term Care,North Carolina,3984445,4521762
2016,Critical Illness,Ohio,5027940,3523400
2024,Long-term Care,Illinois,7278879,7709897
2018,Dental & Vision,Illinois,5615164,4737607
2015,Long-term Care,Texas,11518402,9682831
2021,Indemnity Health,California,9201722,7645427
2022,Dental & Vision,Georgia,3135386,2290249
2022,Critical Illness,Maryland,4126453,3526367
2023,Accident Insurance,Tennessee,4106949,3790551
2022,Long-term Care,North Carolina,5199274,5345993
2023,Dental & Vision,Georgia,4255288,3532040
2020,Critical Illness,Arizona,3566300,2504042
2020,Dental & Vision,Tennessee,3808084,3023100
2021,Cancer Insurance,Tennessee,3615805,2132812
2022,Dental & Vision,Georgia,3012923,2969126
2016,Critical Illness,Pennsylvania,5525232,3509405
2021,Critical Illness,Ohio,4740421,3539307
2017,Accident Insurance,New Jersey,5174279,3566556
2018,Long-term Care,Illinois,6112507,6920021
2023,Long-term Care,Michigan,4284734,4448831
2018,Critical Illness,Indiana,3664281,2912637
2017,Long-term Care,California,13929739,13980986
2023,Dental & Vision,Maryland,4400022,3215134
2023,Dental & Vision,Texas,9382442,7421055
2019,Accident Insurance,Washington,5242913,4385140
2022,Cancer Insurance,Georgia,4612017,3818131
2022,Dental & Vision,Virginia,4420668,3243587
2017,Indemnity Health,Washington,5240958,5369635
2020,Accident Insurance,Wisconsin,3616171,2923273
2018,Accident Insurance,Illinois,6792839,6321543
2018,Critical Illness,Pennsylvania,6134775,4651376
2024,Long-term Care,Wisconsin,3316100,4329693
2019,Dental & Vision,Tennessee,3116449,2650188
2016,Cancer Insurance,New York,8378283,6173003
2024,Accident Insurance,Missouri,3309804,3096088
2022,Accident Insurance,Maryland,4289457,2905935
2017,Accident Insurance,New Jersey,6128842,5238499
2022,Long-term Care,Florida,9807954,10499092
2019,Accident Insurance,Missouri,3590747,3031985
2024,Accident Insurance,Indiana,2758572,1779949
2023,Dental & Vision,North Carolina,5137001,4329033
2018,Accident Insurance,Georgia,5425928,3502369
2015,Critical Illness,Tennessee,3827306,2301633
2019,Critical Illness,Missouri,3198676,2127931
2021,Cancer Insurance,Florida,6744434,4921906
2015,Dental & Vision,Indiana,3551867,2409923
2015,Cancer Insurance,Maryland,4146964,2730263
2023,Indemnity Health,Pennsylvania,4747161,3932908
2020,Cancer Insurance,Washington,5737137,3805570
2015,Indemnity Health,Missouri,2893156,2926170
2015,Long-term Care,Washington,3539026,3468610
2024,Long-term Care,Michigan,3299584,3742182
2015,Indemnity Health,New Jersey,5052472,5170828
2018,Critical Illness,Pennsylvania,6376703,5484075
2024,Critical Illness,Wisconsin,4095883,3735634
2021,Cancer Insurance,Tennessee,2924198,2122638
2020,Indemnity Health,New Jersey,5176961,5528588
2023,Indemnity Health,Washington,4871235,3898557
2022,Cancer Insurance,Washington,5670460,5179823
2016,Accident Insurance,Arizona,3283595,2639098
2015,Dental & Vision,Maryland,3148325,2683036
2021,Accident Insurance,New Jersey,5482046,3492409
2018,Cancer Insurance,Massachusetts,4764695,3681758
2015,Indemnity Health,Washington,3863490,3112636
2019,Accident Insurance,New York,8681274,5488900
2017,Cancer Insurance,New York,10444699,6419433
2023,Accident Insurance,Arizona,3671576,2605403
2017,Critical Illness,Texas,8717866,5957683
2015,Critical Illness,Wisconsin,3967995,2937889
2021,Cancer Insurance,Tennessee,3448060,1916191
2024,Critical Illness,Pennsylvania,4738155,2708356
2024,Accident Insurance,New Jersey,5438449,4499240
2021,Critical Illness,Tennessee,2524883,1792160
2022,Critical Illness,Tennessee,3775942,1974859
2021,Accident Insurance,Massachusetts,3795615,2855458
2017,Long-term Care,Tennessee,4032078,3795942
2022,Long-term Care,Ohio,4912594,5638291
2017,Cancer Insurance,Massachusetts,5496565,3498165
2019,Accident Insurance,Georgia,4741802,3098499
2018,Accident Insurance,Ohio,4721256,3964384
2021,Cancer Insurance,North Carolina,4625796,2796309
2024,Cancer Insurance,Georgia,4104185,2987370
2022,Critical Illness,Pennsylvania,5152579,3490754
2017,Dental & Vision,New York,8605713,7097086
2023,Cancer Insurance,California,9931392,8233491
2019,Dental & Vision,Illinois,5677617,4581205
2015,Accident Insurance,Georgia,3843840,3107515
2024,Accident Insurance,Michigan,3318049,2412193
2024,Cancer Insurance,Missouri,3219953,2046982
2019,Critical Illness,Maryland,4216651,2484187
2023,Accident Insurance,Tennessee,3787824,2780750
2019,Long-term Care,New Jersey,5885103,6494859
2023,Accident Insurance,Illinois,5869726,4294936
2017,Long-term Care,Maryland,4708252,4613354
2015,Indemnity Health,Ohio,4383444,3995227
2015,Long-term Care,Ohio,4120246,4522799
2023,Critical Illness,Arizona,4614075,3147606
2017,Indemnity Health,Arizona,3918729,3637277
2023,Critical Illness,Massachusetts,4490310,2565536
2019,Accident Insurance,Ohio,3915472,3716752
2018,Indemnity Health,Ohio,4025573,4230791
2018,Accident Insurance,Washington,5820621,4633406
2016,Critical Illness,Massachusetts,4143013,2301377
2021,Critical Illness,Ohio,5494609,4759186
2022,Dental & Vision,Florida,8342083,5565735
2022,Long-term Care,Illinois,6523271,7462626
2021,Long-term Care,California,12977884,13895469
2019,Dental & Vision,Indiana,2611411,1895078
2019,Indemnity Health,Texas,9876561,8075987
2021,Critical Illness,New York,10345014,6887727
2018,Indemnity Health,Missouri,3766560,3785255
2019,Long-term Care,Arizona,2955523,2516715
2023,Cancer Insurance,New York,11792189,9068759
2017,Indemnity Health,Wisconsin,4132528,3103164
2018,Accident Insurance,Indiana,3678981,3193663
2016,Long-term Care,Missouri,4095880,3936248
2015,Long-term Care,Arizona,3925371,4247578
2015,Cancer Insurance,Arizona,3479338,2383815
2023,Indemnity Health,Wisconsin,3843377,3185724
2020,Cancer Insurance,Wisconsin,3110380,2660636
2022,Long-term Care,Pennsylvania,6944769,7894021
2015,Cancer Insurance,Texas,10608230,6582456
2018,Critical Illness,Tennessee,3482353,2278177
2019,Accident Insurance,Georgia,5157004,3585362
2024,Long-term Care,Pennsylvania,6673147,6473716
2021,Accident Insurance,Georgia,4166828,3327398
2022,Cancer Insurance,Michigan,3600213,2543683
2016,Accident Insurance,Georgia,5069544,3410721
2017,Accident Insurance,Texas,10572276,7670608
2019,Long-term Care,Massachusetts,5048737,6164699
2019,Indemnity Health,Michigan,3955640,3101164
2024,Cancer Insurance,Pennsylvania,5113623,4920486
2018,Accident Insurance,Ohio,5239475,3783486
2019,Critical Illness,Wisconsin,3888218,2597281
2016,Indemnity Health,Michigan,3036447,2607025
2015,Dental & Vision,Michigan,4525076,3622157
2020,Accident Insurance,Missouri,2315635,1965693
2017,Long-term Care,California,13752723,15307184
2016,Accident Insurance,Georgia,3456962,2797689
2024,Critical Illness,Pennsylvania,4913215,4080949
2019,Indemnity Health,Washington,5364925,4741207
2021,Dental & Vision,Missouri,4010393,3988118
2020,Critical Illness,Washington,5961757,3556464
2023,Accident Insurance,Ohio,3970290,4175169
2022,Indemnity Health,New Jersey,4607251,4205977
2021,Critical Illness,Maryland,3521431,2635900
2015,Critical Illness,Washington,5709317,4188526
2019,Long-term Care,Maryland,3349446,3326597
2021,Accident Insurance,Wisconsin,3014199,2659184
2015,Dental & Vision,Pennsylvania,5030666,4045789
2016,Cancer Insurance,Indiana,3284766,2866522
2019,Critical Illness,Tennessee,3816404,2047212
2018,Dental & Vision,Texas,10232004,7515093
2016,Accident Insurance,Arizona,4417662,2946516
2020,Indemnity Health,Massachusetts,5024624,4831640
2023,Dental & Vision,Georgia,4938768,3824044
2017,Cancer Insurance,Wisconsin,4150749,2662042
2022,Dental & Vision,Wisconsin,3985178,3748636
2024,Critical Illness,California,9732523,7806819
2019,Critical Illness,New Jersey,4076050,2656655
2024,Long-term Care,Pennsylvania,5412982,5846340
2023,Accident Insurance,Pennsylvania,4256613,3186164
2016,Cancer Insurance,Missouri,2417000,1757256
2022,Accident Insurance,Virginia,3544480,2899266
2020,Critical Illness,Missouri,2962622,2231762
2018,Critical Illness,Wisconsin,2692636,1656753
2019,Long-term Care,North Carolina,3233287,3621964
2017,Cancer Insurance,Pennsylvania,6945265,5106781
2017,Long-term Care,Texas,7577386,8524371
2022,Critical Illness,Indiana,2851155,2162176
2022,Accident Insurance,Michigan,3483290,2740116
2018,Long-term Care,Massachusetts,5528481,5312872
2022,Dental & Vision,Florida,7707594,6089052
2024,Indemnity Health,Missouri,3042494,3165943
2023,Indemnity Health,Wisconsin,2915126,3198374
2024,Indemnity Health,Illinois,6748120,7220808
2018,Cancer Insurance,Florida,6607048,3597084
2024,Dental & Vision,Illinois,6420136,5376498
2016,Critical Illness,California,12782243,9571621
2018,Long-term Care,Maryland,4751144,5061961
2024,Accident Insurance,Wisconsin,2688565,2601005
2023,Indemnity Health,Washington,5361251,4457900
2016,Accident Insurance,Texas,9994340,7221355
2017,Accident Insurance,Indiana,2640591,2540039
2018,Accident Insurance,Maryland,4101878,3594113
2016,Indemnity Health,Massachusetts,6005520,4935304
2017,Cancer Insurance,Virginia,3331591,2170776
2019,Accident Insurance,Pennsylvania,6380464,6202442
2019,Indemnity Health,California,12809615,12980880
2017,Critical Illness,Michigan,4458572,2489484
2017,Dental & Vision,Washington,5328270,4187162
2021,Critical Illness,Tennessee,3047155,1762997
2017,Long-term Care,Florida,6200335,7829583
2021,Cancer Insurance,Georgia,5099238,3776813
2021,Critical Illness,New York,10966307,7279360
2017,Cancer Insurance,Illinois,6383780,3976871
2015,Indemnity Health,California,10339319,9575183
2022,Accident Insurance,Maryland,3064665,2998053
2018,Indemnity Health,North Carolina,5572060,4016128
2022,Dental & Vision,Michigan,3289645,2957423
2022,Indemnity Health,California,14289665,15765787
2020,Accident Insurance,Washington,3692561,3286704
2024,Critical Illness,Michigan,4947518,2760048
2021,Indemnity Health,New York,9408963,8238602
2024,Dental & Vision,Wisconsin,3806281,3414046
2018,Dental & Vision,Illinois,7279039,6901643
2019,Long-term Care,Pennsylvania,4195565,5267712
2019,Indemnity Health,Tennessee,4466333,4208053
2018,Critical Illness,Florida,6140752,4916872
2021,Accident Insurance,Florida,9605748,6949359
2021,Long-term Care,North Carolina,5240452,6093403
2018,Critical Illness,Massachusetts,6117895,3415500
2015,Critical Illness,Massachusetts,5362627,3422610
2022,Long-term Care,New Jersey,5854528,7212492
2020,Long-term Care,Illinois,4707304,4109149
2021,Accident Insurance,Indiana,2665668,2003706
2015,Accident Insurance,Texas,8685708,7521625
2023,Indemnity Health,Maryland,3430105,2839706
2017,Cancer Insurance,Georgia,3237872,1802735
2023,Cancer Insurance,Texas,9588875,7805821
2019,Accident Insurance,Virginia,3777667,2960836
2019,Critical Illness,Florida,7912253,4434904
2017,Dental & Vision,North Carolina,5738412,4949555
2023,Indemnity Health,Missouri,3616743,3095478
2024,Dental & Vision,California,10465336,9659112
2016,Cancer Insurance,Washington,4843985,3126658
2022,Long-term Care,Texas,11555187,9852374
2015,Cancer Insurance,Washington,5806855,4564644
2021,Accident Insurance,North Carolina,5621029,5167796
2021,Long-term Care,New York,8964413,9618024
2022,Long-term Care,Maryland,3380345,3926065
2019,Accident Insurance,Missouri,4037971,2654198
2021,Critical Illness,New York,9184039,6679500
2018,Dental & Vision,Illinois,5601810,5418636
2016,Long-term Care,Massachusetts,4915524,5001330
2024,Long-term Care,Wisconsin,3694236,3917731
2017,Dental & Vision,Pennsylvania,4044327,3334937
2016,Dental & Vision,Indiana,3624899,3423846
2016,Long-term Care,Illinois,6792518,7071248
2017,Critical Illness,Wisconsin,3492600,1983435
2017,Long-term Care,Virginia,4146340,4156138
2018,Accident Insurance,North Carolina,5012763,3188911
2017,Dental & Vision,Ohio,4007556,2496190
2023,Cancer Insurance,Florida,7640854,6025581
2017,Critical Illness,New York,12929240,9919328
2021,Dental & Vision,North Carolina,3220040,2331573
2015,Cancer Insurance,Illinois,5429340,3426889
2023,Dental & Vision,Florida,9548865,9372683
2024,Cancer Insurance,Washington,4047219,2871026
2017,Cancer Insurance,Tennessee,3412486,2890104
2017,Long-term Care,Georgia,4655570,4049424
2017,Accident Insurance,Maryland,3992991,2799126
2022,Long-term Care,Texas,9280563,9468570
2018,Critical Illness,Tennessee,4098212,3192124
2019,Cancer Insurance,New Jersey,4170260,2363204
2016,Long-term Care,Indiana,3600818,3602861
2021,Cancer Insurance,North Carolina,4305368,3287545
2015,Critical Illness,Michigan,3520633,2080130
2017,Dental & Vision,Tennessee,2712409,1867291
2017,Long-term Care,North Carolina,3449948,3912562
2024,Accident Insurance,Indiana,3620397,2836600
2021,Critical Illness,Washington,5316784,4096396
2020,Long-term Care,Massachusetts,4781989,4627680
2020,Long-term Care,Maryland,5055478,5585759
2016,Dental & Vision,Indiana,2909856,2555079
2019,Accident Insurance,Indiana,2327481,1450948
2023,Dental & Vision,Missouri,4006309,3400171
2024,Accident Insurance,Maryland,4234374,4213413
2022,Critical Illness,New Jersey,6105333,3866630
2016,Cancer Insurance,Washington,5846095,3665529
2019,Indemnity Health,Wisconsin,3890995,3598524
2019,Dental & Vision,Arizona,4618810,3703334
2022,Long-term Care,Maryland,5015422,5882273
2024,Accident Insurance,Massachusetts,4399417,3009793
2022,Critical Illness,Maryland,4329861,2902496
2016,Cancer Insurance,New York,11255530,8214029
2018,Accident Insurance,Arizona,4450642,4219827
2021,Cancer Insurance,Wisconsin,2701313,2030827
2015,Accident Insurance,Indiana,2217775,1821923
2022,Dental & Vision,Michigan,4903845,3982171
2023,Cancer Insurance,New York,11807441,7473068
2016,Critical Illness,North Carolina,3926881,2839411
2023,Long-term Care,Ohio,3934599,4280837
2015,Accident Insurance,North Carolina,4196743,3225355
2019,Cancer Insurance,Massachusetts,6106354,4213537
2019,Indemnity Health,California,10645643,7360450
2021,Accident Insurance,Texas,7613677,4738093
2019,Accident Insurance,Illinois,7054155,5738125
2016,Indemnity Health,California,10323333,7530201
2019,Accident Insurance,Missouri,3647857,3562249
2020,Long-term Care,California,10093275,11327816
2024,Critical Illness,Florida,9030212,4937567
2023,Cancer Insurance,Indiana,3063477,1984027
2022,Critical Illness,Indiana,3916571,2776021
2019,Cancer Insurance,New Jersey,4514682,3511366
2024,Critical Illness,New York,8181124,5180400
2019,Cancer Insurance,Pennsylvania,5396029,4981444
2019,Cancer Insurance,Illinois,5726789,3329969
2023,Dental & Vision,Michigan,3488133,3206382
2017,Cancer Insurance,Virginia,5121358,3954095
2020,Accident Insurance,Georgia,3667042,2779055
2018,Accident Insurance,Wisconsin,2562773,1944708
2017,Indemnity Health,California,11679350,11801816
2018,Dental & Vision,Washington,3901729,2948837
2020,Dental & Vision,Michigan,4138203,3793318
2016,Dental & Vision,Wisconsin,3216973,2376916
2019,Indemnity Health,Ohio,3760367,4251706
2017,Critical Illness,Indiana,2894387,1834681
2020,Accident Insurance,Arizona,4317866,3999629
2024,Critical Illness,Michigan,4403480,2621255
2015,Long-term Care,Ohio,4004498,4695672
2023,Dental & Vision,Florida,9717006,8359042
2024,Accident Insurance,Florida,6965944,6336686
2024,Critical Illness,Maryland,3470783,2025993
2017,Long-term Care,Missouri,3583195,4062383
2019,Dental & Vision,New York,10549568,8706412
2022,Indemnity Health,Texas,11466317,10551862
2024,Critical Illness,Florida,6187482,4670818
2024,Accident Insurance,Washington,5932313,4101509
2019,Critical Illness,Ohio,3733008,2982766
2015,Accident Insurance,Tennessee,2990023,2263571
2022,Critical Illness,Wisconsin,2619546,1809374
2022,Critical Illness,Massachusetts,4558509,3719886
2024,Long-term Care,Arizona,3932541,3896331
2022,Cancer Insurance,Indiana,2926512,1883868
2022,Indemnity Health,New Jersey,5100701,5482575
2019,Indemnity Health,Pennsylvania,6097542,4623664
2016,Indemnity Health,Ohio,5487725,6040464
2024,Accident Insurance,Virginia,5379637,3463328
2024,Long-term Care,Missouri,3735030,4403182
2019,Critical Illness,New Jersey,4276677,3198495
2020,Long-term Care,Wisconsin,4192003,4490781
2016,Cancer Insurance,Texas,8144542,5221062
2023,Indemnity Health,North Carolina,4748621,4151989
2024,Long-term Care,Virginia,4902711,5062909
2018,Long-term Care,Texas,10533367,9096303
2024,Indemnity Health,Missouri,3800092,3411861
2021,Long-term Care,Michigan,4339696,4501856
2019,Indemnity Health,New Jersey,5364583,5254360
2020,Critical Illness,Michigan,4831240,3504984
2024,Dental & Vision,Tennessee,4376090,3006276
2015,Critical Illness,Maryland,4043387,3030902
2016,Indemnity Health,Indiana,2376013,1908753
2023,Indemnity Health,Illinois,6934939,5413495
2016,Accident Insurance,New York,8298937,7957092
2015,Critical Illness,New Jersey,3849576,2778388
2024,Cancer Insurance,Tennessee,2734432,2446764
2022,Indemnity Health,North Carolina,3453317,2852681
2023,Long-term Care,New Jersey,4447017,4796703
2016,Accident Insurance,Illinois,5198499,4311715
2016,Cancer Insurance,Indiana,2608122,1860586
2019,Critical Illness,Ohio,3780276,2506447
2018,Indemnity Health,Arizona,3926434,3725987
2018,Cancer Insurance,North Carolina,3752851,2190366
2016,Indemnity Health,Pennsylvania,6112108,5611430
2023,Dental & Vision,Illinois,5626627,4750812
2023,Indemnity Health,Georgia,4666075,3611753
2020,Long-term Care,Indiana,3376739,3724305
2020,Long-term Care,Wisconsin,3590465,4144371
2018,Cancer Insurance,Washington,5939263,4158085
2017,Accident Insurance,Indiana,3608181,3535438
2024,Cancer Insurance,Missouri,2487189,1492586
2015,Indemnity Health,Missouri,3254926,3543390
2020,Long-term Care,California,9453698,8589933
2022,Long-term Care,New York,9170225,8793922
2024,Cancer Insurance,Pennsylvania,5417695,4507098
2024,Long-term Care,Texas,9896005,11668181
2021,Accident Insurance,Ohio,5219666,3878628
2018,Critical Illness,Massachusetts,3688255,2776013
2017,Cancer Insurance,Illinois,4806031,3902960
2023,Accident Insurance,Arizona,3913019,3149273
2015,Accident Insurance,Ohio,5292326,4407685
2016,Accident Insurance,North Carolina,4758736,3620231
2016,Indemnity Health,Washington,3574114,3447188
2018,Dental & Vision,North Carolina,3624723,2679794
2020,Cancer Insurance,Illinois,6366552,5625279
2024,Long-term Care,California,9361934,10430477
2016,Long-term Care,Georgia,4602144,5265816
2019,Indemnity Health,Georgia,3314920,3392742
2021,Dental & Vision,Georgia,3670304,2857709
2024,Dental & Vision,California,11202729,9582280
2016,Critical Illness,Michigan,4608032,3129828
2016,Dental & Vision,Georgia,3276892,2636910
2017,Dental & Vision,Florida,7395881,6917687
2020,Indemnity Health,New Jersey,6237916,7318534
2018,Critical Illness,New York,9008669,6009708
2021,Dental & Vision,Texas,8991269,6858018
2022,Long-term Care,Pennsylvania,5400166,5083647
2015,Dental & Vision,Washington,4226599,3374942
2015,Long-term Care,Wisconsin,4022484,4819308
2024,Cancer Insurance,California,9394834,6770818
2024,Cancer Insurance,Maryland,5160152,3176286
2021,Critical Illness,Indiana,3628192,2743716
2018,Dental & Vision,Georgia,3910302,3354068
2017,Dental & Vision,Virginia,5397544,3759135
2023,Dental & Vision,Maryland,3443232,2639320
2024,Long-term Care,Michigan,4236456,4170907
2019,Dental & Vision,Florida,6669759,4445633
2015,Indemnity Health,New York,8916615,6797148
2023,Accident Insurance,Illinois,6690294,5515947
2016,Long-term Care,Ohio,4861311,4449563
2015,Dental & Vision,Arizona,3164833,2624563
2021,Long-term Care,California,9469574,11633904
2015,Cancer Insurance,Missouri,3941868,3553189
2022,Indemnity Health,California,12976060,13898733
2021,Dental & Vision,Massachusetts,5786052,5185270
2017,Critical Illness,Ohio,3999101,2762259
2019,Indemnity Health,Missouri,2481488,2598078
2018,Dental & Vision,Missouri,2493917,2135243
2017,Long-term Care,Indiana,3312234,3686637
2020,Cancer Insurance,Virginia,4039304,3083640
2023,Accident Insurance,Maryland,3179847,2573708
2015,Dental & Vision,Florida,6993647,4823692
2017,Dental & Vision,California,12199590,11269924
2022,Indemnity Health,California,11898486,8900669
2019,Long-term Care,New Jersey,3978567,3487590
2021,Dental & Vision,California,14537508,11303103
2015,Long-term Care,Georgia,4684935,4297969
2021,Cancer Insurance,Indiana,3340674,1978112
2023,Accident Insurance,California,12423406,9157807
2018,Accident Insurance,Michigan,3270818,2907028
2017,Indemnity Health,North Carolina,4571831,4549718
2024,Long-term Care,Indiana,3205860,3787560
2021,Long-term Care,Maryland,4233366,4087624
2015,Dental & Vision,Georgia,4609967,3710177
2015,Indemnity Health,Michigan,4779090,3419245
2015,Accident Insurance,Florida,9417764,9548629
2021,Indemnity Health,Arizona,4738160,4781680
2024,Cancer Insurance,Massachusetts,3876010,3610593
2021,Long-term Care,Maryland,4296372,4496569
2018,Cancer Insurance,Georgia,3515294,2791709
2022,Critical Illness,New York,11603628,9735156
2022,Cancer Insurance,California,13111155,9927240
2015,Long-term Care,Indiana,3672402,3465098
2018,Critical Illness,Wisconsin,3062770,1982928
2022,Dental & Vision,Tennessee,3090228,2324999
2019,Long-term Care,Massachusetts,4731247,5123109
2015,Long-term Care,Illinois,6765450,6155777
2018,Critical Illness,Ohio,3717286,2089546
2020,Cancer Insurance,Pennsylvania,5396063,3883518
2019,Indemnity Health,Illinois,6901899,6063318
2015,Dental & Vision,Massachusetts,4294262,2908617
2017,Indemnity Health,Missouri,3538039,3664235
2022,Critical Illness,Tennessee,4161038,3221258
2018,Critical Illness,Michigan,3834991,2048115
2024,Long-term Care,Arizona,4413074,5274085
2019,Accident Insurance,California,10214231,7443072
2023,Critical Illness,Ohio,5652045,4507309
2024,Critical Illness,New York,12629566,9317184
2024,Cancer Insurance,Washington,4041337,2933987
2023,Cancer Insurance,New Jersey,4166608,2511298
2021,Accident Insurance,Washington,4632142,4416044
2015,Accident Insurance,Tennessee,4064791,4043969
2022,Long-term Care,Georgia,4092989,3770054
2019,Critical Illness,North Carolina,5570209,3479441
2019,Dental & Vision,Michigan,3949635,2763630
2017,Accident Insurance,Ohio,5501252,4318607
2022,Dental & Vision,Texas,11125810,7474863
2022,Indemnity Health,Florida,9322717,8576552
2019,Indemnity Health,Ohio,4177588,4052522
2024,Critical Illness,Massachusetts,4863107,4593801
2017,Long-term Care,Missouri,2729160,3095160
2024,Indemnity Health,North Carolina,5095481,4819751
2018,Accident Insurance,New Jersey,4679910,3275412
2023,Accident Insurance,Tennessee,3886073,3122210
2019,Indemnity Health,New York,12707628,12317049
2015,Long-term Care,Missouri,3185808,3622349
2024,Long-term Care,Michigan,3446994,3773506
2021,Long-term Care,New Jersey,4559548,4444096
2022,Cancer Insurance,Ohio,4697883,4316697
2023,Cancer Insurance,Georgia,4425004,2848069
2020,Critical Illness,Arizona,3755897,2807113
2020,Critical Illness,Virginia,5392507,4445799
2024,Accident Insurance,Virginia,3346565,2807962
2024,Cancer Insurance,Ohio,3944576,3650032
2023,Accident Insurance,Arizona,4220870,3721660
2019,Accident Insurance,Tennessee,4343987,2891068
2018,Cancer Insurance,North Carolina,5276986,3442126
2020,Indemnity Health,Wisconsin,3546858,3003233
2020,Long-term Care,Virginia,4673656,5121505
2021,Accident Insurance,Florida,6456547,4488701
2024,Long-term Care,Indiana,3335868,3303056
2024,Long-term Care,Washington,3649876,4220100
2020,Long-term Care,New York,10277585,11104209
2020,Dental & Vision,Virginia,4617886,4136786
2021,Critical Illness,Washington,4818996,2352390
2022,Accident Insurance,California,13454834,9706180
2021,Cancer Insurance,Florida,8822434,5807014
2020,Cancer Insurance,New York,10229263,5949331
2024,Critical Illness,Texas,9870440,9508232
2015,Critical Illness,Wisconsin,3620869,2044121
2015,Critical Illness,Michigan,3398810,2182819
2018,Critical Illness,Florida,9280568,5101641
2016,Long-term Care,Maryland,4331569,4533637
2020,Long-term Care,Florida,9352118,9909036
2017,Indemnity Health,Illinois,4502076,3618800
2019,Dental & Vision,Tennessee,4302400,3301472
2018,Long-term Care,Indiana,2638241,3257940
2020,Long-term Care,Tennessee,3734924,3813363
2021,Cancer Insurance,Georgia,4438436,2847374
2017,Critical Illness,New Jersey,6201635,5078109
2016,Indemnity Health,Pennsylvania,6824052,7449279
2020,Accident Insurance,California,13903041,10462640
2019,Cancer Insurance,Michigan,3671651,3456583
2019,Indemnity Health,Michigan,3122377,2204295
2021,Accident Insurance,Maryland,3745700,2702987
2017,Accident Insurance,California,9516055,7559229
2021,Cancer Insurance,North Carolina,3342448,2830344
2023,Cancer Insurance,Maryland,3202654,1867569
2024,Long-term Care,California,10943154,14564854
2023,Critical Illness,Wisconsin,4121375,2412105
2022,Indemnity Health,New York,12191322,11826208
2019,Long-term Care,Illinois,7384887,6637282
2015,Dental & Vision,Michigan,4429655,3509917
2021,Long-term Care,Tennessee,2506302,2624384
2015,Long-term Care,Pennsylvania,4682230,4945382
2022,Dental & Vision,Ohio,4660039,4483861
2018,Long-term Care,New York,12880780,14987885
2015,Dental & Vision,Ohio,3632894,2405705
2023,Accident Insurance,Ohio,4667115,3118598
2016,Long-term Care,Florida,6795101,6123768
2015,Dental & Vision,Virginia,5342554,4095236
2022,Indemnity Health,Florida,8706082,8160365
2021,Cancer Insurance,Massachusetts,5551755,3556301
2018,Dental & Vision,Illinois,5101711,3633660
2020,Indemnity Health,Massachusetts,5479728,5392704
2023,Long-term Care,Arizona,3139225,3866055
2018,Cancer Insurance,Wisconsin,3177116,2626353
2017,Accident Insurance,Arizona,4030901,3478461
2017,Indemnity Health,New Jersey,4304819,4680309
2017,Critical Illness,Missouri,2795530,2391597
2018,Dental & Vision,New York,12025852,9334116
2024,Dental & Vision,Ohio,3841745,2980182
2015,Cancer Insurance,Indiana,3937048,2863086
2024,Indemnity Health,Missouri,3834391,3091347
2016,Cancer Insurance,New Jersey,5645829,4825073
2019,Accident Insurance,Georgia,5351671,4944629
2024,Accident Insurance,Georgia,4310385,3571340
2016,Cancer Insurance,Georgia,3846789,2691813
2021,Dental & Vision,Virginia,5349047,3977540
2018,Cancer Insurance,Wisconsin,3146357,2306380
2018,Critical Illness,Pennsylvania,4062201,2967380
2022,Indemnity Health,Arizona,4879477,5371788
2022,Critical Illness,Massachusetts,4357194,3452996
2017,Indemnity Health,New York,9854063,10219260
2016,Cancer Insurance,North Carolina,5421514,3646518
2018,Cancer Insurance,New Jersey,3806323,3244588
2017,Critical Illness,Wisconsin,3351549,1777748
2024,Critical Illness,Arizona,4967622,4246489
2016,Indemnity Health,Texas,9177351,7458038
2021,Cancer Insurance,Missouri,4118315,4094994
2020,Dental & Vision,California,12454296,9592079
2020,Indemnity Health,Illinois,6476696,4863569
2015,Long-term Care,New York,9188268,10871325
2016,Cancer Insurance,Ohio,4484482,2613352
2017,Accident Insurance,Wisconsin,3151843,2611051
2021,Indemnity Health,Illinois,5952581,5665009
2018,Dental & Vision,Virginia,4326300,3523468
2023,Dental & Vision,California,10393561,9134916
2022,Long-term Care,Texas,9989442,10058264
2018,Indemnity Health,New York,11756457,9509954
2015,Dental & Vision,Illinois,5124521,3734575
2024,Long-term Care,Tennessee,4359882,4006053
2022,Critical Illness,California,9739388,6247363
2022,Critical Illness,Arizona,3365192,1940385
2024,Indemnity Health,Georgia,3503640,3419826
2022,Long-term Care,Virginia,4960691,4714114
2023,Cancer Insurance,Wisconsin,4225553,2910209
2023,Cancer Insurance,Washington,4706922,3230767
2023,Indemnity Health,Virginia,5208662,4228912
2023,Long-term Care,Massachusetts,4475217,4438858
2022,Cancer Insurance,Virginia,4728662,2927777
2024,Critical Illness,Indiana,3373795,2822136
2024,Accident Insurance,New Jersey,5952130,5136846
2021,Dental & Vision,Indiana,3308057,2771537
2015,Long-term Care,Indiana,2599672,2682309
2018,Dental & Vision,Missouri,4051190,2944307
2019,Long-term Care,New York,12683877,13790658
2016,Cancer Insurance,Missouri,3091454,2169938
2023,Critical Illness,North Carolina,3335227,2926070
2021,Long-term Care,Missouri,3721336,3712526
2019,Cancer Insurance,Virginia,4699610,2808354
2020,Critical Illness,Illinois,5561737,3232817
2017,Cancer Insurance,Ohio,5549071,3251145
2023,Long-term Care,Illinois,4633739,4950784
2017,Indemnity Health,Georgia,4437354,3580320
2021,Long-term Care,Georgia,4833662,4862727
2018,Dental & Vision,Washington,5236880,4218613
2019,Indemnity Health,North Carolina,3519333,3234374
2023,Critical Illness,Ohio,3836736,2882981
2018,Critical Illness,Wisconsin,4077253,3464594
2022,Indemnity Health,North Carolina,4396922,4755454
2015,Critical Illness,Michigan,4542306,2556283
2016,Indemnity Health,New York,11815481,9796712
2019,Long-term Care,New Jersey,5947477,6020827
2015,Accident Insurance,Illinois,5018182,3275707
2023,Long-term Care,Florida,9856700,11567601
2022,Cancer Insurance,Arizona,3476694,2095305
2017,Accident Insurance,New York,8551792,5852153
2016,Accident Insurance,Illinois,4729148,3428630
2018,Critical Illness,New Jersey,5047767,2879228
2021,Dental & Vision,Georgia,3493536,2540287
2016,Indemnity Health,Tennessee,4401772,3870204
2022,Critical Illness,North Carolina,3663768,2738329
2019,Cancer Insurance,Florida,9572797,6780736
2024,Dental & Vision,Tennessee,4171406,4079792
2016,Cancer Insurance,California,9044971,5935469
2021,Cancer Insurance,California,9585801,6783888
2023,Long-term Care,Illinois,4813972,5974996
2019,Long-term Care,Michigan,3684292,3531843
2019,Long-term Care,Texas,8991616,8181613
2017,Cancer Insurance,Indiana,3410517,2959549
2023,Long-term Care,Texas,8523440,10509839
2017,Dental & Vision,North Carolina,5170953,4064914
2022,Critical Illness,Pennsylvania,6500145,5481136
2019,Critical Illness,Maryland,4625233,2691944
2015,Critical Illness,Arizona,3542545,2486428
2024,Critical Illness,Indiana,3320190,3047898
2015,Dental & Vision,New Jersey,3985793,3271066
2024,Accident Insurance,Ohio,5270893,3917545
2024,Accident Insurance,Texas,11080903,10155668
2020,Cancer Insurance,Massachusetts,4308402,2628286
2018,Cancer Insurance,California,13166211,8644353
2024,Cancer Insurance,Florida,8444052,7491764
2021,Dental & Vision,Arizona,2810112,2008463
2016,Long-term Care,Texas,9548718,11828015
2022,Long-term Care,Ohio,4787469,5152952
2018,Accident Insurance,New Jersey,6420071,5165617
2016,Long-term Care,Tennessee,3125657,3613298
2020,Accident Insurance,Tennessee,2875876,2115166
2016,Long-term Care,Washington,5208283,6113278
2021,Dental & Vision,Ohio,4259329,3051958
2021,Accident Insurance,New Jersey,5844371,4733030
2015,Critical Illness,New York,9944059,5082374
2021,Long-term Care,Ohio,5636219,6174311
2017,Dental & Vision,Tennessee,3065410,2077911
2024,Dental & Vision,Tennessee,4414321,3434293
2016,Indemnity Health,Illinois,6531062,5359882
2021,Long-term Care,Tennessee,3112286,3800853
2024,Cancer Insurance,Pennsylvania,4986511,3158283
2021,Indemnity Health,Georgia,3165843,2643964
2016,Critical Illness,Pennsylvania,5932931,3126609
2020,Cancer Insurance,Florida,6110847,5066257
2017,Critical Illness,New Jersey,6034318,4910041
2017,Long-term Care,California,11714382,12595227
2015,Long-term Care,Arizona,3873289,4136965
2019,Indemnity Health,Maryland,3306811,2586950
2019,Long-term Care,California,12154925,10777107
2023,Critical Illness,Wisconsin,2782401,1685057
2023,Long-term Care,California,10744810,11249320
2024,Indemnity Health,California,10936366,10278261
2021,Indemnity Health,Florida,6508790,6024367
2016,Critical Illness,Wisconsin,3016694,2063704
2017,Long-term Care,Pennsylvania,5562535,6004728
2018,Long-term Care,Massachusetts,5034023,5765467
2018,Dental & Vision,Missouri,2948116,1923889
2023,Long-term Care,Massachusetts,3654605,4677039
2020,Dental & Vision,Illinois,5290281,4655473
2018,Critical Illness,New Jersey,5756266,4590753
2024,Critical Illness,Arizona,3769050,1944422
2023,Indemnity Health,Washington,5511476,4603110
2019,Indemnity Health,Illinois,6219656,5731511
2016,Dental & Vision,Washington,4542442,3496670
2024,Long-term Care,Missouri,2982006,3102927
2022,Critical Illness,North Carolina,4472054,3751149
2023,Indemnity Health,Pennsylvania,5694126,5665397
2017,Accident Insurance,Michigan,3789644,3612939
2021,Indemnity Health,Arizona,4945124,5495959
2022,Critical Illness,New Jersey,5353857,4183465
2017,Dental & Vision,North Carolina,5785229,4630872
2015,Indemnity Health,Texas,9342265,9321829
2022,Cancer Insurance,Michigan,3445464,3240974
2023,Indemnity Health,Arizona,4069588,3429060
2017,Cancer Insurance,Wisconsin,3101467,2073104
2019,Dental & Vision,North Carolina,3964190,3387916
2021,Cancer Insurance,Ohio,5560810,4606389
2017,Long-term Care,New York,8724978,10039596
2021,Dental & Vision,Illinois,6001125,4400168
2019,Indemnity Health,New Jersey,4990798,3598064
2021,Cancer Insurance,Illinois,6021780,4728391
2024,Indemnity Health,Maryland,5034824,5599757
2022,Critical Illness,Tennessee,3725507,2601472
2017,Dental & Vision,Massachusetts,4129488,3468185
2020,Cancer Insurance,Florida,7765198,4747096
2018,Indemnity Health,Texas,10630138,7313929
2016,Critical Illness,Pennsylvania,4788334,2498151
2020,Indemnity Health,Indiana,3395465,2911789
2020,Indemnity Health,Virginia,5151752,3856819
2023,Indemnity Health,Tennessee,3791553,3664244
2018,Critical Illness,Georgia,5495032,3650862
2019,Long-term Care,Ohio,3869871,5010705
2022,Long-term Care,Michigan,4692245,4351148
2023,Indemnity Health,New Jersey,3881423,3660657
2020,Accident Insurance,Ohio,4490485,3838662
2019,Dental & Vision,Tennessee,4308173,3555325
2020,Cancer Insurance,Missouri,3043986,1880683
2017,Critical Illness,California,10041337,5433091
2016,Critical Illness,Indiana,2766857,1634962
2022,Dental & Vision,Maryland,4472634,3191371
2020,Dental & Vision,New York,10396550,8507356
2015,Dental & Vision,New York,8432320,6261509
2021,Long-term Care,Virginia,3319403,3959867
2020,Critical Illness,Georgia,3801821,2345494
2020,Indemnity Health,Missouri,3271462,2682531
2023,Long-term Care,Pennsylvania,6914009,8119545
2022,Critical Illness,Wisconsin,2748001,2115809
2022,Accident Insurance,Virginia,4726385,4414809
2015,Cancer Insurance,Tennessee,3155810,1839340
2017,Indemnity Health,Maryland,3954501,3209571
2020,Dental & Vision,Wisconsin,3136664,2500537
2023,Accident Insurance,New York,11857730,11887282
2021,Cancer Insurance,Florida,9997403,6511038
2024,Dental & Vision,Massachusetts,6023708,5168182
2017,Cancer Insurance,New Jersey,4437605,2570240
2020,Critical Illness,Michigan,3294999,1881059
2022,Critical Illness,Georgia,5354652,3824189
2016,Accident Insurance,Florida,6600609,4380921
2019,Dental & Vision,Maryland,4398935,3706836
2016,Cancer Insurance,Maryland,4960427,3697013
2019,Long-term Care,Illinois,6131285,6440701
2023,Indemnity Health,Florida,8646239,8343485
2019,Long-term Care,Washington,4397567,4697647
2021,Indemnity Health,California,14200380,14219788
2019,Indemnity Health,Wisconsin,2412191,2612260
2023,Cancer Insurance,North Carolina,4419942,3294763
2015,Accident Insurance,Georgia,5065713,4746494
2021,Cancer Insurance,Washington,5132376,4224755
2018,Cancer Insurance,California,12232690,7851860
2024,Cancer Insurance,Illinois,6739080,6087464
2019,Indemnity Health,Washington,5303237,4605248
2018,Critical Illness,Georgia,4061501,2574683
2020,Accident Insurance,Michigan,3609159,3367703
2023,Dental & Vision,Ohio,5119612,3687387
2022,Dental & Vision,Michigan,3331697,3092354
2024,Indemnity Health,Ohio,5382398,4882184
2024,Indemnity Health,New Jersey,4295682,4116522
2019,Critical Illness,Washington,5974488,5180372
2024,Cancer Insurance,Ohio,5877676,3776965
2022,Critical Illness,Michigan,3019437,2043397
2016,Long-term Care,Virginia,5062160,5911868
2019,Accident Insurance,Arizona,2806018,1924441
2024,Accident Insurance,Pennsylvania,4104401,3492839
2024,Dental & Vision,Tennessee,4173572,4150618
2015,Accident Insurance,Washington,5924020,4270501
2016,Long-term Care,Tennessee,3492811,3105347
2023,Accident Insurance,California,9633023,8847874
2015,Accident Insurance,Massachusetts,5680157,4836311
2021,Critical Illness,Pennsylvania,6920538,4291193
2018,Critical Illness,North Carolina,5590566,3766604
2018,Long-term Care,Illinois,6171055,6319336
2023,Indemnity Health,Pennsylvania,5727727,5010504
2020,Dental & Vision,Illinois,6058044,5220226
2024,Dental & Vision,Massachusetts,4276775,3906896
2024,Cancer Insurance,California,13109548,12141061
2024,Cancer Insurance,Virginia,3567465,3541817
2017,Accident Insurance,Massachusetts,6198543,4397290
2023,Dental & Vision,Illinois,7074780,5143570
2015,Long-term Care,Florida,6976275,7776463
2018,Long-term Care,New Jersey,5221872,4906097
2021,Critical Illness,Tennessee,3536769,2839464
2024,Indemnity Health,Wisconsin,3342809,3363883
2021,Critical Illness,Michigan,4496012,3266425
2022,Critical Illness,New Jersey,5047013,4143161
2023,Critical Illness,Virginia,3877656,3143982
2018,Indemnity Health,Indiana,2329908,2064692
2022,Critical Illness,Pennsylvania,6253833,5365344
2017,Critical Illness,Virginia,4574750,2532763
2016,Indemnity Health,Michigan,3713688,3626212
2023,Long-term Care,Washington,5969615,7343822
2015,Critical Illness,Maryland,4157448,3422291
2022,Critical Illness,Ohio,4721667,4306068
2022,Long-term Care,Missouri,2816215,3529977
2020,Critical Illness,Georgia,4540214,3089649
2020,Accident Insurance,Indiana,3464627,3442353
2019,Dental & Vision,California,13613272,10173840
2017,Long-term Care,Pennsylvania,6694955,7086148
2024,Long-term Care,North Carolina,3935708,4206470
2021,Indemnity Health,North Carolina,5622417,4101541
2020,Long-term Care,Arizona,3752954,3238475
2016,Long-term Care,New York,11261897,10916174
2017,Cancer Insurance,Florida,8362922,5389135
2016,Indemnity Health,Pennsylvania,4265789,3597349
2023,Dental & Vision,Illinois,4513559,3706291
2024,Accident Insurance,Florida,9734036,8901512
2018,Accident Insurance,Washington,3555657,3174934
2016,Cancer Insurance,Ohio,4165239,2713529
2023,Indemnity Health,New York,8952227,9358518
2020,Critical Illness,Florida,9361475,6816562
2018,Long-term Care,Michigan,4441381,4952606
2017,Cancer Insurance,Ohio,4033159,2774323
2015,Indemnity Health,Wisconsin,2859285,2710814
2024,Critical Illness,Michigan,3045837,2788690
2019,Accident Insurance,Illinois,5487163,3577038
2020,Long-term Care,Illinois,5910174,6978590
2022,Cancer Insurance,Missouri,2551251,1494575
2016,Long-term Care,New Jersey,4719953,4993897
2016,Cancer Insurance,Maryland,4438228,3135736
2015,Indemnity Health,New Jersey,4687767,3972552
2022,Long-term Care,Pennsylvania,5540715,5812037
2019,Critical Illness,New Jersey,4564534,3206223
2018,Indemnity Health,California,10106376,7877548
2015,Cancer Insurance,Ohio,4976152,3510661
2015,Accident Insurance,Illinois,7486543,4484297
2018,Accident Insurance,Georgia,3175726,2761168
2016,Critical Illness,Virginia,4361419,2091248
2016,Indemnity Health,Maryland,4859775,4525940
2024,Long-term Care,Indiana,3033746,3784520
2023,Critical Illness,Wisconsin,3621724,2697559
2020,Indemnity Health,North Carolina,3497041,3622591
2019,Critical Illness,Georgia,3791210,2258445
2019,Cancer Insurance,Arizona,2865755,2149719
2021,Critical Illness,Texas,10316417,9270876
2022,Indemnity Health,Texas,7685100,9023787
2021,Long-term Care,Wisconsin,3564701,3287147
2023,Indemnity Health,Michigan,3988448,3518821
2023,Long-term Care,Virginia,4463096,3901497
2023,Critical Illness,Maryland,3181552,2024112
2020,Accident Insurance,Tennessee,4402743,3721382
2018,Accident Insurance,New York,9155279,7309603
2016,Cancer Insurance,Washington,4750004,3192223
2023,Accident Insurance,Tennessee,2910320,2678637
2016,Long-term Care,Indiana,3592640,4632382
2019,Indemnity Health,Massachusetts,4922570,4671303
2022,Cancer Insurance,Massachusetts,4678319,4476809
2019,Critical Illness,Washington,5274612,3495673
2019,Critical Illness,Indiana,3719239,2658713
2024,Critical Illness,Virginia,4254745,3483606
2022,Indemnity Health,Wisconsin,3828267,3598321
2020,Dental & Vision,Arizona,4934553,4490147
2024,Dental & Vision,Indiana,3745133,3430514
2015,Critical Illness,Missouri,2427297,1579499
2024,Long-term Care,Ohio,5699745,7823437
2020,Long-term Care,Pennsylvania,6764008,7567531
2017,Indemnity Health,Tennessee,3234857,2623966
2023,Indemnity Health,Pennsylvania,5982968,5524129
2024,Long-term Care,New York,11314609,14353576
2019,Indemnity Health,North Carolina,4555494,3748465
2019,Long-term Care,Missouri,3903302,4581672
2024,Accident Insurance,Indiana,2656718,2316365
2018,Accident Insurance,Illinois,5775847,5316955
2017,Cancer Insurance,Pennsylvania,6255544,3800302
2022,Indemnity Health,Georgia,5336639,4843668
2017,Accident Insurance,Pennsylvania,6289031,6228848
2015,Long-term Care,Wisconsin,2985340,2934493
2018,Dental & Vision,Arizona,2871377,2300247
2019,Long-term Care,Texas,11601688,12139567
2023,Critical Illness,California,12589313,7402675
2024,Cancer Insurance,Tennessee,3899233,2803410
2016,Dental & Vision,California,13491834,9362271
2020,Critical Illness,New Jersey,5805914,5114725
2020,Dental & Vision,Virginia,4761423,3830175
2020,Indemnity Health,Tennessee,3192677,2761205
2024,Indemnity Health,Georgia,3831306,3705797
2015,Critical Illness,Washington,4996700,3891046
2021,Accident Insurance,Massachusetts,5340766,5058134
2016,Indemnity Health,Wisconsin,3008578,3026633
2016,Critical Illness,New Jersey,4516284,3189962
2024,Long-term Care,Wisconsin,2818189,2688215
2021,Cancer Insurance,New Jersey,5908114,4074176
2021,Critical Illness,North Carolina,4748034,2766139
2023,Cancer Insurance,North Carolina,4434837,4176260
2016,Critical Illness,Illinois,7401132,4222021
2023,Critical Illness,New York,10266004,5593654
2018,Indemnity Health,Indiana,2451480,2195863
2024,Cancer Insurance,California,12975626,11382552
2018,Indemnity Health,Michigan,3112030,3222399
2022,Accident Insurance,Massachusetts,5723728,5144679
2024,Cancer Insurance,Wisconsin,2512788,1809902
2017,Critical Illness,New York,9222367,7552514
2023,Cancer Insurance,Texas,9521619,9411965
2023,Long-term Care,Missouri,3913318,4566079
2024,Cancer Insurance,Illinois,4572177,4218589
2018,Cancer Insurance,Wisconsin,2713266,2407495
2020,Accident Insurance,Michigan,4012877,2745562
2019,Dental & Vision,New York,8074113,6375349
2023,Cancer Insurance,Wisconsin,2624720,1789336
2022,Accident Insurance,Florida,8671905,7904274
2024,Critical Illness,Washington,4872989,3072938
2020,Accident Insurance,Georgia,3848023,3528772
2021,Indemnity Health,Ohio,5904897,5052415
2017,Critical Illness,Georgia,5240846,3950215
2023,Cancer Insurance,Maryland,3236330,3199232
2016,Dental & Vision,Arizona,4408472,3637492
2015,Cancer Insurance,New Jersey,5194684,3026382
2016,Critical Illness,New Jersey,4737609,3970561
2018,Dental & Vision,Georgia,5226880,4114909
2017,Cancer Insurance,Ohio,5127657,3336204
2021,Critical Illness,Arizona,3865827,3581792
2016,Dental & Vision,Virginia,3469536,2631901
2024,Dental & Vision,Indiana,3780818,3454746
2016,Indemnity Health,Illinois,5474454,5510843
2022,Indemnity Health,Georgia,4089614,3266673
2016,Long-term Care,Ohio,5753971,6633184
2018,Cancer Insurance,Indiana,2291118,1671113
2018,Cancer Insurance,Ohio,3617526,2176736
2017,Long-term Care,Tennessee,3061639,3758111
2015,Cancer Insurance,North Carolina,5736142,3295426
2024,Critical Illness,Illinois,6272234,5224740
2022,Accident Insurance,Texas,9394926,8738319
2022,Accident Insurance,Arizona,3125654,2795570
2023,Critical Illness,Florida,7379098,4271437
2017,Long-term Care,California,14066063,14105368
2021,Indemnity Health,Tennessee,4276236,3313092
2018,Long-term Care,Indiana,3469751,4146025
2022,Cancer Insurance,Wisconsin,3368552,2762155
2019,Dental & Vision,Virginia,4975979,4353432
2019,Indemnity Health,California,12370503,10540337
2020,Cancer Insurance,Missouri,2421126,1406487
2015,Critical Illness,Wisconsin,3934231,3592230
2017,Indemnity Health,New Jersey,4674866,3981842
2015,Long-term Care,California,12771239,12745250
2019,Indemnity Health,California,13596251,12075356
2022,Accident Insurance,Arizona,4696643,3946941
2024,Accident Insurance,Michigan,3245020,2914638
2023,Critical Illness,Florida,6542591,4681188
2015,Long-term Care,Wisconsin,3978433,4225526
2021,Critical Illness,Massachusetts,4666948,2878711
2017,Cancer Insurance,Michigan,4181459,3559053
2019,Dental & Vision,Michigan,4303799,3690997
2015,Long-term Care,New York,9690005,10692025
2022,Dental & Vision,California,12869356,11477432
2024,Long-term Care,Illinois,5888942,7418440
2017,Indemnity Health,Georgia,3192937,3116227
2020,Accident Insurance,Florida,6815982,4382581
2019,Critical Illness,Wisconsin,3462922,2665057
2021,Dental & Vision,Maryland,3112137,2515791
2018,Cancer Insurance,Illinois,5776690,3761277
2019,Cancer Insurance,Texas,9207419,6145398
2021,Indemnity Health,Maryland,3603656,3450072
2018,Indemnity Health,Massachusetts,6068353,6255022
2023,Long-term Care,Indiana,2345508,2531194
2022,Indemnity Health,Indiana,2607759,2144974
2019,Cancer Insurance,Florida,8607312,6389063
2017,Critical Illness,Massachusetts,4325085,3447140
2023,Long-term Care,New Jersey,5389193,5790092
2022,Critical Illness,New Jersey,5300401,3915606
2021,Cancer Insurance,Ohio,4532903,3083914
2015,Critical Illness,Massachusetts,5663580,2957656
2023,Accident Insurance,Virginia,4640453,3333309
2019,Long-term Care,Washington,4024243,5105597
2019,Indemnity Health,North Carolina,4789434,3804575
2020,Cancer Insurance,Georgia,3526175,2950665
2015,Critical Illness,Arizona,4624427,3229992
2016,Dental & Vision,Ohio,3764960,2857519
2024,Dental & Vision,Ohio,4586511,3147587
2017,Long-term Care,Massachusetts,4729984,5333707
2017,Indemnity Health,Michigan,4364079,3488670
2023,Cancer Insurance,Florida,7342012,7007390
2019,Dental & Vision,Maryland,4497653,3706940
2024,Accident Insurance,Tennessee,2811456,1957450
2023,Dental & Vision,Ohio,3955282,2975081
2017,Cancer Insurance,Indiana,3726363,2415097
2015,Accident Insurance,New York,11136998,7266094
2019,Long-term Care,Wisconsin,2698218,2915100
2024,Long-term Care,Maryland,3692090,4248745
2016,Dental & Vision,Wisconsin,3504099,2897912
2024,Indemnity Health,Texas,11617764,11768246
2017,Accident Insurance,Missouri,3536549,2595063
2016,Dental & Vision,Illinois,6622588,4084897
2019,Critical Illness,Pennsylvania,5643277,3365224
2016,Indemnity Health,Ohio,5354325,4210711
2021,Cancer Insurance,Maryland,3895351,2617213
2017,Critical Illness,Tennessee,4407656,3326212
2017,Indemnity Health,Texas,11458697,11807581
2017,Dental & Vision,Maryland,4498417,3542370
2020,Long-term Care,Missouri,3657863,4261629
2022,Cancer Insurance,Virginia,3958633,3170335
2022,Cancer Insurance,Tennessee,3123121,2194233
2023,Critical Illness,Texas,10916813,8566866
2023,Cancer Insurance,New York,11054656,8970273
2015,Dental & Vision,Wisconsin,2899473,2376633
2019,Dental & Vision,Massachusetts,5479177,3766014
2021,Dental & Vision,Massachusetts,6122764,4771308
2024,Long-term Care,Florida,9541035,9906633
2023,Indemnity Health,California,12805516,10525067
2024,Cancer Insurance,Indiana,3635892,2230982
2021,Cancer Insurance,North Carolina,3579181,3023629
2021,Long-term Care,Illinois,6351354,6639213
2021,Cancer Insurance,Washington,5973075,3625799
2017,Indemnity Health,North Carolina,3789163,3493361
2015,Cancer Insurance,Wisconsin,2476210,2189449
2019,Indemnity Health,Pennsylvania,4586942,3867820
2018,Accident Insurance,Missouri,3594355,2956608
2018,Indemnity Health,Arizona,3582904,3817072
2024,Accident Insurance,Massachusetts,5227879,3808159
2015,Long-term Care,Indiana,3257378,2921719
2020,Indemnity Health,Georgia,3370791,3435820
2021,Dental & Vision,Texas,10157422,8244236
2018,Long-term Care,Georgia,4937180,4753613
2017,Indemnity Health,Florida,7101001,7088423
2016,Accident Insurance,Florida,7182112,6806767
2018,Cancer Insurance,Indiana,3980793,3190398
2023,Cancer Insurance,New Jersey,6017713,4268617
2017,Accident Insurance,Arizona,3497754,2535005
2020,Accident Insurance,Pennsylvania,6162894,5404095
2015,Indemnity Health,Georgia,3522716,3265302
2023,Accident Insurance,California,14154000,12509725
2019,Indemnity Health,Tennessee,3495809,3813074
2023,Dental & Vision,New York,9814974,7519545
2021,Cancer Insurance,Arizona,3578880,2503292
2016,Critical Illness,North Carolina,4335267,2492756
2021,Indemnity Health,New York,9534548,9401241
2020,Dental & Vision,Missouri,2586241,2287652
2016,Long-term Care,Michigan,4682211,5946958
2020,Indemnity Health,Michigan,4988668,4900723
2017,Dental & Vision,North Carolina,4605085,3642855
2024,Indemnity Health,Pennsylvania,4186241,3280342
2019,Critical Illness,New York,11724871,6635147
2024,Accident Insurance,Washington,4441016,2956976
2024,Accident Insurance,Tennessee,2560427,2140944
2019,Cancer Insurance,Ohio,5291778,4926455
2021,Accident Insurance,Pennsylvania,6350277,5995170
2021,Long-term Care,Indiana,3520548,3593171
2020,Accident Insurance,Michigan,3736323,3099303
2017,Dental & Vision,Texas,7687858,5279991
2017,Critical Illness,New York,12270063,7893219
2021,Indemnity Health,New York,9707006,8973914
2022,Dental & Vision,Illinois,5552803,5185792
2019,Accident Insurance,California,12875734,8152601
2023,Long-term Care,Indiana,3247694,3975681
2019,Indemnity Health,Indiana,2334197,2097993
2019,Critical Illness,North Carolina,5723049,3040624
2015,Cancer Insurance,Maryland,3331473,2215558
2018,Accident Insurance,Texas,9412209,7916486
2016,Dental & Vision,Massachusetts,5511698,3699591
2017,Indemnity Health,Florida,7922006,8172420
2020,Long-term Care,Maryland,3373488,3952522
2021,Indemnity Health,Michigan,4206546,4009621
2021,Accident Insurance,New Jersey,5454967,5526091
2015,Cancer Insurance,Georgia,4377730,3753166
2015,Indemnity Health,North Carolina,4185110,3768772
2021,Cancer Insurance,Tennessee,2577756,1951763
2018,Dental & Vision,North Carolina,5330950,4868749
2021,Indemnity Health,Tennessee,3483661,3064825
2021,Indemnity Health,Massachusetts,4476506,3939804
2018,Long-term Care,Tennessee,3280931,3079000
2024,Critical Illness,Washington,5869258,3880948
2021,Indemnity Health,Maryland,4613095,3412824
2017,Accident Insurance,Georgia,4828331,3056527
2021,Accident Insurance,Wisconsin,3986427,2487238
2019,Dental & Vision,Washington,5099073,4112775
2019,Critical Illness,North Carolina,5734861,4010662
2020,Accident Insurance,California,13189065,10652865
2020,Long-term Care,Missouri,3690192,3744306
2020,Cancer Insurance,Tennessee,4057984,3668707
2016,Accident Insurance,Texas,11441473,9325487
2019,Long-term Care,Washington,5183135,4800796
2016,Critical Illness,Washington,5969824,4898554
2020,Critical Illness,North Carolina,3327668,2032542
2021,Dental & Vision,Texas,8824751,6973963
2017,Accident Insurance,Massachusetts,4562779,3332781
2018,Critical Illness,Virginia,4887361,3646255
2020,Critical Illness,Michigan,4980831,4266581
2021,Cancer Insurance,New York,10004737,7084009
2022,Cancer Insurance,Massachusetts,5760915,4519631
2019,Cancer Insurance,Indiana,3661595,2578877
2015,Dental & Vision,Georgia,3647084,3008055
2021,Long-term Care,Washington,5114054,5387294
2018,Dental & Vision,New Jersey,6118593,6138434
2022,Dental & Vision,Ohio,5965052,5371961
2021,Indemnity Health,Arizona,4976309,5409238
2023,Long-term Care,Texas,7913206,10320740
2015,Accident Insurance,Tennessee,4424581,3396180
2022,Indemnity Health,Illinois,6725948,7485666
2023,Accident Insurance,California,13427812,9145682
2016,Accident Insurance,New York,8744167,8691568
2023,Critical Illness,Wisconsin,2541807,1363865
2019,Critical Illness,North Carolina,5157253,3513022
2024,Long-term Care,Arizona,2826429,3225192
2020,Accident Insurance,Missouri,2757806,1986533
2017,Indemnity Health,Massachusetts,5498194,5200051
2022,Long-term Care,Missouri,2373874,2514310
2020,Cancer Insurance,Illinois,6078766,5223023
2019,Critical Illness,Michigan,4206082,3888144
2021,Dental & Vision,Washington,4283457,2998563
2021,Critical Illness,Virginia,5415302,2991646
2018,Long-term Care,Maryland,3921094,3916230
2021,Cancer Insurance,Missouri,2883437,1740990
2020,Long-term Care,Texas,8724480,10678042
2017,Cancer Insurance,Virginia,4952122,4416269
2021,Cancer Insurance,North Carolina,4936152,4111510
2022,Cancer Insurance,North Carolina,5365505,4999465
2015,Dental & Vision,New York,9469123,7665049
2019,Dental & Vision,Pennsylvania,6073743,4141066
2021,Accident Insurance,Ohio,5757488,4512298
2024,Dental & Vision,Arizona,3987816,4105739
2023,Long-term Care,Texas,9587963,10122065
2019,Critical Illness,California,14790384,10714116
2015,Dental & Vision,Illinois,4811764,4472841
2024,Dental & Vision,Florida,7361668,4995620
2016,Dental & Vision,Illinois,7492977,6452667
2017,Indemnity Health,Pennsylvania,6892807,7618327
2023,Long-term Care,Massachusetts,4002303,4380266
2022,Accident Insurance,Michigan,4644812,2810967
2019,Cancer Insurance,Wisconsin,3678494,2248751
2019,Indemnity Health,Arizona,3191049,3333703
2020,Indemnity Health,New Jersey,4845202,4146670
2017,Accident Insurance,Arizona,4391767,3938765
2023,Cancer Insurance,Texas,9768547,8639101
2019,Dental & Vision,Missouri,2468856,1851681
2024,Dental & Vision,Michigan,3089037,2850609
2017,Indemnity Health,Pennsylvania,4414565,4643958
2017,Critical Illness,Tennessee,2849309,1738095
2021,Cancer Insurance,Washington,4085198,2743094
2024,Long-term Care,Georgia,3574431,4266607
2021,Indemnity Health,Michigan,3482351,2997668
2020,Accident Insurance,North Carolina,4782625,3045102
2022,Cancer Insurance,Georgia,4637230,3955702
2017,Indemnity Health,Indiana,2518444,1900742
2017,Cancer Insurance,Washington,4836363,4449126
2015,Cancer Insurance,Michigan,3703154,2884873
2018,Long-term Care,Massachusetts,5682106,5371651
2020,Dental & Vision,North Carolina,4835887,4090370
2022,Critical Illness,Ohio,3834229,3211083
2016,Dental & Vision,Texas,7807060,5906438
2021,Accident Insurance,Texas,9536203,6591299
2019,Indemnity Health,Wisconsin,3015524,2690313
2019,Cancer Insurance,Illinois,5200101,4958489
2022,Accident Insurance,Wisconsin,2622213,2179872
2017,Critical Illness,Michigan,4349109,3120415
2020,Cancer Insurance,Wisconsin,4194254,2781807
2022,Cancer Insurance,Arizona,3198133,2245152
2016,Accident Insurance,New York,9847251,7983392
2024,Accident Insurance,Massachusetts,5857217,5122050
2021,Critical Illness,Maryland,5175939,2819388
2018,Dental & Vision,Indiana,3157866,2785915
2024,Indemnity Health,New Jersey,4622351,3840904
2017,Dental & Vision,California,11504920,10511646
2023,Dental & Vision,Washington,4706850,3828900
2021,Dental & Vision,Ohio,4477333,3574026
2018,Long-term Care,Indiana,3233137,2858811
2022,Critical Illness,Virginia,3712395,2259556
2022,Cancer Insurance,Georgia,5175583,4465725
2016,Accident Insurance,Virginia,3327617,3232916
2015,Indemnity Health,Massachusetts,6193834,4938629
2018,Critical Illness,Massachusetts,6150474,4380179
2016,Critical Illness,Texas,10713221,7097541
2023,Cancer Insurance,Michigan,3060027,2111104
2023,Long-term Care,Texas,9416566,9082316
2023,Indemnity Health,Ohio,4884745,3652841
2015,Dental & Vision,Washington,4424967,3109017
2016,Critical Illness,California,14295001,9494722
2019,Accident Insurance,Arizona,2915214,1980193
2016,Indemnity Health,Pennsylvania,6433197,6745157
2019,Cancer Insurance,Virginia,3866539,2425151
2023,Accident Insurance,Texas,10237223,7510448
2020,Accident Insurance,North Carolina,5033442,3941801
2018,Dental & Vision,Washington,5393606,3595848
2018,Accident Insurance,Pennsylvania,6481259,6443205
2018,Indemnity Health,Pennsylvania,4767946,4854069
2018,Indemnity Health,Washington,4134621,3197559
2017,Indemnity Health,Massachusetts,5960902,6103503
2023,Accident Insurance,Missouri,3029164,2766331
2022,Long-term Care,Florida,8279117,7243432
2021,Dental & Vision,Arizona,3174046,2592295
2016,Long-term Care,Georgia,5446374,5062523
2016,Accident Insurance,Illinois,6377522,4834640
2024,Long-term Care,Missouri,3066922,3438318
2019,Cancer Insurance,North Carolina,4781211,3960282
2024,Indemnity Health,Maryland,4194712,4324856
2019,Dental & Vision,New Jersey,6082867,4447472
2023,Critical Illness,New York,12605719,7285921
2018,Indemnity Health,New York,8231159,8048213
2024,Cancer Insurance,Washington,3884035,2823567
2016,Accident Insurance,Missouri,2554911,2312705
2021,Dental & Vision,Texas,8938951,7495539
2024,Indemnity Health,North Carolina,3606296,3915313
2024,Indemnity Health,Wisconsin,4146391,4160167
2015,Long-term Care,Florida,8361849,10415529
2021,Long-term Care,New York,12835371,14198826
2015,Long-term Care,New Jersey,5927832,5362545
2016,Cancer Insurance,Massachusetts,4484369,3704544
2024,Accident Insurance,Massachusetts,4268839,3555324
2024,Indemnity Health,Arizona,4443314,4690371
2020,Accident Insurance,North Carolina,5018998,4495482
2019,Dental & Vision,Maryland,3195082,2557302
2020,Critical Illness,Arizona,4289462,2562383
2019,Cancer Insurance,Ohio,3717386,2643774
2018,Dental & Vision,Tennessee,2685746,2355909
2023,Indemnity Health,Texas,9471799,9162334
2015,Long-term Care,Arizona,4714862,4374727
2020,Indemnity Health,Illinois,6460163,6501449
2024,Accident Insurance,Georgia,3225786,2444904
2021,Long-term Care,Pennsylvania,5027520,6144752
2024,Indemnity Health,Missouri,3917790,3635606
2019,Dental & Vision,Massachusetts,4357919,3270098
2022,Cancer Insurance,California,12935022,9772910
2017,Dental & Vision,Texas,7754741,7477319
2016,Indemnity Health,Virginia,3641122,3133979
2017,Cancer Insurance,Pennsylvania,6396100,4917116
2015,Indemnity Health,North Carolina,3911737,3540088
2020,Accident Insurance,Maryland,5076517,3812922
2023,Cancer Insurance,Pennsylvania,6509298,4135453
2020,Accident Insurance,New York,10712448,9296389
2017,Critical Illness,New Jersey,5845848,4420849
2019,Accident Insurance,North Carolina,4405556,2867333
2020,Critical Illness,Arizona,4164362,2482932
2019,Indemnity Health,Michigan,4195823,4591640
2024,Accident Insurance,Pennsylvania,6601788,4406749
2018,Cancer Insurance,Illinois,4830852,4393919
2015,Dental & Vision,Florida,7932002,5685466
2022,Accident Insurance,Indiana,3400763,2945223
2017,Cancer Insurance,Texas,11652151,9273958
2020,Accident Insurance,Wisconsin,3632860,3273658
2020,Critical Illness,Maryland,5172110,2539060
2016,Long-term Care,Wisconsin,2949442,3232668
2015,Cancer Insurance,Georgia,3593193,3034161
2017,Critical Illness,New Jersey,4616076,3449755
2016,Long-term Care,New Jersey,4817107,4287784
2015,Dental & Vision,California,12949592,11599890
2022,Long-term Care,California,11108860,11932470
2018,Cancer Insurance,Indiana,3458472,2651404
2015,Critical Illness,New York,8641412,6929894
2022,Dental & Vision,Tennessee,4322021,4092284
2015,Cancer Insurance,Missouri,3727627,2978873
2016,Accident Insurance,California,12513570,9032730
2018,Long-term Care,Illinois,5577488,5987289
2023,Indemnity Health,Massachusetts,5498657,5514982
2019,Indemnity Health,Illinois,6226769,6122093
2018,Dental & Vision,Virginia,4272732,3912412
2024,Dental & Vision,New Jersey,4763888,4251205
2018,Accident Insurance,Maryland,3830359,2391029
2018,Cancer Insurance,Pennsylvania,6414323,5177866
2022,Indemnity Health,Maryland,4141315,4781487
2016,Critical Illness,Wisconsin,2562133,2327811
2015,Cancer Insurance,California,11751516,9771840
2023,Dental & Vision,Ohio,3582882,3185391
2016,Dental & Vision,Arizona,3165281,2398106
2023,Accident Insurance,New Jersey,5903656,4813648
2016,Critical Illness,Illinois,5657316,3904250
2016,Cancer Insurance,Missouri,3683541,2831819
2020,Long-term Care,California,14248052,13028045
2016,Accident Insurance,Arizona,4793174,3178897
2021,Critical Illness,Arizona,3284758,2391289
2015,Long-term Care,Tennessee,3878179,3760793
2020,Dental & Vision,North Carolina,3544769,2844935
2020,Long-term Care,Virginia,4439299,5069595
2021,Indemnity Health,New York,8019784,6478912
2015,Indemnity Health,Indiana,3702826,3122012
2015,Long-term Care,Maryland,3675011,4517610
2020,Dental & Vision,Massachusetts,3619303,3322343
2018,Cancer Insurance,Arizona,4483859,2767851
2015,Indemnity Health,Maryland,3286977,2698617
2023,Indemnity Health,Michigan,4203991,4515744
2016,Accident Insurance,Indiana,2981871,2714106
2016,Long-term Care,Wisconsin,3939664,3530608
2018,Dental & Vision,New Jersey,4936610,4529154
2021,Critical Illness,North Carolina,3978965,3508401
2020,Indemnity Health,Wisconsin,3033378,2943683
2024,Indemnity Health,Virginia,4081267,3210831
2023,Accident Insurance,Massachusetts,3960258,2633663
2017,Accident Insurance,Michigan,3655046,3306491
2021,Accident Insurance,Michigan,3532273,2449505
2015,Accident Insurance,North Carolina,4047662,3689040
2023,Indemnity Health,Tennessee,4363634,4258660
2020,Long-term Care,Tennessee,4051999,3880797
2018,Cancer Insurance,Virginia,3844291,2042341
2022,Dental & Vision,Maryland,4018997,3599465
2024,Indemnity Health,Missouri,2858804,3088398
2020,Cancer Insurance,Virginia,5059340,3045052
2022,Long-term Care,Tennessee,3064794,3374335
2024,Dental & Vision,Illinois,5213199,3823607
2016,Critical Illness,Missouri,3976859,2855125
2021,Cancer Insurance,California,11052553,8982931
2019,Critical Illness,Pennsylvania,5428759,3081015
2021,Dental & Vision,Wisconsin,2578117,2205975
2017,Long-term Care,Virginia,4437319,4677185
2022,Dental & Vision,Tennessee,3061514,2258529
2020,Cancer Insurance,Texas,8787618,6527162
2016,Critical Illness,Wisconsin,3121530,2557818
2017,Indemnity Health,Massachusetts,5518614,5234272
2017,Dental & Vision,Massachusetts,5551209,4031892
2018,Critical Illness,North Carolina,4768397,2852210
2018,Long-term Care,California,14250610,18718208
2024,Cancer Insurance,Pennsylvania,4493218,3303866
2019,Dental & Vision,Michigan,4303930,2983437
2015,Cancer Insurance,Wisconsin,4250201,3832408
2018,Indemnity Health,Virginia,4745913,4986282
2024,Long-term Care,Virginia,3641941,3532362
2024,Dental & Vision,Missouri,2864297,2802991
2021,Indemnity Health,Missouri,3575638,3699372
2015,Indemnity Health,Massachusetts,3914844,2976694
2022,Accident Insurance,New York,11951862,10558783
2018,Accident Insurance,California,10032263,7756585
2015,Dental & Vision,Arizona,3199403,2284641
2023,Long-term Care,Florida,9836058,10098131
2024,Indemnity Health,Illinois,5696098,4433572
2020,Indemnity Health,Indiana,3509785,2860854
2018,Cancer Insurance,New York,10195510,9570421
2024,Critical Illness,Wisconsin,3695345,2397675
2015,Dental & Vision,North Carolina,4218135,3213804
2023,Cancer Insurance,Georgia,3106768,2514777
2020,Dental & Vision,Virginia,4171455,2791045
2015,Accident Insurance,Massachusetts,4208468,3577431
2022,Indemnity Health,Maryland,4275479,3887357
2016,Accident Insurance,Pennsylvania,6028947,5749695
2024,Dental & Vision,New York,10628278,9622329
2022,Indemnity Health,North Carolina,3823466,3946215
2024,Critical Illness,Missouri,2523002,1917912
2022,Critical Illness,New Jersey,5537483,3733956
2021,Dental & Vision,Michigan,4230963,3558229
2017,Dental & Vision,Maryland,4580613,3835343
2018,Cancer Insurance,Ohio,3876105,3314161
2017,Accident Insurance,Indiana,2234136,1416979
2017,Indemnity Health,New York,10163604,9512799
2016,Indemnity Health,Indiana,2857269,2418859
2015,Cancer Insurance,Washington,5023837,3811843
2018,Long-term Care,Washington,5959473,5939812
2023,Accident Insurance,New York,12966453,12989127
2022,Critical Illness,Arizona,4416542,3079237
2024,Indemnity Health,New Jersey,4740487,4046804
2021,Cancer Insurance,Wisconsin,3214091,2438873
2016,Indemnity Health,North Carolina,4717329,4380928
2021,Indemnity Health,Maryland,3970591,3235359
2018,Long-term Care,Massachusetts,6165775,6302930
2024,Cancer Insurance,Michigan,3913437,2442986
2019,Cancer Insurance,Virginia,5484834,4264756
2016,Long-term Care,California,10196803,10479747
2019,Indemnity Health,Illinois,5640418,4912615
2023,Accident Insurance,Massachusetts,4960659,4338549
2015,Indemnity Health,Florida,8679948,7332583
2018,Dental & Vision,Michigan,3094169,2379546
2019,Cancer Insurance,Tennessee,3487757,1987922
2020,Indemnity Health,Indiana,3237329,2732281
2016,Critical Illness,Virginia,3821455,1950239
2024,Long-term Care,Maryland,4200670,4626501
2021,Long-term Care,New Jersey,5922171,7101277
2016,Indemnity Health,Pennsylvania,4945552,4378568
2019,Accident Insurance,Massachusetts,5426208,4966546
2024,Dental & Vision,Wisconsin,3471771,2905035
2018,Accident Insurance,Michigan,4607368,3434404
2017,Long-term Care,Virginia,4354515,4268016
2022,Indemnity Health,Missouri,2882911,2224580
2015,Indemnity Health,Tennessee,2743105,2809524
2023,Dental & Vision,Tennessee,4001070,3282055
2021,Dental & Vision,Georgia,5222260,4128998
2023,Long-term Care,Florida,8206006,9810094
2015,Critical Illness,Illinois,6900271,3601706
2018,Long-term Care,New Jersey,5862841,5040970
2017,Accident Insurance,Indiana,3913187,2763092
2016,Accident Insurance,New Jersey,4850836,4144754
2016,Long-term Care,Georgia,4819923,5062641
2021,Long-term Care,Illinois,4660431,4788792
2022,Critical Illness,Tennessee,3603366,2828059
2016,Accident Insurance,Michigan,3307215,2158934
2021,Accident Insurance,Florida,8246005,7452229
2015,Accident Insurance,Wisconsin,3356688,2878700
2016,Dental & Vision,Missouri,3943065,3448777
2018,Cancer Insurance,New Jersey,4867564,3206408
2017,Long-term Care,New Jersey,6100861,5863165
2023,Dental & Vision,New Jersey,6356655,4933629
2016,Long-term Care,Arizona,4654072,4764533
2016,Dental & Vision,New Jersey,5573959,3857939
2019,Accident Insurance,Georgia,3810412,2992614
2016,Cancer Insurance,Georgia,4512648,3361213
2018,Dental & Vision,Washington,4294848,3472948
2021,Critical Illness,Missouri,2942145,2377429
2015,Accident Insurance,Tennessee,4084364,3362827
2016,Long-term Care,Indiana,2833223,3324875
2017,Cancer Insurance,California,10080156,6378517
2016,Accident Insurance,Arizona,3928058,2610890
2022,Long-term Care,California,12636935,11988623
2021,Critical Illness,New Jersey,5472734,4463492
2015,Cancer Insurance,Washington,4399973,3818712
2020,Dental & Vision,Washington,5176669,4182976
2017,Long-term Care,Missouri,3991782,3415835
2015,Accident Insurance,New Jersey,6286199,5313527
2021,Dental & Vision,Pennsylvania,6456311,5101110
2015,Dental & Vision,Missouri,3811554,2688045
2022,Cancer Insurance,Georgia,4525750,4209869
2020,Indemnity Health,Michigan,3901314,2873017
2020,Accident Insurance,Florida,8054022,5980096
2024,Accident Insurance,Missouri,2900978,2719734
2015,Cancer Insurance,Maryland,4592552,3898821
2024,Long-term Care,California,14922583,14596657
2017,Critical Illness,Texas,11326901,6136914
2020,Indemnity Health,Virginia,3747509,3613753
2021,Indemnity Health,Indiana,3438808,3142674
2023,Indemnity Health,Washington,4957353,5269898
2018,Cancer Insurance,California,13267435,11496676
2017,Indemnity Health,California,10316741,10188600
2020,Indemnity Health,Ohio,4463194,4502655
2019,Dental & Vision,New Jersey,6215743,4520581
2018,Cancer Insurance,Texas,9055032,5662159
2017,Critical Illness,Wisconsin,3711450,2752106
2021,Critical Illness,Pennsylvania,4525850,2491200
2019,Dental & Vision,Wisconsin,3119519,2983199
2022,Indemnity Health,California,10541695,8312961
2016,Long-term Care,Virginia,5305005,4894802
2021,Indemnity Health,Ohio,4453037,5012036
2016,Long-term Care,Michigan,3189681,2911925
2016,Accident Insurance,Arizona,4912944,4080230
2018,Critical Illness,New York,8989421,6357050
2015,Critical Illness,Ohio,3663731,2972285
2022,Indemnity Health,Georgia,4704071,4869006
2023,Dental & Vision,Virginia,4279097,4097319
2018,Dental & Vision,Wisconsin,3715221,2842194
2024,Accident Insurance,New York,8651661,7342285
2019,Accident Insurance,Massachusetts,5104683,4665166
2023,Indemnity Health,Washington,4751667,4321427
2021,Critical Illness,California,10299583,6458800
2016,Long-term Care,North Carolina,3434358,3467130
2022,Long-term Care,Florida,9046805,7921752
2015,Critical Illness,California,12651038,9834901
2022,Dental & Vision,New York,12371337,9310683
2023,Long-term Care,Wisconsin,4087692,5138575
2016,Indemnity Health,Arizona,4857531,4728159
2015,Accident Insurance,Ohio,5409825,4560365
2017,Accident Insurance,Illinois,6625874,5260324
2015,Dental & Vision,Illinois,4526775,3635331
2016,Critical Illness,Ohio,5879289,4227226
2022,Critical Illness,Arizona,2880656,2301833
2022,Accident Insurance,California,12577731,10642018
2018,Dental & Vision,Michigan,4329091,3074485
2018,Cancer Insurance,Georgia,4639316,3149243
2022,Dental & Vision,Ohio,4178841,3286090
2020,Accident Insurance,Ohio,5971202,4059175
2017,Accident Insurance,Massachusetts,3649556,2424109
2017,Dental & Vision,Pennsylvania,6597355,5405396
2021,Long-term Care,Wisconsin,4160097,4861767
2024,Accident Insurance,Wisconsin,3062111,2682319
2019,Indemnity Health,Maryland,4626698,4451230
2020,Indemnity Health,Indiana,3643530,3309216
2018,Long-term Care,Michigan,3262941,3109237
2024,Dental & Vision,Florida,9082750,7856546
2021,Dental & Vision,Pennsylvania,4556830,4241091
2017,Critical Illness,Wisconsin,3798696,2631364
2023,Critical Illness,Arizona,3124677,1705026
2017,Cancer Insurance,Georgia,3106156,2512255
2021,Indemnity Health,Maryland,3276642,3164432
2015,Long-term Care,Washington,4050316,3455902
2018,Cancer Insurance,Texas,10905635,6741445
2016,Indemnity Health,Georgia,4271843,3996722
2023,Long-term Care,Maryland,4020754,3639381
2019,Critical Illness,Maryland,4288546,3031901
2020,Accident Insurance,Wisconsin,2956930,2202386
2019,Critical Illness,New Jersey,5556413,4892886
2024,Cancer Insurance,Washington,5926030,3684027
2015,Dental & Vision,Wisconsin,3641295,2894665
2020,Cancer Insurance,North Carolina,3686512,3226315
2024,Indemnity Health,Maryland,3695382,3609906
2021,Long-term Care,Florida,8596931,8618371
2022,Cancer Insurance,Arizona,3477449,2683591
2018,Long-term Care,Texas,9620454,10878646
2020,Accident Insurance,Georgia,3792925,2545708
2021,Accident Insurance,North Carolina,3393277,2009078
2023,Accident Insurance,Massachusetts,3638431,2860547
2015,Cancer Insurance,Florida,8763639,6376340
2022,Accident Insurance,New Jersey,4297047,4284459
2021,Cancer Insurance,New Jersey,3810529,2750483
2024,Indemnity Health,Florida,6127171,5260580
2021,Indemnity Health,Texas,8727612,7698838
2022,Cancer Insurance,Washington,4797715,3113830
2024,Long-term Care,Florida,9009533,9788924
2022,Dental & Vision,New York,12285740,10319342
2021,Cancer Insurance,Maryland,3638578,2567158
2023,Long-term Care,Missouri,3488981,3939420
2023,Dental & Vision,Virginia,3991451,3576851
2020,Long-term Care,Texas,9181730,8978363
2017,Indemnity Health,Arizona,2860069,2063105
2021,Long-term Care,Maryland,4842106,4463783
2021,Accident Insurance,Washington,5391679,4397499
2021,Indemnity Health,North Carolina,5157486,4858452
2017,Cancer Insurance,Virginia,3826989,2448903
2023,Accident Insurance,Massachusetts,4351012,3797726
2017,Critical Illness,Ohio,5653317,3053127
2016,Accident Insurance,Texas,8629153,7718503
2024,Accident Insurance,Georgia,4573478,3451903
2023,Accident Insurance,Texas,10933951,7188918
2022,Long-term Care,Maryland,5180062,4993432
2016,Indemnity Health,Missouri,3418767,3116053
2021,Indemnity Health,New Jersey,4871334,5562554
2019,Critical Illness,Indiana,2927039,2586990
2019,Critical Illness,Maryland,3152999,2418089
2023,Long-term Care,Georgia,3748331,3521381
2016,Critical Illness,Georgia,4908524,3616918
2021,Long-term Care,Indiana,2845399,3100136
2015,Long-term Care,Pennsylvania,6973618,7840401
2018,Critical Illness,New York,9769915,5002534
2019,Indemnity Health,New York,11509355,12760327
2022,Critical Illness,Washington,4496365,3869717
2019,Critical Illness,North Carolina,3524325,2255758
2021,Indemnity Health,Tennessee,4003002,3098509
2024,Critical Illness,Arizona,4941322,3141587
2024,Dental & Vision,Georgia,4836884,4798226
2015,Dental & Vision,Virginia,4830071,3991567
2024,Cancer Insurance,Texas,10685904,7997177
2020,Critical Illness,Massachusetts,4746812,2696634
2021,Cancer Insurance,Arizona,3365282,3054595
2017,Indemnity Health,New York,11140380,10213035
2020,Critical Illness,Florida,7851772,5986364
2019,Cancer Insurance,New Jersey,6100492,5703873
2017,Accident Insurance,Georgia,4114194,3075663
2023,Indemnity Health,Texas,9981748,10472204
2020,Critical Illness,Illinois,6349735,5408924
2020,Critical Illness,New York,8564864,5418208
2019,Cancer Insurance,New York,8862606,6021540
2019,Critical Illness,Texas,11462938,8402504
2022,Long-term Care,Wisconsin,3033325,3834280
2021,Accident Insurance,Missouri,3135121,2778405
2022,Long-term Care,Tennessee,4219605,4384189
2023,Accident Insurance,Wisconsin,3685066,2763643
2024,Cancer Insurance,Texas,10504328,6198435
2022,Critical Illness,Tennessee,3277560,3002556
2021,Critical Illness,Massachusetts,4377527,2816309
2017,Long-term Care,New York,9305004,11542273
2015,Indemnity Health,Illinois,6826170,5735348
2022,Dental & Vision,Pennsylvania,6915124,5559466
2024,Indemnity Health,Virginia,4139426,3881455
2024,Cancer Insurance,California,11923382,7822552
2015,Indemnity Health,Wisconsin,3199778,2942554
2021,Cancer Insurance,Missouri,2946660,2797000
2019,Indemnity Health,Indiana,3415020,3882131
2021,Cancer Insurance,Indiana,2652145,1980996
2017,Dental & Vision,California,9456068,7582639
2023,Dental & Vision,New York,8466306,7085679
2021,Critical Illness,Washington,4515439,3554407
2024,Dental & Vision,New York,8809286,9186075
2021,Indemnity Health,Pennsylvania,6179673,4960548
2021,Dental & Vision,Wisconsin,3691772,2550081
2020,Indemnity Health,Ohio,4222043,4310547
2015,Critical Illness,Pennsylvania,6008294,4069754
2018,Dental & Vision,Pennsylvania,5667195,4368209
2019,Long-term Care,Washington,5750494,5732593
2016,Long-term Care,Ohio,4736880,4275149
2017,Critical Illness,Indiana,2474031,1457468
2019,Cancer Insurance,Georgia,4924736,4191203
2017,Cancer Insurance,Arizona,3855572,2402689
2017,Long-term Care,Tennessee,3149246,3644930
2024,Critical Illness,Missouri,2909833,2111086
2018,Cancer Insurance,Florida,8931951,5460521
2015,Indemnity Health,New York,9847317,7349989
2021,Dental & Vision,New Jersey,4403294,3801454
2016,Long-term Care,Arizona,3319952,3975162
2022,Dental & Vision,Arizona,3846616,3866102
2020,Dental & Vision,New Jersey,4663986,3144718
2020,Indemnity Health,Wisconsin,3169423,2750129
2022,Accident Insurance,North Carolina,3933307,3435362
2023,Critical Illness,Arizona,4702325,3059436
2024,Dental & Vision,Washington,5773898,4262383
2015,Long-term Care,Virginia,5427317,5115929
2018,Indemnity Health,Massachusetts,4604657,3618289
2023,Cancer Insurance,North Carolina,5151249,3852254
2017,Indemnity Health,Maryland,3414414,2792492
2023,Cancer Insurance,Indiana,3688976,3090157
2017,Dental & Vision,Illinois,4523876,3603900
2021,Dental & Vision,Missouri,3553891,2675494
2015,Dental & Vision,Washington,4538222,3579439
2017,Indemnity Health,Michigan,4076888,3866100
2023,Dental & Vision,Illinois,6673328,6690756
2021,Indemnity Health,Indiana,3880035,3163617
2023,Long-term Care,Texas,9338302,10821206
2020,Long-term Care,Georgia,4372635,4827736
2019,Dental & Vision,Tennessee,3397229,3105678
2016,Critical Illness,Illinois,6104415,4595458
2018,Indemnity Health,New Jersey,6251831,4840758
2023,Long-term Care,Tennessee,4029992,4639105
2023,Cancer Insurance,Georgia,3952319,2963791
2022,Indemnity Health,New York,9305724,9253556
2018,Long-term Care,Pennsylvania,4169107,4241774
2019,Critical Illness,Ohio,5201854,4008715
2022,Cancer Insurance,Missouri,3660571,3502557
2021,Critical Illness,Texas,11908982,10594622
2024,Accident Insurance,Washington,5382719,4354936
2015,Indemnity Health,Washington,5484998,4827242
2024,Cancer Insurance,Pennsylvania,4243660,4124398
2021,Critical Illness,Virginia,5277214,3191053
2023,Dental & Vision,New York,10424087,6896206
2024,Critical Illness,Pennsylvania,6852571,5370056
2015,Critical Illness,New York,12856171,8369915
2023,Indemnity Health,North Carolina,5232299,5388441
2020,Accident Insurance,Massachusetts,4585735,2948469
2024,Cancer Insurance,Ohio,5322939,4043305
2023,Long-term Care,Tennessee,3607908,3913057
2019,Accident Insurance,Florida,6274171,5527263
2019,Dental & Vision,Georgia,3815666,2825167
2019,Accident Insurance,Tennessee,4163988,3062325
2017,Dental & Vision,Indiana,3075747,2871650
2016,Dental & Vision,Indiana,2413800,2185571
2020,Long-term Care,Pennsylvania,6058644,5665437
2024,Indemnity Health,Michigan,3012091,2179797
2019,Long-term Care,North Carolina,4645411,5396842
2018,Cancer Insurance,Florida,6096693,4220673
2015,Dental & Vision,Tennessee,4190213,2754721
2018,Indemnity Health,Virginia,3540409,3399526
2020,Dental & Vision,Washington,4375010,3859473
2019,Dental & Vision,New York,8053852,6147998
2023,Critical Illness,Missouri,2550879,1639188
2019,Cancer Insurance,Indiana,2787966,1892356
2019,Critical Illness,Missouri,2719562,1499786
2024,Accident Insurance,Maryland,3633158,3082025
2023,Long-term Care,California,12487885,12629511
2021,Cancer Insurance,Washington,4799153,2667000
2024,Accident Insurance,Washington,5124793,4802674
2015,Cancer Insurance,Maryland,3576578,1989504
2020,Dental & Vision,Illinois,4737252,3449458
2021,Critical Illness,Pennsylvania,5484020,3480282
2020,Cancer Insurance,New York,10259511,6355045
2023,Indemnity Health,Indiana,2612344,2464043
2021,Long-term Care,Massachusetts,5763801,7011152
2016,Long-term Care,Ohio,4743039,5292788
2022,Dental & Vision,Wisconsin,3411449,2665424
2015,Indemnity Health,Michigan,3974231,2809839
2018,Accident Insurance,Illinois,5636734,4426174
2024,Dental & Vision,Illinois,6816380,4837329
2023,Dental & Vision,Michigan,4162090,3849249
2018,Indemnity Health,Wisconsin,4263168,4351535
2017,Critical Illness,Maryland,4460656,3102839
2023,Long-term Care,North Carolina,5591214,5763333
2021,Indemnity Health,Texas,10051564,10695920
2016,Accident Insurance,New Jersey,5790104,4456049
2023,Accident Insurance,Maryland,4895920,3951069
2016,Critical Illness,Arizona,3203517,1936108
2015,Indemnity Health,Washington,5428286,5121971
2018,Accident Insurance,Arizona,3733835,3086098
2015,Indemnity Health,Indiana,3118796,3144392
2021,Indemnity Health,Arizona,4541956,3725690
2020,Indemnity Health,Massachusetts,5854174,5678595
2019,Cancer Insurance,California,11406477,10999513
2016,Long-term Care,Indiana,2509301,2515976
2023,Critical Illness,Massachusetts,4588469,3229169
2019,Long-term Care,Texas,10646634,11131625
2023,Cancer Insurance,Maryland,4635159,2888971
2021,Dental & Vision,Missouri,3040022,2731553
2023,Critical Illness,Florida,8799696,6030127
2018,Accident Insurance,California,10205077,8940340
2023,Critical Illness,Indiana,2857020,2401335
2022,Dental & Vision,Illinois,6260888,4561376
2022,Long-term Care,Indiana,3268950,3401643
2022,Long-term Care,Tennessee,3945138,4016220
2022,Cancer Insurance,Washington,5020098,3181986
2019,Critical Illness,Arizona,4248122,3491975
2019,Long-term Care,Missouri,3543846,3568471
2015,Cancer Insurance,Pennsylvania,5447759,3683649
2015,Long-term Care,New Jersey,4336636,4984053
2020,Indemnity Health,Arizona,4217356,3232182
2019,Cancer Insurance,Ohio,4668776,2792843
2021,Dental & Vision,New Jersey,5823719,4120519
2024,Indemnity Health,New York,8510025,9670284
2015,Critical Illness,Washington,4691917,2889975
2018,Dental & Vision,Georgia,3179165,2199029
2023,Indemnity Health,California,10763568,9265871
2022,Cancer Insurance,Tennessee,2552019,2157631
2020,Critical Illness,Virginia,4784494,3610088
2019,Cancer Insurance,Maryland,5154594,3197402
2017,Cancer Insurance,Texas,8937314,5022698
2023,Accident Insurance,Missouri,2589845,2310053
2018,Long-term Care,Maryland,3931944,3647913
2015,Critical Illness,Pennsylvania,4432957,3319663
2023,Accident Insurance,Ohio,5826876,5241857
2017,Indemnity Health,Arizona,3344452,3158152
2020,Long-term Care,Pennsylvania,5302497,6005608
2017,Indemnity Health,Missouri,2887629,3036757
2016,Dental & Vision,Georgia,4576001,3012247
2018,Long-term Care,Washington,4171362,4664729
2024,Dental & Vision,Illinois,6749549,4823925
2017,Critical Illness,Georgia,4699048,3413258
2022,Dental & Vision,Arizona,4211318,3045042
2023,Accident Insurance,Arizona,3998628,3124071
2022,Long-term Care,Texas,9855290,9792020
2024,Long-term Care,Pennsylvania,4795237,5425761
2019,Critical Illness,Texas,10704337,5181345
2022,Dental & Vision,Texas,9859729,7448562
2024,Accident Insurance,Pennsylvania,6526739,4693432
2017,Indemnity Health,Ohio,3774976,3827001
2016,Long-term Care,North Carolina,4813732,5472605
2021,Long-term Care,North Carolina,4709681,4715533
2022,Accident Insurance,Arizona,3895388,3296259
2020,Accident Insurance,Massachusetts,5789106,3744091
2020,Cancer Insurance,Tennessee,3099778,2217917
2020,Critical Illness,Georgia,3338243,2693506
2015,Accident Insurance,Ohio,3527569,2436996
2024,Dental & Vision,Missouri,2546729,2402392
2016,Cancer Insurance,Washington,5772617,4062152
2024,Critical Illness,Virginia,4021368,2340720
2022,Critical Illness,Washington,4465679,3644291
2015,Cancer Insurance,Georgia,3632757,3190270
2017,Indemnity Health,Illinois,5544473,4823514
2018,Dental & Vision,Texas,8352512,6256053
2015,Accident Insurance,Arizona,2845228,2178455
2024,Long-term Care,New York,11153807,10230997
2018,Critical Illness,Washington,5914236,4404632
2020,Accident Insurance,Indiana,3192276,2284017
2021,Dental & Vision,Washington,5960710,5326075
2024,Accident Insurance,Texas,8331944,6478965
2017,Critical Illness,Wisconsin,4034140,3044040
2018,Cancer Insurance,Indiana,3744097,3112318
2018,Dental & Vision,Indiana,2693034,1894200
2020,Long-term Care,Arizona,4330817,4834356
2022,Long-term Care,Arizona,2976782,2921923
2024,Indemnity Health,Florida,9562182,9370267
2015,Long-term Care,Washington,3701160,4101875
2018,Cancer Insurance,Missouri,4023807,2789452
2018,Long-term Care,New Jersey,4122854,4713979
2020,Critical Illness,Ohio,3771503,2688284
2017,Accident Insurance,Wisconsin,2695516,2213342
2018,Cancer Insurance,Maryland,3117249,1991548
2016,Long-term Care,North Carolina,5560769,6844043
2022,Long-term Care,Missouri,2853667,3373740
2023,Accident Insurance,Michigan,3808354,3283498
2023,Accident Insurance,Georgia,3608434,2561538
2016,Cancer Insurance,Missouri,2479379,2375493
2021,Indemnity Health,New Jersey,4496345,4365098
2018,Accident Insurance,Indiana,3113325,2738349
2020,Dental & Vision,Tennessee,3086484,2748023
2018,Accident Insurance,Wisconsin,4078115,2647870
2016,Cancer Insurance,Arizona,3307369,1815228
2022,Cancer Insurance,New Jersey,3871141,2777105
2018,Accident Insurance,New Jersey,6204212,4069073
2022,Critical Illness,Missouri,2839141,2573046
2015,Dental & Vision,Florida,7687223,5945367
2023,Cancer Insurance,Michigan,4222694,3241938
2021,Cancer Insurance,Georgia,5408974,3242074
2024,Critical Illness,Illinois,7206205,3998334
2022,Cancer Insurance,Wisconsin,3487086,2741979
2023,Long-term Care,Washington,4988596,5813890
2015,Dental & Vision,Arizona,4447106,3521410
2023,Cancer Insurance,Maryland,3087411,2656509
2016,Accident Insurance,New York,10967228,10123236
2018,Critical Illness,California,9725972,7886390
2018,Dental & Vision,New York,10650545,8832231
2018,Dental & Vision,Wisconsin,2581751,1801740
2023,Indemnity Health,Florida,7853737,8200958
2021,Indemnity Health,California,14530029,15455786
2018,Indemnity Health,Arizona,4329538,3795144
2018,Cancer Insurance,Tennessee,3414668,3241150
2016,Critical Illness,Tennessee,2772034,1983097
2023,Long-term Care,Illinois,6344771,6043134
2023,Critical Illness,Maryland,5161891,4680998
2016,Indemnity Health,Indiana,3249097,3378188
2023,Indemnity Health,Florida,9385458,7242219
2024,Dental & Vision,Virginia,5129311,4697790
2022,Dental & Vision,Florida,9255749,8757644
2015,Critical Illness,Massachusetts,5213959,3977741
2019,Indemnity Health,Texas,10624238,9490814
2024,Critical Illness,Indiana,2785947,2329280
2016,Dental & Vision,Washington,4614996,4176550
2018,Cancer Insurance,New Jersey,3951220,3587504
2018,Dental & Vision,Tennessee,4022741,3771903
2021,Cancer Insurance,Virginia,3801679,2515710
2019,Cancer Insurance,Missouri,2496643,1527199
2024,Accident Insurance,Illinois,6521964,5488051
2022,Accident Insurance,Virginia,4963895,4295300
2023,Dental & Vision,Pennsylvania,4425056,3680389
2016,Dental & Vision,Florida,9664774,7143100
2020,Cancer Insurance,Missouri,4170366,3713013
2016,Long-term Care,Tennessee,2797245,2427587
2022,Indemnity Health,Georgia,3482051,3025513
2022,Indemnity Health,Pennsylvania,6039873,5654075
2018,Indemnity Health,Florida,9073176,7098087
2021,Accident Insurance,Texas,10533009,10883298
2016,Long-term Care,Indiana,3860979,4560004
2015,Cancer Insurance,Pennsylvania,5778446,4121795
2021,Critical Illness,Ohio,5907485,3739844
2021,Dental & Vision,New Jersey,5765925,4049237
2018,Dental & Vision,Arizona,3406914,3171251
2023,Cancer Insurance,Pennsylvania,6377417,4309249
2018,Indemnity Health,Missouri,3134658,2930164
2024,Accident Insurance,Michigan,4686032,4275120
2024,Dental & Vision,Ohio,4762889,4128162
2021,Accident Insurance,Pennsylvania,5971412,5737681
2024,Dental & Vision,North Carolina,3356338,2531545
2022,Critical Illness,Georgia,3002834,2349234
2019,Cancer Insurance,Pennsylvania,5616401,4129144
2024,Cancer Insurance,North Carolina,4545387,3552444
2018,Indemnity Health,Florida,9316301,9070653
2018,Accident Insurance,Indiana,3205611,2564060
2021,Accident Insurance,Florida,9754657,8243564
2021,Cancer Insurance,Wisconsin,3138187,1998688
2019,Dental & Vision,Massachusetts,3600216,2861741
2017,Dental & Vision,New Jersey,4809486,3546157
2018,Indemnity Health,North Carolina,3793348,3304115
2023,Long-term Care,Massachusetts,5426010,6318980
2021,Critical Illness,Tennessee,4302354,3562026
2023,Cancer Insurance,Virginia,4203372,3572095
2022,Accident Insurance,Massachusetts,4935157,3573547
2018,Indemnity Health,Maryland,3932231,4123782
2020,Dental & Vision,Arizona,2877796,2242702
2022,Long-term Care,North Carolina,4887901,4412307
2015,Dental & Vision,Arizona,4271426,3442838
2022,Accident Insurance,Washington,5762829,3865201
2022,Cancer Insurance,Missouri,2323502,1670436
2020,Indemnity Health,Pennsylvania,6689653,5746367
2019,Dental & Vision,California,10792053,9831596
2022,Indemnity Health,Massachusetts,4400320,4380538
2020,Critical Illness,Massachusetts,5901053,3694076
2019,Accident Insurance,North Carolina,5133974,4331972
2017,Dental & Vision,Maryland,4291876,3300589
2023,Critical Illness,Pennsylvania,4590751,2835422
2024,Indemnity Health,Florida,9621070,8902059
2020,Cancer Insurance,Wisconsin,4056369,2891471
2024,Accident Insurance,Florida,8854314,7499371
2022,Long-term Care,Tennessee,3198981,3482898
2020,Accident Insurance,Washington,4871624,4629649
2023,Indemnity Health,Michigan,4394172,4198844
2018,Dental & Vision,Washington,5495633,4232847
2015,Critical Illness,Indiana,2482553,1351595
2021,Cancer Insurance,Virginia,3336033,2508262
2020,Long-term Care,Illinois,6945576,6607878
2021,Critical Illness,Michigan,3342285,2098983
2023,Long-term Care,California,13972394,15119249
2022,Dental & Vision,Missouri,2961164,2646340
2017,Long-term Care,Indiana,3617152,3623490
2016,Long-term Care,Missouri,2334448,2472105
2015,Cancer Insurance,Tennessee,3020660,2851600
2017,Critical Illness,Florida,9560845,7409777
2023,Dental & Vision,Michigan,3457940,2702053
2017,Cancer Insurance,Washington,3866527,3085451
2016,Critical Illness,Ohio,5998729,3899402
2017,Accident Insurance,Massachusetts,4988415,4821901
2015,Dental & Vision,New York,11884136,10766237
2020,Dental & Vision,Maryland,4526372,3874110
2024,Critical Illness,New York,11330925,10475421
2022,Long-term Care,Indiana,2491047,2506382
2024,Long-term Care,Pennsylvania,5101204,6512059
2023,Accident Insurance,Florida,9254990,5796118
2022,Critical Illness,North Carolina,5328191,2932368
2019,Cancer Insurance,Maryland,3588868,3217653
2018,Critical Illness,Washington,4331629,2870219
2015,Dental & Vision,Virginia,4100920,3010267
2015,Accident Insurance,Virginia,3526712,3131352
2024,Indemnity Health,Washington,5340518,5480046
2024,Critical Illness,Texas,10302454,5837665
2020,Accident Insurance,Washington,5912428,4728763
2023,Accident Insurance,Pennsylvania,5296601,4110892
2016,Accident Insurance,Maryland,3330363,2463821
2020,Long-term Care,Massachusetts,3822026,3555698
2016,Critical Illness,Tennessee,4078251,3489956
2023,Cancer Insurance,Michigan,3472521,2321509
2020,Accident Insurance,New Jersey,5551917,4819085
2019,Indemnity Health,Texas,9632073,8733204
2015,Long-term Care,Ohio,5326171,5156734
2017,Cancer Insurance,Wisconsin,2542525,1477949
2020,Indemnity Health,Georgia,4415196,3854535
2018,Long-term Care,Virginia,4316276,3975843
2018,Long-term Care,Georgia,3271194,3110424
2017,Cancer Insurance,Massachusetts,5116156,4198621
2024,Cancer Insurance,Tennessee,3237351,2251567
2019,Critical Illness,Indiana,2745704,1732940
2024,Dental & Vision,Indiana,2934579,2261574
2024,Cancer Insurance,Indiana,3973937,3677754
2019,Cancer Insurance,Georgia,5398389,4584701
2023,Long-term Care,Arizona,2957208,3414892
2016,Dental & Vision,Maryland,3854643,2696360
2018,Dental & Vision,California,10103325,8994055
2022,Critical Illness,Indiana,3090242,2217232
2023,Long-term Care,Maryland,3457460,4431444
2017,Long-term Care,Pennsylvania,6338147,7080919
2022,Cancer Insurance,Tennessee,2744166,1841019
2019,Indemnity Health,Illinois,5302181,4987157
2016,Dental & Vision,Illinois,5020728,3949945
2023,Long-term Care,Missouri,3501529,3914928
2019,Critical Illness,Maryland,4731310,2869228
2018,Dental & Vision,Georgia,4681677,3672442
2016,Long-term Care,Arizona,3165607,3245849
2017,Cancer Insurance,Arizona,4796673,4210641
2024,Dental & Vision,Missouri,3450913,3000367
2016,Critical Illness,Maryland,4082159,3047355
2016,Cancer Insurance,North Carolina,4373485,3881015
2022,Dental & Vision,Tennessee,3834450,3545546
2018,Cancer Insurance,Virginia,3861307,2301856
2023,Critical Illness,Maryland,4187666,3050069
2019,Critical Illness,New York,9720676,7456677
2022,Indemnity Health,Wisconsin,3429158,3217384
2017,Cancer Insurance,New Jersey,4846016,4505157
2016,Dental & Vision,Missouri,2771722,1854811
2022,Indemnity Health,Arizona,3930290,4241381
2019,Accident Insurance,Arizona,3198390,2464533
2016,Critical Illness,Missouri,3113926,2796801
2019,Critical Illness,Missouri,3032933,2303102
2022,Long-term Care,Wisconsin,3622641,4010508
2023,Accident Insurance,New Jersey,6207448,4275851
2024,Critical Illness,California,10912361,6094042
2018,Cancer Insurance,Arizona,3709988,2952638
2022,Critical Illness,New York,8513873,5926841
2023,Dental & Vision,Maryland,3408217,3419149
2018,Dental & Vision,Georgia,4321831,3159024
2023,Critical Illness,New Jersey,5786060,3154373
2024,Critical Illness,Michigan,3346876,2898912
2022,Critical Illness,Missouri,3041441,1706184
2018,Long-term Care,Virginia,4106127,4440832
2015,Accident Insurance,New Jersey,5669972,4486259
2018,Indemnity Health,Missouri,3565400,3093011
2019,Indemnity Health,New Jersey,4220649,3856750
2017,Critical Illness,Georgia,3532148,2699362
2017,Accident Insurance,Pennsylvania,6769592,4258747
2018,Indemnity Health,North Carolina,4757883,4074910
2016,Accident Insurance,Massachusetts,5798173,4208463
2016,Critical Illness,Pennsylvania,6776149,4573369
2024,Dental & Vision,Virginia,5455681,5262078
2015,Indemnity Health,Arizona,3607757,3088807
2024,Critical Illness,Illinois,5414797,4859166
2018,Cancer Insurance,Georgia,3643062,2743920
2018,Critical Illness,Ohio,4095242,3503848
2022,Accident Insurance,Pennsylvania,6115301,6041103
2017,Long-term Care,Pennsylvania,4280601,5385453
2021,Indemnity Health,Pennsylvania,6412962,5889062
2018,Indemnity Health,Wisconsin,2697028,3048141
2020,Long-term Care,Florida,7419552,7822497
2018,Dental & Vision,Texas,9973760,7259561
2017,Accident Insurance,New Jersey,4899456,3436110
2021,Long-term Care,Michigan,3629876,4281966
2022,Dental & Vision,Ohio,5630405,5656140
2018,Dental & Vision,North Carolina,4602207,4371682
2022,Indemnity Health,Massachusetts,4924055,4838141
2022,Critical Illness,Missouri,3765325,3349959
2021,Dental & Vision,Maryland,4972579,4796694
2015,Accident Insurance,Maryland,3380284,2599521
2018,Indemnity Health,Maryland,4083265,4071800
2020,Cancer Insurance,Washington,5754044,5161668
2015,Critical Illness,Missouri,3409437,1632716
2023,Dental & Vision,Illinois,4666371,4080090
2024,Accident Insurance,New Jersey,5512239,5101319
2018,Critical Illness,California,11407791,8060683
2021,Accident Insurance,Maryland,3082292,2287813
2018,Critical Illness,Missouri,3644423,2022770
2021,Indemnity Health,Georgia,5294886,5323075
2017,Accident Insurance,Tennessee,2758647,1813245
2016,Cancer Insurance,New York,11548973,6686446
2023,Indemnity Health,Georgia,3678623,2907680
2018,Indemnity Health,Michigan,4166043,3925971
2019,Accident Insurance,Arizona,3217711,2404617
2021,Critical Illness,New York,8499999,4961122
2020,Dental & Vision,Massachusetts,4738929,4064880
2020,Critical Illness,Tennessee,3047612,2056807
2016,Long-term Care,North Carolina,3646017,4016163
2019,Indemnity Health,Ohio,3921069,3460665
2020,Long-term Care,Illinois,5715467,5900682
2016,Cancer Insurance,California,12216993,10197861
2022,Accident Insurance,Georgia,3828034,3374776
2017,Critical Illness,Georgia,4803387,3528477
2016,Critical Illness,New York,8861875,4228201
2018,Long-term Care,Ohio,5591569,5955297
2023,Dental & Vision,Maryland,4693254,4306634
2020,Accident Insurance,Texas,8166517,8531266
2018,Indemnity Health,Tennessee,3466062,3017167
2022,Dental & Vision,Missouri,3044322,2690572
2017,Indemnity Health,Tennessee,2974496,3138063
2015,Critical Illness,North Carolina,5545093,4437832
2021,Critical Illness,Maryland,5064246,3817389
2017,Cancer Insurance,Tennessee,2640312,2448255
2023,Long-term Care,Massachusetts,6010017,5855626
2022,Critical Illness,Indiana,2617492,1963429
2024,Cancer Insurance,Georgia,4468268,3717142
2017,Long-term Care,Missouri,2805615,3077999
2021,Indemnity Health,Michigan,4233242,3927423
2021,Critical Illness,Ohio,5782349,3543419
2017,Accident Insurance,Virginia,3619072,2477756
2020,Indemnity Health,Ohio,5485461,4584988
2022,Cancer Insurance,New York,12064510,10326153
2020,Dental & Vision,Florida,9549636,9120419
2018,Critical Illness,Texas,11321939,8357170
2015,Indemnity Health,Washington,5985018,5111636
2017,Dental & Vision,Pennsylvania,5609586,5073100
2021,Long-term Care,Washington,5191727,6395416
2018,Cancer Insurance,Florida,8671495,5671590
2017,Critical Illness,Tennessee,3012798,2511406
2015,Long-term Care,Tennessee,2704340,2883063
2024,Indemnity Health,Massachusetts,4835470,4063569
2022,Indemnity Health,California,11763846,9538994
2021,Accident Insurance,Florida,8216366,7306246
2019,Long-term Care,Wisconsin,3665598,3676203
2017,Long-term Care,North Carolina,3790129,3466311
2023,Long-term Care,Florida,9779642,10196828
2016,Long-term Care,Ohio,4217683,3968114
2021,Long-term Care,New York,9302654,10066853
2020,Dental & Vision,Massachusetts,5796747,4552124
2021,Long-term Care,New Jersey,5625112,5569434
2017,Dental & Vision,Pennsylvania,5772939,4997242
2020,Dental & Vision,Tennessee,4061500,2768468
2022,Long-term Care,California,12290905,12753299
2015,Dental & Vision,Ohio,5877265,4242875
2015,Indemnity Health,California,11333632,10304192
2016,Critical Illness,Massachusetts,3938033,3206902
2021,Accident Insurance,Indiana,3510996,2751351
2018,Dental & Vision,New Jersey,5947354,4140311
2020,Indemnity Health,Ohio,5893479,5833071
2022,Indemnity Health,Maryland,4360740,4447781
2016,Critical Illness,Massachusetts,5069087,3221901
2022,Critical Illness,Indiana,3948026,3252813
2017,Accident Insurance,Tennessee,4359596,3903309
2021,Critical Illness,Georgia,4993799,2751069
2022,Cancer Insurance,Illinois,4551656,3221509
2021,Long-term Care,Maryland,4464571,4063800
2017,Accident Insurance,Tennessee,4199162,2792161
2018,Indemnity Health,Florida,8258296,6725452
2022,Cancer Insurance,California,12613855,11869116
2018,Dental & Vision,Maryland,3067242,2818639
2015,Critical Illness,California,13512859,9466661
2015,Accident Insurance,Texas,9183560,8198659
2016,Accident Insurance,Tennessee,3620120,2276700
2023,Cancer Insurance,Washington,3748633,3494445
2023,Long-term Care,Illinois,5357974,5558475
2017,Cancer Insurance,Washington,4952232,4067489
2022,Indemnity Health,New York,12445255,9798509
2020,Accident Insurance,Texas,8870451,7004347
2019,Critical Illness,Michigan,4785535,3189980
2019,Indemnity Health,Illinois,5212227,4690554
2024,Accident Insurance,Ohio,4435457,4146155
2021,Accident Insurance,Wisconsin,2978645,2629645
2015,Accident Insurance,Tennessee,3320308,2598945
2015,Accident Insurance,California,10958652,7192882
2016,Cancer Insurance,Maryland,3184846,1778393
2015,Critical Illness,Maryland,4009663,2667200
2017,Critical Illness,Tennessee,3458748,2476976
2016,Cancer Insurance,Massachusetts,3635363,2130379
2021,Indemnity Health,Virginia,5429182,5166743
2024,Long-term Care,Ohio,4288154,5546310
2021,Critical Illness,Ohio,4625187,2965763
2023,Critical Illness,Florida,7893383,4570792
2023,Accident Insurance,Maryland,3964394,2992607
2024,Dental & Vision,New Jersey,4305027,4102335
2015,Indemnity Health,Washington,4520495,3759974
2015,Long-term Care,Texas,8129038,6485887
2022,Dental & Vision,Pennsylvania,6354513,5492761
2024,Dental & Vision,New Jersey,6211913,5748585
2019,Indemnity Health,Georgia,4330071,3410590
2016,Dental & Vision,Florida,9990833,6837899
2021,Critical Illness,Texas,11103281,7526079
2019,Dental & Vision,Washington,5511605,5284708
2024,Accident Insurance,Missouri,4091110,2777446
2023,Dental & Vision,California,11366738,8957211
2018,Dental & Vision,Maryland,4640316,3285306
2022,Indemnity Health,Michigan,3379370,3327585
2015,Long-term Care,Pennsylvania,4140143,3831990
2017,Cancer Insurance,Massachusetts,5217173,3412767
2020,Critical Illness,Pennsylvania,4216598,3146189
2018,Indemnity Health,Ohio,3796376,2799626
2020,Dental & Vision,Michigan,3455816,2991336
2020,Cancer Insurance,North Carolina,4211319,2532029
2019,Cancer Insurance,Washington,4833751,3496039
2024,Indemnity Health,Tennessee,4270362,4718984
2017,Dental & Vision,Arizona,3619504,2786426
2021,Accident Insurance,Maryland,4842110,4316554
2021,Dental & Vision,Florida,9111624,8137297
2019,Long-term Care,Georgia,4694549,5524780
2015,Cancer Insurance,Florida,6181886,5298815
2017,Critical Illness,North Carolina,3983332,2098778
2020,Cancer Insurance,New York,9614878,5759026
2022,Critical Illness,Washington,5977914,5706901
2017,Long-term Care,Michigan,4042361,4506992
2021,Accident Insurance,Ohio,5384575,3956807
2019,Accident Insurance,Washington,3626398,3168023
2017,Cancer Insurance,North Carolina,5450053,4540010
2023,Critical Illness,Georgia,3264959,2400255
2015,Indemnity Health,New York,8176448,7151675
2016,Critical Illness,Virginia,4663116,3850413
2020,Accident Insurance,Massachusetts,4747789,4191168
2024,Indemnity Health,Georgia,4655463,4288917
2022,Dental & Vision,California,12669510,10752586
2021,Long-term Care,Tennessee,3819703,3626572
2024,Long-term Care,Illinois,5813015,6005610
2022,Critical Illness,Pennsylvania,6032953,5135749
2022,Cancer Insurance,Georgia,4577402,2833724
2022,Cancer Insurance,Massachusetts,4268949,3621613
2022,Long-term Care,Tennessee,3499781,4244431
2018,Long-term Care,Florida,9036741,8097092
2016,Cancer Insurance,Michigan,3624869,2524640
2017,Dental & Vision,Illinois,6222210,4396846
2022,Indemnity Health,Texas,10710103,10884068
2018,Critical Illness,Florida,9424550,6688024
2024,Accident Insurance,Washington,3879220,2746527
2023,Indemnity Health,Michigan,4061509,3957957
2020,Dental & Vision,New York,10352916,8439959
2017,Critical Illness,Florida,7706766,6024838
2019,Long-term Care,Washington,3800968,4571740
2020,Indemnity Health,Washington,5603449,6375073
2020,Indemnity Health,Texas,9107980,8761088
2023,Indemnity Health,Ohio,4206223,3545350
2016,Accident Insurance,North Carolina,3879867,2873026
2023,Cancer Insurance,Texas,7728783,6525314
2021,Critical Illness,Michigan,4105038,3038808
2023,Indemnity Health,Massachusetts,6137750,5467785
2016,Indemnity Health,Ohio,3730827,3293531
2022,Cancer Insurance,Indiana,3487775,2162303
2017,Cancer Insurance,California,13053990,11031288
2022,Cancer Insurance,New Jersey,6210864,4113591
2017,Dental & Vision,New York,12563375,7906422
2019,Critical Illness,Florida,9998694,8708137
2022,Indemnity Health,Maryland,3637076,2852274
2022,Dental & Vision,Tennessee,2948383,2024642
2017,Cancer Insurance,Massachusetts,4960497,4644810
2021,Accident Insurance,Florida,8127110,5590504
2023,Critical Illness,Massachusetts,6094968,4000618
2020,Long-term Care,Virginia,3522167,3253178
2022,Indemnity Health,Indiana,3281326,3255527
2024,Critical Illness,Texas,7793036,5529637
2021,Dental & Vision,Indiana,3908640,3751834
2015,Critical Illness,Massachusetts,4028966,2267580
2021,Critical Illness,Pennsylvania,6573413,5587189
2015,Long-term Care,Michigan,4996882,5621049
2016,Critical Illness,New York,11654769,6356128
2023,Indemnity Health,Washington,5032404,4986231
2021,Indemnity Health,Georgia,3353205,2939859
2016,Dental & Vision,Tennessee,3110442,2667582
2015,Critical Illness,New York,9391196,6771073
2019,Accident Insurance,California,10019397,8053312
2023,Cancer Insurance,Wisconsin,3307011,2589555
2017,Cancer Insurance,California,14814975,9504723
2017,Accident Insurance,Washington,5668746,5119148
2024,Critical Illness,Virginia,3855698,3092998
2017,Cancer Insurance,Michigan,3045017,1810108
2017,Accident Insurance,Maryland,3064703,2459226
2019,Critical Illness,Virginia,3885876,3029149
2015,Indemnity Health,Indiana,2599738,2666205
2020,Long-term Care,Texas,8674669,10285894
2024,Critical Illness,Georgia,5094708,2685351
2016,Indemnity Health,Tennessee,3580807,3270952
2023,Critical Illness,Arizona,3469256,2869357
2023,Cancer Insurance,Arizona,3030955,2015989
2023,Long-term Care,Tennessee,3101668,2707044
2023,Accident Insurance,North Carolina,4961504,4818516
2024,Accident Insurance,Maryland,4357373,4382405
2020,Long-term Care,Wisconsin,4168114,4136298
2021,Accident Insurance,Maryland,3491838,3406247
2021,Accident Insurance,Tennessee,3433830,3474755
2017,Dental & Vision,Michigan,3534377,3210250
2020,Dental & Vision,California,13975414,11028911
2020,Indemnity Health,Arizona,3820058,3059362
2020,Dental & Vision,Pennsylvania,5636741,4613063
2023,Accident Insurance,Pennsylvania,4387373,4026165
2021,Indemnity Health,Illinois,5203515,4239918
2017,Dental & Vision,Illinois,4684023,3327655
2022,Indemnity Health,New York,12411242,12887316
2017,Indemnity Health,Texas,9554063,9096300
2015,Cancer Insurance,Arizona,3109332,1792463
2022,Long-term Care,North Carolina,4959539,4991877
2017,Critical Illness,Arizona,4086985,2504302
2023,Cancer Insurance,Washington,4957201,3696729
2019,Accident Insurance,New York,8893585,5189170
2021,Cancer Insurance,North Carolina,4822059,3003468
2016,Accident Insurance,Massachusetts,4185311,2650373
2020,Long-term Care,Arizona,4202273,4813267
2017,Indemnity Health,Georgia,5042799,4431644
2020,Accident Insurance,Wisconsin,3043584,2028575
2018,Critical Illness,Arizona,4146207,3426542
2024,Critical Illness,Missouri,4069348,3739877
2023,Accident Insurance,Ohio,4088663,2667056
2024,Dental & Vision,Ohio,5365236,3869552
2017,Accident Insurance,Virginia,4412952,2729215
2021,Long-term Care,Pennsylvania,6497234,6456538
2019,Accident Insurance,Arizona,4511047,4086197
2020,Accident Insurance,Georgia,3082715,1943618
2017,Accident Insurance,New York,10261201,8103196
2018,Long-term Care,Texas,8839188,9737299
2017,Accident Insurance,Illinois,4969580,3148783
2022,Accident Insurance,California,14251325,11130808
2019,Cancer Insurance,Missouri,3719556,2495891
2017,Critical Illness,North Carolina,5348346,3507964
2015,Dental & Vision,Michigan,3178220,2072695
2017,Indemnity Health,Ohio,3896646,4022450
2024,Critical Illness,Virginia,3901462,2235863
2016,Long-term Care,Florida,6828561,6068740
2015,Indemnity Health,Michigan,3928143,3749525
2024,Critical Illness,Pennsylvania,6393825,4505735
2023,Accident Insurance,Indiana,3338748,2235946
2017,Critical Illness,Illinois,4896429,3126593
2024,Long-term Care,Arizona,4833815,4394387
2018,Cancer Insurance,Illinois,6150384,5393823
2017,Accident Insurance,New Jersey,4752397,4330029
2020,Indemnity Health,Wisconsin,2746919,2802440
2023,Accident Insurance,Missouri,2861179,2044632
2016,Cancer Insurance,Georgia,3211485,2802177
2020,Long-term Care,Florida,9053163,10947743
2017,Critical Illness,North Carolina,3350153,2506454
2019,Indemnity Health,Illinois,5760703,4230694
2024,Long-term Care,Virginia,4900611,6356006
2022,Long-term Care,North Carolina,3741305,3986073
2021,Cancer Insurance,California,11893034,7020651
2022,Cancer Insurance,Indiana,3339129,2170450
2016,Dental & Vision,Michigan,4556493,3442384
2020,Critical Illness,Ohio,4511254,3831192
2015,Dental & Vision,North Carolina,5279546,4069763
2015,Accident Insurance,Arizona,4819695,4210859
2016,Critical Illness,Texas,10197451,8455468
2016,Long-term Care,New Jersey,4765170,4790680
2020,Cancer Insurance,North Carolina,3471578,3219689
2019,Indemnity Health,Virginia,3693502,3796467
2019,Indemnity Health,Ohio,5782922,6513481
2023,Indemnity Health,Massachusetts,5554318,5917991
2019,Critical Illness,Wisconsin,4184342,3245272
2018,Dental & Vision,Florida,6229592,4386583
2024,Long-term Care,Michigan,4869183,4834362
2020,Indemnity Health,Arizona,4583765,3974411
2019,Accident Insurance,Michigan,4853449,3110862
2023,Long-term Care,North Carolina,5060292,4843182
2016,Critical Illness,California,13159086,9274822
2024,Accident Insurance,Tennessee,4313901,4348365
2017,Dental & Vision,Ohio,3551025,2520099
2019,Dental & Vision,Pennsylvania,4463260,3061850
2016,Long-term Care,Pennsylvania,4446129,4169926
2016,Critical Illness,Missouri,3822084,3012389
2017,Accident Insurance,Ohio,5144605,4529580
2022,Long-term Care,Wisconsin,4154676,4797013
2017,Cancer Insurance,California,9879190,8495578
2016,Critical Illness,Massachusetts,4555274,2164533
2016,Accident Insurance,Massachusetts,4193330,3697269
2024,Indemnity Health,Maryland,3901097,3692943
2017,Long-term Care,Florida,9305085,9194206
2015,Critical Illness,Virginia,4689435,2883098
2019,Indemnity Health,Massachusetts,4951230,5079170
2019,Long-term Care,Florida,8302796,8543487
2018,Cancer Insurance,Illinois,5915081,4916061
2016,Dental & Vision,Pennsylvania,5812781,5236986
2022,Accident Insurance,Massachusetts,4166919,3788222
2019,Critical Illness,California,13305261,11590081
2016,Cancer Insurance,California,11149376,6527571
2018,Accident Insurance,Ohio,5907237,5419839
2021,Critical Illness,Washington,4689003,3475353
2015,Critical Illness,Washington,5800297,3139876
2020,Dental & Vision,Washington,3554467,3076175
2018,Critical Illness,Pennsylvania,4683081,3616683
2021,Cancer Insurance,Georgia,3709878,3595559
2019,Accident Insurance,New Jersey,4753694,4496923
2017,Dental & Vision,New Jersey,4300987,2823913
2018,Dental & Vision,Maryland,4306832,3267456
2020,Accident Insurance,Tennessee,3424500,2606500
2020,Cancer Insurance,Wisconsin,3376638,2061557
2017,Critical Illness,Michigan,3271555,2059361
2015,Cancer Insurance,Massachusetts,3772781,2925920
2018,Critical Illness,Indiana,2771053,1923144
2022,Cancer Insurance,Georgia,4877236,3052633
2017,Cancer Insurance,Washington,3884139,2277272
2024,Cancer Insurance,Massachusetts,3905864,2610080
2019,Dental & Vision,Michigan,4653100,3850577
2023,Indemnity Health,New Jersey,4227435,4778488
2020,Critical Illness,California,11284017,7263645
2016,Dental & Vision,Wisconsin,3280146,2797888
2019,Dental & Vision,New York,8963714,7455685
2019,Accident Insurance,Georgia,4730955,4700587
2022,Critical Illness,Tennessee,3153534,2632827
2020,Cancer Insurance,Texas,9076750,7792241
2021,Long-term Care,Maryland,4714857,4596119
2017,Critical Illness,California,13709120,9526625
2017,Cancer Insurance,Wisconsin,2787620,1639370
2015,Indemnity Health,Washington,4301348,3331822
2024,Indemnity Health,Maryland,4435943,5338382
2015,Indemnity Health,Missouri,2611627,2259547
2021,Indemnity Health,North Carolina,3839926,3814559
2020,Indemnity Health,California,11226914,12580413
2015,Accident Insurance,New Jersey,5185495,4820823
2019,Indemnity Health,Wisconsin,3885114,3168262
2017,Indemnity Health,Washington,5209826,3815736
2023,Indemnity Health,New Jersey,4204056,4021767
2021,Dental & Vision,North Carolina,3716055,2552989
2017,Critical Illness,New Jersey,4834419,3337569
2016,Cancer Insurance,Wisconsin,2759367,2632738
2016,Indemnity Health,Illinois,6367540,5651575
2020,Cancer Insurance,North Carolina,4611307,4050750
2023,Long-term Care,Missouri,3716786,4038058
2018,Dental & Vision,Indiana,2230502,1659464
2021,Dental & Vision,Georgia,4403978,3890440
2024,Critical Illness,Michigan,3114290,2754637
2015,Critical Illness,Indiana,2969891,2043336
2022,Critical Illness,Missouri,2822354,2255601
2020,Long-term Care,Texas,9248860,10431509
2017,Long-term Care,North Carolina,4054966,4347988
2017,Indemnity Health,Ohio,5479189,4062932
2020,Cancer Insurance,Washington,4620289,2847995
2019,Cancer Insurance,Texas,8809126,7698133
2021,Cancer Insurance,Missouri,2592548,2042201
2018,Indemnity Health,Indiana,3619154,2711830
2021,Accident Insurance,Washington,4162965,3802256
2018,Dental & Vision,Arizona,3656451,2923282
2024,Accident Insurance,Illinois,6183678,4497418
2021,Indemnity Health,New York,10077877,9978290
2018,Cancer Insurance,North Carolina,5492038,4180533
2016,Indemnity Health,Indiana,2333340,2356840
2015,Indemnity Health,Arizona,2990906,3141675
2017,Indemnity Health,Maryland,4477982,4546961
2024,Accident Insurance,Virginia,4859295,3343672
2023,Dental & Vision,New Jersey,4306533,3972948
2017,Critical Illness,Washington,4052114,2901722
2020,Long-term Care,Indiana,3751088,4125601
2024,Dental & Vision,Texas,10033181,7842411
2016,Indemnity Health,Tennessee,3000135,2177788
2020,Long-term Care,Michigan,4859528,4578719
2021,Long-term Care,Michigan,3656875,3571635
2016,Indemnity Health,Virginia,4995001,3667606
2022,Indemnity Health,Missouri,3627486,2943045
2024,Dental & Vision,Maryland,3764649,3487764
2023,Critical Illness,Michigan,3811378,3227018
2023,Indemnity Health,Arizona,4921936,5115306
2015,Dental & Vision,Maryland,4758962,3245597
2021,Long-term Care,Tennessee,3943775,4893989
2022,Dental & Vision,Missouri,3890584,2594582
2022,Long-term Care,Georgia,4110706,4240991
2016,Dental & Vision,Indiana,2401426,1798265
2019,Long-term Care,Arizona,4664738,4825966
2015,Accident Insurance,Virginia,5241075,3405919
2021,Long-term Care,Missouri,3656655,4296862
2018,Long-term Care,Texas,11207175,13110729
2021,Critical Illness,Michigan,3841050,3189144
2019,Dental & Vision,Virginia,4541837,3515323
2022,Critical Illness,Michigan,4909143,2821942
2018,Critical Illness,Tennessee,3952813,3138683
2019,Indemnity Health,Virginia,3324576,3648405
2019,Dental & Vision,North Carolina,5499144,4558965
2024,Accident Insurance,Ohio,4817494,3763636
2018,Dental & Vision,Michigan,4743064,4130849
2019,Dental & Vision,Tennessee,3273583,2467696
2018,Cancer Insurance,Texas,7737551,5489455
2015,Indemnity Health,Tennessee,2719361,2653382
2016,Long-term Care,New Jersey,6113160,7818257
2020,Dental & Vision,New York,8340758,6390526
2018,Critical Illness,Texas,9836454,6125681
2015,Dental & Vision,Texas,8615599,6946967
2024,Dental & Vision,Indiana,3420463,3322424
2023,Dental & Vision,Virginia,4412575,3311043
2019,Critical Illness,Florida,6081930,5296898
2020,Indemnity Health,Georgia,4536742,3767364
2021,Cancer Insurance,Pennsylvania,6128474,5330810
2017,Dental & Vision,Maryland,3897700,3175564
2022,Accident Insurance,Arizona,4517626,3923316
2021,Indemnity Health,California,10246588,9512199
2020,Cancer Insurance,Illinois,5128456,5072823
2016,Accident Insurance,Wisconsin,2960051,2378737
2016,Long-term Care,Massachusetts,4978754,4268635
2021,Dental & Vision,North Carolina,4772167,3598166
2017,Long-term Care,Michigan,4261588,4432962
2016,Indemnity Health,Illinois,4645496,4736506
2018,Long-term Care,Massachusetts,5858069,6887631
2019,Long-term Care,Tennessee,4417159,4765402
2017,Critical Illness,Tennessee,3395693,2757984
2015,Cancer Insurance,California,13132434,7427442
2016,Accident Insurance,California,13364894,9787233
2015,Critical Illness,Arizona,4334206,2638584
2015,Indemnity Health,Maryland,4205354,4586248
2020,Long-term Care,Wisconsin,3752220,3902116
2024,Accident Insurance,Texas,8482698,8214286
2021,Dental & Vision,Massachusetts,5022301,4240610
2017,Dental & Vision,Wisconsin,2994955,2117112
2019,Accident Insurance,Massachusetts,5918084,5504943
2022,Indemnity Health,Maryland,4712039,5085316
2023,Long-term Care,Georgia,5100136,5394093
2023,Indemnity Health,Ohio,3686641,3661964
2021,Long-term Care,Georgia,4721923,4962010
2018,Critical Illness,Georgia,3771125,2783158
2016,Indemnity Health,Missouri,2963727,2678160
2022,Cancer Insurance,Texas,8054778,5534360
2024,Accident Insurance,California,9419466,8331237
2021,Critical Illness,New Jersey,5131604,3948017
2022,Long-term Care,Virginia,5160321,5480107
2018,Long-term Care,North Carolina,4854347,5333193
2018,Dental & Vision,New Jersey,4243163,3914456
2021,Indemnity Health,Massachusetts,4172165,3245765
2022,Indemnity Health,North Carolina,5285565,4553076
2023,Indemnity Health,Maryland,3412961,3242666
2020,Critical Illness,New Jersey,6460897,4678037
2019,Accident Insurance,Indiana,2347530,1565638
2024,Cancer Insurance,Virginia,4780488,2941148
2020,Accident Insurance,Pennsylvania,5375113,5261875
2022,Accident Insurance,Georgia,5373094,4030154
2018,Cancer Insurance,Missouri,3801960,3078939
2017,Critical Illness,Maryland,3833993,2663260
2018,Indemnity Health,Illinois,6564909,5015570
2017,Long-term Care,New York,12055247,14270718
2020,Indemnity Health,Massachusetts,5521634,5187384
2020,Accident Insurance,Indiana,2579449,2569034
2015,Dental & Vision,Michigan,3635086,2666355
2016,Indemnity Health,Texas,11316740,8703705
2020,Long-term Care,Missouri,4114709,5127203
2024,Critical Illness,Maryland,3208443,1889327
2020,Indemnity Health,Massachusetts,4768270,4714905
2024,Critical Illness,Texas,11847574,9939099
2016,Indemnity Health,Ohio,4109784,4571275
2018,Long-term Care,Wisconsin,2478164,2355982
2019,Accident Insurance,Georgia,4329636,3551861
2016,Long-term Care,Missouri,3262222,3118119
2022,Critical Illness,Missouri,2476931,1822395
2023,Accident Insurance,North Carolina,4475231,2852270
2020,Dental & Vision,Pennsylvania,5342885,4137060
2020,Long-term Care,Pennsylvania,4087332,3920982
2020,Cancer Insurance,Pennsylvania,4970872,3501585
2016,Indemnity Health,Wisconsin,2993425,2752172
2017,Accident Insurance,Massachusetts,4667002,4684734
2021,Indemnity Health,Maryland,4803069,3524536
2024,Indemnity Health,Arizona,3465625,3294607
2023,Dental & Vision,Pennsylvania,6890042,5282400
2018,Accident Insurance,Indiana,3765009,2784516
2020,Long-term Care,Wisconsin,3579740,3163059
2023,Critical Illness,North Carolina,5047971,3613712
2023,Dental & Vision,Indiana,2812895,2707647
2016,Long-term Care,Texas,10631330,12415652
2019,Dental & Vision,Georgia,5474544,4949879
2019,Accident Insurance,Arizona,4543581,3079571
2015,Cancer Insurance,Pennsylvania,6826829,3913736
2020,Indemnity Health,Ohio,4200441,3576976
2023,Critical Illness,Florida,7305588,4950357
2020,Indemnity Health,Florida,7864248,7506586
2022,Accident Insurance,Georgia,4913485,3924527
2016,Cancer Insurance,California,9437152,6071213
2022,Long-term Care,Missouri,4105131,3967722
2023,Dental & Vision,Missouri,2610342,2277699
2017,Critical Illness,Tennessee,4257121,3465219
2020,Dental & Vision,California,13685034,13662801
2017,Indemnity Health,Washington,5033365,5439613
2018,Cancer Insurance,Virginia,3915113,2374595
2024,Long-term Care,Virginia,3980633,3448668
2023,Accident Insurance,Massachusetts,5309548,4993427
2016,Indemnity Health,Washington,5196359,5488265
2023,Critical Illness,Michigan,3745183,3056196
2019,Dental & Vision,Wisconsin,3181952,2707707
2021,Long-term Care,Pennsylvania,4714198,4497707
2022,Cancer Insurance,Michigan,4634879,2746156
2022,Accident Insurance,Florida,7822625,6683589
2020,Dental & Vision,Michigan,3674219,2553753
2023,Indemnity Health,Michigan,4595624,3852756
2022,Critical Illness,Georgia,4448560,3664828
2022,Dental & Vision,Virginia,5242224,4030513
2022,Long-term Care,Illinois,5347150,6386384
2015,Indemnity Health,Texas,9739572,9540368
2023,Long-term Care,Michigan,3422439,4102603
2023,Critical Illness,Illinois,6122154,4102953
2015,Accident Insurance,Illinois,5051848,4353626
2017,Dental & Vision,Texas,9855713,8723160
2020,Dental & Vision,New York,10299985,6778344
2015,Long-term Care,Tennessee,2575145,2475807
2015,Dental & Vision,Michigan,4393964,3354329
2018,Long-term Care,Michigan,3686548,3964107
2020,Long-term Care,Illinois,4892124,5507748
2018,Dental & Vision,Wisconsin,4252560,2851562
2021,Long-term Care,Pennsylvania,5622597,7312317
2015,Accident Insurance,Michigan,3573858,2455223
2020,Accident Insurance,Illinois,6604303,5020339
2016,Critical Illness,Texas,11950141,6943302
2022,Dental & Vision,North Carolina,5395176,5008642
2021,Dental & Vision,Washington,4833636,4123223
2017,Cancer Insurance,Ohio,5156356,4659952
2017,Critical Illness,Tennessee,4150902,3024002
2015,Accident Insurance,Pennsylvania,5793298,3981911
2024,Dental & Vision,Maryland,3062981,2166605
2021,Indemnity Health,Pennsylvania,6932473,4913345
2021,Critical Illness,North Carolina,5732199,4454921
2023,Critical Illness,North Carolina,3722855,2986229
2021,Indemnity Health,California,10595449,9670274
2020,Cancer Insurance,Virginia,5359816,3822682
2021,Long-term Care,Illinois,7234458,7357881
2019,Critical Illness,Arizona,3459690,1773843
2015,Accident Insurance,Florida,7080785,6827475
2020,Dental & Vision,California,12067213,8765985
2023,Cancer Insurance,New Jersey,4896197,4515965
2016,Accident Insurance,Washington,4534869,3328742
2018,Cancer Insurance,Virginia,3761286,2110575
2018,Accident Insurance,Georgia,3277719,2969802
2015,Critical Illness,New York,12945929,9467715
2021,Accident Insurance,Missouri,3840388,3890788
2019,Cancer Insurance,Missouri,3612417,2063472
2021,Cancer Insurance,Wisconsin,3067216,2041304
2019,Accident Insurance,Pennsylvania,6791658,5645622
2022,Long-term Care,Michigan,3216429,3699521
2018,Critical Illness,Virginia,4612782,3456237
2019,Long-term Care,New Jersey,5053730,5182635
2021,Accident Insurance,Georgia,5329191,4323662
2020,Indemnity Health,Florida,7830493,7944788
2015,Accident Insurance,Missouri,3329029,2515253
2024,Indemnity Health,Illinois,5389150,4668443
2020,Long-term Care,Florida,7377177,8455387
2017,Dental & Vision,Arizona,3453931,2955749
2020,Cancer Insurance,Pennsylvania,4130223,3875768
2019,Accident Insurance,Indiana,3239856,2485032
2020,Cancer Insurance,North Carolina,5284743,5080334
2020,Critical Illness,Illinois,5064618,3914854
2015,Accident Insurance,Indiana,2937183,1918948
2021,Critical Illness,New Jersey,5794752,4244750
2017,Long-term Care,Virginia,5434925,5698477
2020,Indemnity Health,Washington,5430518,4394618
2023,Long-term Care,Illinois,4678446,5135297
2024,Indemnity Health,Florida,6699654,5344733
2020,Cancer Insurance,Michigan,4737096,2969993
2022,Dental & Vision,Maryland,4604631,4498839
2017,Dental & Vision,Florida,8274439,6861872
2021,Dental & Vision,Michigan,4358030,3575125
2015,Critical Illness,Illinois,7020100,3911750
2023,Indemnity Health,Washington,4486290,3465693
2020,Cancer Insurance,Maryland,4635503,3275756
2022,Dental & Vision,Arizona,4491375,3265390
2023,Long-term Care,Pennsylvania,6360771,6291319
2021,Accident Insurance,Virginia,5114242,3547642
2021,Long-term Care,New York,8773012,8600193
2016,Dental & Vision,Washington,5725620,4320404
2021,Dental & Vision,Texas,7898950,6893416
2020,Cancer Insurance,Maryland,3986225,2801644
2017,Dental & Vision,Ohio,5271066,3341520
2020,Indemnity Health,Maryland,3840014,4148959
2019,Indemnity Health,Pennsylvania,4370711,3040002
2018,Accident Insurance,Florida,6352756,4478430
2019,Accident Insurance,North Carolina,3484037,3169049
2017,Long-term Care,Indiana,2706343,2872811
2023,Long-term Care,North Carolina,3279938,3092296
2024,Dental & Vision,Texas,8622403,8005292
2022,Critical Illness,North Carolina,4317746,2425932
2016,Indemnity Health,Indiana,2699283,2606776
2020,Dental & Vision,Missouri,3297775,2739708
2024,Accident Insurance,Arizona,4204488,4325048
2017,Critical Illness,Georgia,5267527,3019817
2023,Cancer Insurance,Virginia,5258600,4331966
2021,Critical Illness,Indiana,3409578,2144079
2021,Long-term Care,Arizona,4651547,5362922
2019,Critical Illness,Missouri,3694158,2127038
2015,Critical Illness,Texas,9931325,7456106
2021,Indemnity Health,Washington,5110309,5347931
2020,Long-term Care,Illinois,7283180,6865110
2015,Dental & Vision,New Jersey,4160101,3034288
2015,Critical Illness,Michigan,3480683,1907768
2021,Critical Illness,Missouri,3998081,2943634
2018,Indemnity Health,Maryland,3506643,3662722
2015,Critical Illness,Texas,8685929,4343996
2019,Accident Insurance,Tennessee,3777484,3526763
2021,Dental & Vision,Maryland,4780694,3819148
2022,Long-term Care,Florida,7138433,8085981
2021,Cancer Insurance,Arizona,2818517,2061192
2017,Indemnity Health,Wisconsin,3158043,3337848
2023,Cancer Insurance,Tennessee,3275020,3097280
2015,Critical Illness,Indiana,3681902,2325756
2016,Indemnity Health,Washington,4251181,3730402
2016,Dental & Vision,Illinois,4575774,3560093
2024,Indemnity Health,North Carolina,4206622,4908715
2023,Critical Illness,Pennsylvania,4521676,3605547
2016,Accident Insurance,Pennsylvania,5715494,3734993
2024,Dental & Vision,Tennessee,2645894,2257979
2016,Dental & Vision,Wisconsin,2500586,1879938
2022,Accident Insurance,Illinois,7080716,7128375
2017,Cancer Insurance,Washington,3840391,2483229
2015,Accident Insurance,Indiana,2577312,1685752
2022,Cancer Insurance,Texas,8219680,6753705
2023,Cancer Insurance,Maryland,4618731,4350132
2021,Critical Illness,Georgia,5098511,2544571
2023,Long-term Care,Missouri,2511205,2390151
2022,Dental & Vision,Washington,5505479,4712421
2017,Long-term Care,New York,11785708,11593583
2019,Dental & Vision,California,9449421,8249473
2020,Critical Illness,New Jersey,4898029,3981319
2023,Indemnity Health,Arizona,3390314,3224867
2016,Indemnity Health,New Jersey,4697645,5120201
2020,Dental & Vision,Missouri,2378313,1872632
2024,Dental & Vision,Illinois,4588353,4576668
2019,Long-term Care,Indiana,3519350,3661877
2019,Long-term Care,North Carolina,5788288,6294202
2016,Critical Illness,Michigan,4290185,3696950
2024,Cancer Insurance,Ohio,4666390,2615781
2021,Long-term Care,Florida,7710436,8891854
2023,Long-term Care,Indiana,3961719,5114746
2022,Critical Illness,Indiana,3600649,2848382
2020,Critical Illness,Tennessee,3953196,2384768
2016,Cancer Insurance,Washington,4363208,2888545
2020,Accident Insurance,Washington,5753172,4325892
2022,Indemnity Health,Ohio,5340524,4203782
2016,Long-term Care,Georgia,3787891,3109701
2024,Indemnity Health,Georgia,5314345,5445495
2024,Long-term Care,Missouri,2680631,3335159
2016,Indemnity Health,Florida,6021296,4827081
2015,Cancer Insurance,Pennsylvania,6380659,5137781
2024,Accident Insurance,North Carolina,5239847,3924450
2015,Dental & Vision,Wisconsin,3925080,2741479
2017,Accident Insurance,Wisconsin,2791689,2013561
2019,Long-term Care,Indiana,3899212,3384284
2020,Accident Insurance,Ohio,5339369,4232649
2020,Accident Insurance,Missouri,2757278,1631642
2016,Cancer Insurance,Wisconsin,3708455,2327633
2021,Accident Insurance,Missouri,3923632,2815401
2023,Long-term Care,Washington,5884224,5853701
2024,Critical Illness,New Jersey,6253249,5675649
2016,Critical Illness,Indiana,2364513,1282471
2015,Accident Insurance,North Carolina,4493025,3691958
2017,Cancer Insurance,Missouri,3654427,2441676
2016,Dental & Vision,New York,8576825,6949059
2016,Dental & Vision,Tennessee,2623338,2354727
2016,Indemnity Health,Virginia,5195133,5278868
2019,Indemnity Health,New Jersey,5046380,3666339
2015,Accident Insurance,Wisconsin,3442585,2833918
2022,Indemnity Health,Indiana,3006984,2938942
2022,Critical Illness,Arizona,4618202,3704515
2023,Indemnity Health,Texas,11861826,9393663
2021,Critical Illness,Michigan,3139861,2011900
2024,Long-term Care,Georgia,3534761,3624566
2015,Critical Illness,Tennessee,2697049,1982433
2022,Accident Insurance,Texas,9609486,7618253
2017,Cancer Insurance,Pennsylvania,6627057,4658998
2018,Indemnity Health,North Carolina,3982399,3022242
2022,Indemnity Health,Michigan,4791411,4417708
2024,Cancer Insurance,Washington,3699091,3166267
2021,Long-term Care,California,14250046,16539930
2015,Indemnity Health,Texas,10850414,9833256
2017,Indemnity Health,Illinois,7009425,6342164
2024,Long-term Care,Michigan,3736548,3827463
2016,Long-term Care,Texas,7927035,7819835
2019,Long-term Care,Missouri,3228861,2887445
2022,Accident Insurance,Indiana,3800751,3812413
2023,Cancer Insurance,Michigan,3231565,2827400
2024,Dental & Vision,Wisconsin,4065111,3662585
2018,Accident Insurance,North Carolina,4532837,4245865
2021,Long-term Care,California,11365370,12184380
2020,Cancer Insurance,Washington,4809436,2860222
2017,Long-term Care,Ohio,4901161,4633633
2017,Accident Insurance,Missouri,3921297,3751324
2019,Indemnity Health,Arizona,4357154,3611691
2015,Indemnity Health,California,14676566,14257120
2015,Critical Illness,Missouri,2836742,1401549
2021,Critical Illness,Washington,4508499,2845373
2018,Indemnity Health,Michigan,3695622,3806675
2020,Indemnity Health,Illinois,6173147,5881405
2015,Cancer Insurance,Maryland,5051027,3257783
2016,Critical Illness,Virginia,5228972,3314953
2015,Accident Insurance,Indiana,2779618,2490567
2019,Critical Illness,Virginia,4111957,3639057
2020,Critical Illness,Washington,5602568,3755119
2023,Long-term Care,New Jersey,5663429,6864850
2020,Dental & Vision,Indiana,2416761,1728295
2017,Indemnity Health,Missouri,2506730,2175669
2023,Indemnity Health,Ohio,5966149,5356368
2022,Indemnity Health,Virginia,5292480,5498888
2021,Dental & Vision,Washington,5849191,4515614
2016,Indemnity Health,New York,8593062,7560553
2020,Cancer Insurance,Massachusetts,6039634,5199874
2016,Indemnity Health,North Carolina,3768317,2955177
2023,Dental & Vision,Georgia,4883715,4395781
2020,Accident Insurance,New York,9017023,7746956
2020,Critical Illness,Texas,8864544,4381916
2020,Long-term Care,New York,10419761,12604813
2015,Cancer Insurance,Indiana,2540791,1779442
2015,Indemnity Health,Georgia,3453385,2706704
2021,Indemnity Health,Washington,4626804,4151688
2021,Accident Insurance,Massachusetts,5859967,3721304
2021,Cancer Insurance,Virginia,4083605,2527053
2016,Dental & Vision,North Carolina,4227289,3312721
2016,Long-term Care,Florida,6241158,6244055
2024,Long-term Care,Virginia,3501608,4114014
2020,Indemnity Health,Pennsylvania,6700717,6493309
2018,Long-term Care,Florida,6122924,5501222
2015,Cancer Insurance,Missouri,3579423,2763704
2017,Accident Insurance,Washington,4208013,2999289
2017,Long-term Care,Massachusetts,5320434,5838649
2017,Accident Insurance,North Carolina,3211960,2929423
2021,Accident Insurance,California,11755449,11122828
2024,Cancer Insurance,Michigan,3018989,2382075
2019,Long-term Care,California,9562752,9048048
2016,Accident Insurance,Florida,6937986,6147830
2021,Long-term Care,Virginia,5455975,6265124
2024,Indemnity Health,Missouri,4199501,3706231
2024,Dental & Vision,Wisconsin,2496862,1914143
2022,Accident Insurance,Michigan,4262592,3771282
2017,Cancer Insurance,Georgia,3245020,2870600
2024,Cancer Insurance,Virginia,4602609,3169316
2020,Long-term Care,Florida,8774042,9804638
2023,Cancer Insurance,Washington,4917046,3912072
2015,Indemnity Health,Michigan,4455318,3275394
2017,Dental & Vision,Missouri,2759176,2388739
2019,Cancer Insurance,Missouri,2938449,1986636
2024,Critical Illness,Indiana,3223567,2631246
2015,Dental & Vision,Missouri,3217474,2876573
2015,Indemnity Health,Indiana,2760057,2657693
2022,Indemnity Health,Tennessee,3145277,3253264
2022,Indemnity Health,Pennsylvania,4285301,4603890
2023,Accident Insurance,Michigan,3667481,2557360
2018,Critical Illness,Georgia,4155992,2230851
2016,Long-term Care,New York,12959313,13193265
2021,Accident Insurance,Ohio,4573940,3621829
2020,Accident Insurance,Florida,9302164,7429758
2023,Long-term Care,Pennsylvania,4286241,5654851
2021,Cancer Insurance,Arizona,3291655,2278499
2016,Accident Insurance,North Carolina,5400286,4361400
2023,Accident Insurance,Pennsylvania,5760742,4983144
2020,Long-term Care,Pennsylvania,5511823,4899811
2022,Dental & Vision,North Carolina,4390548,3195142
2024,Cancer Insurance,Massachusetts,4839190,3328517
2016,Dental & Vision,Florida,7428829,6275026
2016,Accident Insurance,Florida,6445097,6159967
2015,Cancer Insurance,Massachusetts,4318067,3489477
2023,Dental & Vision,New York,8640105,6661665
2018,Accident Insurance,Maryland,4592199,3214952
2017,Indemnity Health,Wisconsin,2816535,2221280
2023,Dental & Vision,Missouri,2894613,2317385
2016,Dental & Vision,Missouri,3315423,3174281
2022,Dental & Vision,Texas,11884583,10753080
2016,Dental & Vision,New Jersey,5405531,4568762
2015,Indemnity Health,Illinois,5614068,4906560
2018,Indemnity Health,New Jersey,3854717,3072707
2024,Dental & Vision,North Carolina,3870653,2815098
2015,Dental & Vision,Illinois,5558718,4656624
2024,Indemnity Health,New York,11721181,10052378
2020,Indemnity Health,New Jersey,5544615,6447915
2019,Dental & Vision,New York,12181857,8355099
2020,Dental & Vision,Massachusetts,5666930,5178149
2019,Long-term Care,Michigan,3150972,3619390
2021,Dental & Vision,Georgia,3899697,3117059
2017,Long-term Care,Ohio,5773163,4920990
2023,Cancer Insurance,New Jersey,5409523,4226118
2021,Long-term Care,Massachusetts,6005452,5344900
2015,Critical Illness,Florida,6020266,3837850
2016,Indemnity Health,Washington,5178709,4488521
2018,Accident Insurance,Georgia,3846060,2601405
2015,Indemnity Health,Virginia,4504591,3145661
2016,Cancer Insurance,Illinois,6243513,5532865
2022,Long-term Care,Texas,7892174,7785374
2016,Dental & Vision,Michigan,3629631,2801308
2015,Accident Insurance,Illinois,7484120,6806615
2024,Indemnity Health,Indiana,3656209,4005748
2021,Critical Illness,Virginia,4420156,2407196
2017,Long-term Care,New York,8772004,8521709
2018,Critical Illness,North Carolina,4982219,3129920
2024,Accident Insurance,California,12838554,12139330
2016,Accident Insurance,Illinois,5925398,4556553
2017,Critical Illness,Pennsylvania,5726568,4342197
2022,Indemnity Health,Missouri,3802767,4159851
2020,Long-term Care,Florida,9650469,9638968
2019,Cancer Insurance,Michigan,3007448,2507683
2016,Critical Illness,Massachusetts,4422814,3239176
2018,Accident Insurance,Arizona,3113095,2778728
2017,Long-term Care,Illinois,5141882,5230917
2018,Dental & Vision,Pennsylvania,5589221,5239154
2021,Cancer Insurance,Florida,9914621,8277789
2019,Accident Insurance,Pennsylvania,5695415,5289297
2024,Long-term Care,Washington,5359074,5227386
2019,Long-term Care,Virginia,3210601,3391737
2021,Dental & Vision,Illinois,4547915,3434115
2020,Accident Insurance,Virginia,3880429,3317235
2023,Indemnity Health,Indiana,2657322,2569849
2015,Cancer Insurance,New Jersey,6435100,3822226
2021,Long-term Care,Indiana,3561312,3741138
2024,Indemnity Health,Maryland,3405825,3048881
2021,Accident Insurance,Tennessee,3361315,2907947
2019,Dental & Vision,Washington,4245221,3281278
2019,Cancer Insurance,Indiana,2764427,1863884
2016,Cancer Insurance,Virginia,3404057,2918380
2019,Accident Insurance,Illinois,7107741,4779039
2017,Cancer Insurance,Florida,8219294,4501451
2020,Cancer Insurance,Indiana,3020902,1621505
2017,Accident Insurance,New York,11920488,7484866
2022,Dental & Vision,Michigan,4234846,4114377
2024,Dental & Vision,Michigan,4698891,3379929
2016,Accident Insurance,Indiana,2225636,1384928
2023,Cancer Insurance,Wisconsin,3436647,2616728
2018,Indemnity Health,Virginia,3879054,3885500
2019,Long-term Care,Georgia,3841654,3470023
2017,Critical Illness,Maryland,3636642,1887396
2019,Critical Illness,New Jersey,3848341,2877160
2024,Cancer Insurance,Tennessee,3622134,2276007
2022,Cancer Insurance,Washington,4917539,3998866
2018,Long-term Care,Illinois,6924576,8675352
2019,Accident Insurance,Illinois,6127475,5150481
2018,Long-term Care,Washington,4773904,4539579
2017,Dental & Vision,Georgia,3945153,3449000
2023,Indemnity Health,Michigan,4046103,4089409
2024,Long-term Care,Tennessee,3132733,3434180
2015,Indemnity Health,Massachusetts,6068453,6154119
2017,Accident Insurance,North Carolina,4285032,3559324
2019,Long-term Care,Washington,4879082,5705605
2022,Critical Illness,New York,9232998,8306635
2019,Cancer Insurance,Illinois,6437877,4235208
2020,Cancer Insurance,Maryland,4301666,3013194
2021,Indemnity Health,Texas,8832443,8327013
2015,Cancer Insurance,Florida,6476679,5232512
2019,Long-term Care,Tennessee,3783649,3207609
2022,Dental & Vision,Maryland,4387580,4030292
2023,Critical Illness,Illinois,4748455,3835340
2019,Accident Insurance,North Carolina,4136773,3589993
2020,Accident Insurance,Pennsylvania,4281176,3130598
2015,Dental & Vision,New York,11492384,8457119
2020,Cancer Insurance,Massachusetts,5772152,5259269
2017,Cancer Insurance,Maryland,3650050,2570354
2017,Accident Insurance,New York,8209156,7548922
2018,Indemnity Health,Washington,4076487,4435601
2021,Long-term Care,Washington,5411161,5374677
2020,Indemnity Health,Wisconsin,4202077,3319605
2019,Indemnity Health,Ohio,5787973,5651481
2019,Long-term Care,Virginia,3293851,4083121
2022,Critical Illness,North Carolina,3853819,2008725
2021,Dental & Vision,Texas,10471371,7960159
2019,Cancer Insurance,Florida,7391679,4663886
2024,Critical Illness,Arizona,4064906,3254282
2017,Dental & Vision,North Carolina,4661770,4108980
2020,Dental & Vision,Pennsylvania,4795411,3669957
2016,Cancer Insurance,Missouri,3099970,2198432
2018,Indemnity Health,North Carolina,4857762,3923001
2024,Long-term Care,Pennsylvania,4285319,4236015
2019,Long-term Care,California,14638802,14208845
2017,Indemnity Health,Virginia,5326135,4361076
2023,Critical Illness,Georgia,4424482,2454627
2018,Indemnity Health,Pennsylvania,4465541,4021949
2016,Critical Illness,North Carolina,5012152,3322082
2015,Cancer Insurance,Illinois,4677428,3265556
2023,Dental & Vision,Ohio,4948253,4624277
2018,Accident Insurance,North Carolina,3273661,2702312
2018,Critical Illness,Washington,4717940,3548113
2023,Indemnity Health,New York,11517957,8886077
2015,Cancer Insurance,Virginia,4318707,3716561
2017,Accident Insurance,Washington,5282529,3487263
2022,Critical Illness,Maryland,3157718,1829609
2015,Critical Illness,California,11692214,7757818
2022,Accident Insurance,Washington,4028896,2788261
2015,Long-term Care,Texas,8651219,8819762
2024,Accident Insurance,Missouri,3409235,2376049
2023,Dental & Vision,Arizona,3395881,3389542
2022,Accident Insurance,Virginia,3745480,3304457
2018,Indemnity Health,Texas,11296885,8708417
2023,Critical Illness,Indiana,2628599,1507077
2022,Indemnity Health,Washington,4031197,3663636
2021,Cancer Insurance,Washington,5377614,4785869
2021,Critical Illness,Illinois,4541992,3630080
2021,Long-term Care,Florida,8647287,10710121
2016,Indemnity Health,Arizona,4606407,3671722
2015,Indemnity Health,North Carolina,5110153,4469105
2021,Long-term Care,Illinois,5572343,5738230
2022,Dental & Vision,Pennsylvania,4664635,3283381
2020,Dental & Vision,New York,12583384,11453123
2022,Critical Illness,Missouri,2302179,1569159
2015,Indemnity Health,Georgia,3954604,3218589
2016,Indemnity Health,New Jersey,4603408,4564526
2017,Dental & Vision,Michigan,3553459,3008923
2024,Accident Insurance,Indiana,3708192,2291051
2015,Cancer Insurance,New Jersey,4264971,3594592
2015,Long-term Care,Washington,5616586,4997293
2019,Long-term Care,Virginia,5227000,4927077
2023,Indemnity Health,Indiana,3414144,2791824
2019,Cancer Insurance,Texas,11235170,6113429
2020,Dental & Vision,Arizona,4326877,3462679
2020,Indemnity Health,Maryland,4014905,3470684
2023,Indemnity Health,New Jersey,5829640,5001032
2022,Dental & Vision,Florida,8365480,5803972
2017,Indemnity Health,Illinois,6609996,5466764
2018,Accident Insurance,Georgia,5469305,4875072
2021,Dental & Vision,North Carolina,3716979,3048219
2015,Long-term Care,New York,8471171,7535217
2020,Accident Insurance,Michigan,3645096,2238861
2018,Accident Insurance,Michigan,3007745,2485151
2017,Dental & Vision,New Jersey,5282902,4444949
2018,Indemnity Health,Tennessee,3460281,3023155
2019,Dental & Vision,California,14074744,10578637
2021,Dental & Vision,California,14387492,13972479
2018,Dental & Vision,Missouri,3211342,2098195
2016,Dental & Vision,Texas,10582913,8980253
2021,Long-term Care,Missouri,3940702,4463507
2020,Dental & Vision,North Carolina,3630851,2946486
2019,Indemnity Health,Florida,7549685,6078739
2016,Long-term Care,Maryland,3808076,4020883
2019,Dental & Vision,Florida,8193503,6032142
2023,Indemnity Health,Indiana,3666496,3608468
2022,Cancer Insurance,Virginia,3940827,2356893
2024,Accident Insurance,Texas,8873167,8088553
2018,Accident Insurance,Washington,5331480,4617433
2023,Dental & Vision,Florida,6933011,6498413
2018,Long-term Care,Florida,7304241,8532219
2017,Long-term Care,Georgia,4632469,4853634
2019,Dental & Vision,Texas,11208359,9293801
2020,Critical Illness,New York,10680113,7624458
2020,Cancer Insurance,Wisconsin,2657159,1853269
2024,Critical Illness,New Jersey,4775681,2785230
2017,Cancer Insurance,Wisconsin,3716339,2953217
2016,Long-term Care,Maryland,3529867,3729171
2022,Indemnity Health,Massachusetts,5691941,5163403
2023,Indemnity Health,Maryland,4344154,3525094
2024,Cancer Insurance,Missouri,3248734,2389564
2018,Accident Insurance,Missouri,2613985,2122680
2017,Indemnity Health,Ohio,4629874,3599914
2016,Cancer Insurance,Florida,6873349,4393776
2023,Long-term Care,Maryland,4562241,5195874
2015,Dental & Vision,Michigan,4703510,3821791
2016,Accident Insurance,Maryland,4161209,3016596
2018,Cancer Insurance,Michigan,4315335,2752534
2022,Cancer Insurance,Missouri,2826142,1943751
2019,Cancer Insurance,Michigan,3586790,2174320
2022,Cancer Insurance,Pennsylvania,6229288,4235961
2017,Accident Insurance,Indiana,3167435,2270465
2022,Cancer Insurance,Texas,9860740,7351344
2019,Accident Insurance,Wisconsin,2915201,2082876
2016,Critical Illness,Massachusetts,4703324,3195890
2022,Dental & Vision,North Carolina,3480341,2894643
2020,Dental & Vision,Texas,8605280,8169787
2019,Long-term Care,New Jersey,5263913,5600900
2022,Dental & Vision,Wisconsin,2437173,2342807
2024,Cancer Insurance,Georgia,4947629,3142008
2022,Long-term Care,New Jersey,5431841,5749854
2019,Dental & Vision,Wisconsin,3604292,3123349
2020,Indemnity Health,Virginia,4676998,4415138
2018,Indemnity Health,Wisconsin,3217074,2802657
2021,Dental & Vision,Massachusetts,3705537,2665533
2016,Critical Illness,Texas,10637007,9176701
2022,Cancer Insurance,Texas,8236928,4846299
2020,Accident Insurance,Tennessee,3526595,2691213
2018,Critical Illness,Michigan,4310571,3651118
2021,Accident Insurance,Arizona,3936008,2854518
2024,Dental & Vision,New York,9513653,8081180
2018,Dental & Vision,Pennsylvania,6228398,6009328
2019,Dental & Vision,California,12584961,9100891
2018,Long-term Care,Texas,9818714,11624756
2021,Long-term Care,Wisconsin,3174080,3206598
2022,Dental & Vision,Wisconsin,3793622,2740576
2017,Cancer Insurance,New Jersey,4225719,3372823
2017,Critical Illness,Ohio,3596127,2536783
2019,Dental & Vision,Texas,10826928,7581225
2016,Critical Illness,Washington,4256545,3216206
2018,Indemnity Health,Arizona,4221178,4524509
2016,Long-term Care,Wisconsin,3317338,2979184
2020,Critical Illness,Illinois,6488464,4153415
2023,Indemnity Health,Massachusetts,4951585,4170597
2022,Dental & Vision,Washington,4227051,4019192
2023,Accident Insurance,Maryland,4282262,3777011
2023,Indemnity Health,Michigan,3179248,3370447
2023,Long-term Care,Illinois,5554986,5181550
2024,Cancer Insurance,Arizona,4252902,2522368
2019,Indemnity Health,Arizona,4892526,4808557
2022,Indemnity Health,Georgia,3098444,2655283
2022,Indemnity Health,Illinois,7147847,6308820
2019,Long-term Care,Illinois,5760119,6636005
2016,Dental & Vision,Missouri,3500893,2835912
2016,Cancer Insurance,Arizona,3225761,2086789
2015,Critical Illness,Michigan,3141671,2083599
2019,Accident Insurance,Pennsylvania,6456463,5260019
2018,Long-term Care,Missouri,3302073,3173923
2023,Critical Illness,California,14975454,10529240
2017,Long-term Care,Missouri,3441643,3262020
2022,Long-term Care,Illinois,6901412,7020438
2024,Accident Insurance,California,10154582,7821303
2021,Cancer Insurance,Indiana,3635563,2906420
2021,Critical Illness,North Carolina,4778620,3128325
2024,Accident Insurance,Michigan,3454197,3068937
2016,Dental & Vision,Michigan,4332957,3254854
2024,Long-term Care,Ohio,5105379,5695916
2017,Indemnity Health,Wisconsin,3051223,3263069
2019,Long-term Care,Wisconsin,3986980,3651006
2020,Accident Insurance,Indiana,3459369,2475446
2015,Long-term Care,Texas,9561792,10291897
2017,Cancer Insurance,Virginia,4796650,3006453
2021,Critical Illness,Georgia,3129999,1777130
2024,Cancer Insurance,Virginia,4475542,3183141
2022,Long-term Care,Arizona,3427411,3567200
2022,Long-term Care,Illinois,5486623,5730725
2024,Cancer Insurance,Indiana,3168968,2759154
2023,Cancer Insurance,Florida,6746607,5756953
2024,Cancer Insurance,Texas,10697960,6371991
2016,Dental & Vision,Texas,11074405,8522682
2018,Dental & Vision,California,10545490,9258377
2017,Critical Illness,Ohio,5561816,4659480
2018,Dental & Vision,California,13216564,12345262
2021,Indemnity Health,Massachusetts,6114998,5586858
2017,Dental & Vision,Arizona,4347407,3526059
2020,Indemnity Health,Indiana,2998955,2593387
2020,Cancer Insurance,Wisconsin,3481343,2484228
2016,Accident Insurance,Tennessee,4052792,3547829
2015,Critical Illness,Arizona,4028606,2991700
2016,Accident Insurance,Wisconsin,3569491,2119190
2021,Cancer Insurance,Massachusetts,4311973,2951747
2017,Dental & Vision,California,10678918,9627923
2015,Cancer Insurance,Wisconsin,4012133,2359962
2024,Cancer Insurance,Ohio,5592076,3761376
2018,Critical Illness,Virginia,3557250,2372856
2020,Critical Illness,Ohio,5437567,4163235
2023,Indemnity Health,Indiana,2598100,1998852
2024,Dental & Vision,Texas,9870477,8419723
2016,Long-term Care,Ohio,5702316,5711364
2018,Long-term Care,Virginia,4132361,4640347
2024,Long-term Care,California,10515748,10134112
2023,Cancer Insurance,California,11471186,6573150
2022,Critical Illness,Maryland,3554628,2255571
2024,Critical Illness,Illinois,6264149,3659292
2024,Critical Illness,Ohio,5676141,3283039
2016,Dental & Vision,Virginia,3230310,2826428
2023,Critical Illness,Ohio,4354151,2882742
2019,Critical Illness,California,9225030,5267101
2018,Indemnity Health,Tennessee,3927467,3787012
2018,Cancer Insurance,Maryland,5135147,3304582
2018,Cancer Insurance,Pennsylvania,6000800,4713485
2016,Critical Illness,Washington,4492444,2579410
2015,Dental & Vision,Missouri,3529847,3054082
2020,Dental & Vision,New Jersey,6003521,4353047
2020,Dental & Vision,Virginia,4674231,3534159
2020,Indemnity Health,Missouri,2425917,2302966
2024,Critical Illness,California,14366306,9644085
2022,Cancer Insurance,Wisconsin,3610684,3110092
2015,Indemnity Health,Washington,4262691,3667747
2019,Critical Illness,Arizona,4891516,2656459
2018,Indemnity Health,Indiana,3149939,2435356
2018,Dental & Vision,Massachusetts,5203335,3294828
2019,Indemnity Health,New York,10498213,8136853
2022,Indemnity Health,New York,11596543,10841657
2021,Critical Illness,Indiana,3810897,3162231
2019,Dental & Vision,New Jersey,5032010,4898567
2022,Long-term Care,Florida,9651914,11501466
2022,Dental & Vision,Indiana,3272028,2421098
2015,Long-term Care,Georgia,4993209,6225343
2020,Critical Illness,Pennsylvania,5691334,3593105
2021,Critical Illness,Missouri,2534055,1845166
2023,Dental & Vision,Pennsylvania,5876663,4401004
2015,Critical Illness,Virginia,4967985,3618525
2018,Critical Illness,Virginia,5479872,3450397
2022,Long-term Care,Maryland,5167530,5396317
2023,Indemnity Health,Missouri,3572425,3435257
2015,Long-term Care,Michigan,3293453,3721142
2015,Cancer Insurance,Florida,8539344,6262953
2024,Accident Insurance,Wisconsin,3747694,2902951
2018,Dental & Vision,Virginia,5190907,3607057
2024,Accident Insurance,North Carolina,3466772,3365670
2017,Indemnity Health,New Jersey,5643987,4674305
2021,Dental & Vision,Indiana,3229635,3176984
2023,Accident Insurance,New York,12280277,9868392
2020,Indemnity Health,Michigan,3587288,3177590
2022,Indemnity Health,Georgia,4792790,3963972
2020,Cancer Insurance,Florida,9650163,6029081
2019,Long-term Care,Georgia,5409762,5445821
2022,Accident Insurance,Tennessee,3836121,2345844
2024,Accident Insurance,North Carolina,3678767,2787452
2016,Indemnity Health,Georgia,5454541,4552887
2021,Dental & Vision,Texas,11070593,8322201
2019,Long-term Care,Massachusetts,5080340,6580579
2019,Dental & Vision,Florida,7796884,5821784
2023,Accident Insurance,Virginia,3989326,2801358
2021,Accident Insurance,Maryland,3556809,3121258
2018,Dental & Vision,Arizona,4880282,3217085
2019,Long-term Care,Indiana,3346207,3898553
2019,Critical Illness,Wisconsin,3567849,2218477
2015,Dental & Vision,Pennsylvania,6008739,5557917
2020,Critical Illness,Maryland,5144027,2649038
2023,Critical Illness,Massachusetts,3893385,3331363
2023,Long-term Care,Georgia,3362341,3787293
2020,Long-term Care,Maryland,3986485,4132988
2020,Dental & Vision,Illinois,4762223,3584642
2023,Long-term Care,Illinois,5805776,5717402
2023,Long-term Care,Wisconsin,2639391,3204101
2015,Cancer Insurance,Florida,6219777,3650069
2021,Critical Illness,Illinois,7289053,4785704
2020,Dental & Vision,Massachusetts,5556830,4584484
2018,Dental & Vision,Washington,5946925,3906226
2017,Critical Illness,Texas,10722054,7961318
2017,Critical Illness,Wisconsin,2428120,1790758
2015,Cancer Insurance,Georgia,4714503,3981701
2019,Indemnity Health,Tennessee,3133414,2407163
2016,Long-term Care,Pennsylvania,6536353,6612479
2016,Accident Insurance,Pennsylvania,5462569,4343365
2021,Cancer Insurance,California,11491028,7920885
2015,Critical Illness,New York,8307495,5797619
2022,Critical Illness,Virginia,5292569,3067615
2015,Critical Illness,Massachusetts,3899409,2553957
2016,Accident Insurance,Indiana,2742426,2230554
2022,Long-term Care,Georgia,4047228,4132123
2020,Long-term Care,Tennessee,3762817,4136597
2015,Accident Insurance,Arizona,4631799,4105578
2019,Cancer Insurance,Indiana,2587955,2212161
2020,Accident Insurance,Wisconsin,2859125,2183347
2021,Cancer Insurance,Michigan,3343705,2936991
2021,Critical Illness,Missouri,3221921,2688261
2019,Accident Insurance,Michigan,4245356,3828641
2019,Critical Illness,Texas,9394133,5517983
2016,Dental & Vision,Georgia,3557554,2709846
2021,Long-term Care,Ohio,3654908,4193930
2023,Dental & Vision,New Jersey,4069296,3461737
2020,Critical Illness,Washington,3628434,2738588
2022,Long-term Care,Arizona,3139223,3794629
2016,Indemnity Health,Maryland,3335940,3569585
2016,Indemnity Health,Tennessee,3360378,2942690
2023,Indemnity Health,Indiana,2959110,2750244
2015,Accident Insurance,Washington,4777375,4709810
2023,Critical Illness,Illinois,5227016,3349183
2020,Long-term Care,Pennsylvania,5937118,7670805
2019,Cancer Insurance,Florida,7174118,5840805
2018,Dental & Vision,Wisconsin,2870576,2785290
2018,Indemnity Health,Ohio,5342273,4450568
2023,Cancer Insurance,New York,11758518,8121892
2017,Critical Illness,Washington,5014087,2931791
2018,Indemnity Health,Florida,8222728,6591405
2023,Cancer Insurance,Massachusetts,5742481,4716886
2021,Critical Illness,Washington,3903191,2895358
2018,Accident Insurance,Illinois,5861333,4823634
2020,Cancer Insurance,Illinois,5620112,4760886
2019,Dental & Vision,Massachusetts,4693704,4023563
2024,Cancer Insurance,Pennsylvania,5318009,3303005
2019,Indemnity Health,Ohio,5258512,5534921
2019,Dental & Vision,Florida,6996394,5903310
2018,Accident Insurance,Tennessee,3288351,3141977
2015,Accident Insurance,Pennsylvania,6398866,5190076
2019,Dental & Vision,Ohio,5556603,3781225
2016,Critical Illness,Illinois,5449863,4585568
2021,Critical Illness,Florida,8788150,7918376
2021,Indemnity Health,New York,9323323,7912914
2023,Long-term Care,Michigan,3501824,4160047
2020,Critical Illness,North Carolina,4278795,3203800
2021,Cancer Insurance,Massachusetts,4647132,4048641
2020,Dental & Vision,Georgia,3782515,3059931
2016,Critical Illness,Georgia,4455414,2901595
2018,Indemnity Health,Ohio,5422988,4950222
2021,Dental & Vision,Massachusetts,4100740,3968175
2018,Cancer Insurance,Wisconsin,3534259,2739643
2024,Cancer Insurance,New York,9506092,5830362
2022,Dental & Vision,Arizona,4111986,2985987
2019,Accident Insurance,California,10898876,11026009
2016,Dental & Vision,Massachusetts,4844968,4278267
2015,Long-term Care,Virginia,3941654,3515274
2019,Cancer Insurance,North Carolina,4257590,3234087
2017,Dental & Vision,Massachusetts,4625472,3442555
2024,Long-term Care,Georgia,3905937,4136626
2019,Indemnity Health,Washington,4667095,4002165
2020,Accident Insurance,Maryland,4189866,3254930
2022,Critical Illness,Massachusetts,5956892,3399895
2015,Long-term Care,Missouri,4064521,4468895
2017,Cancer Insurance,Wisconsin,2623828,2288556
2024,Indemnity Health,Illinois,7336703,6034518
2023,Long-term Care,Wisconsin,4092339,3980777
2024,Critical Illness,New Jersey,3984952,3303893
2015,Dental & Vision,Massachusetts,4789475,3594195
2019,Dental & Vision,Ohio,5211001,3540233
2019,Dental & Vision,New York,12198296,9043581
2021,Indemnity Health,Tennessee,3798078,3627811
2020,Long-term Care,New York,9058567,8649272
2018,Cancer Insurance,Pennsylvania,4033454,3868562
2017,Long-term Care,Illinois,6917644,6808553
2019,Dental & Vision,Ohio,4978068,3757484
2019,Cancer Insurance,New York,10200030,6360362
2021,Critical Illness,Georgia,3991855,2345547
2023,Accident Insurance,Texas,8831573,6565340
2019,Dental & Vision,Maryland,3330013,2385515
2017,Accident Insurance,New York,12439149,12226475
2015,Critical Illness,Wisconsin,2855999,2239311
2022,Accident Insurance,Massachusetts,3694045,3247057
2021,Long-term Care,Ohio,4184461,4977395
2023,Critical Illness,Wisconsin,2416125,1920214
2015,Long-term Care,Michigan,3314424,3275349
2023,Indemnity Health,Pennsylvania,4139197,3873662
2021,Accident Insurance,Wisconsin,3680523,3712747
2022,Critical Illness,Indiana,3501900,2344465
2022,Cancer Insurance,Virginia,3491269,2687488
2020,Critical Illness,Maryland,5132720,2917863
2015,Indemnity Health,Indiana,3287246,2872487
2023,Indemnity Health,Massachusetts,5418727,4169016
2020,Accident Insurance,Virginia,3531265,2197528
2023,Long-term Care,Texas,9455354,9120134
2017,Accident Insurance,Illinois,5590668,3780403
2021,Critical Illness,Washington,3557423,2291503
2020,Indemnity Health,Washington,5706087,5464220
2018,Cancer Insurance,Arizona,3260263,2362967
2024,Critical Illness,Wisconsin,2570014,2312404
2019,Cancer Insurance,Washington,5125425,3548459
2016,Accident Insurance,Michigan,4291609,3592372
2024,Indemnity Health,Michigan,3535330,3613426
2023,Indemnity Health,Indiana,3777916,2906001
2021,Long-term Care,Pennsylvania,5592821,5814271
2017,Dental & Vision,Tennessee,3505497,2315997
2023,Cancer Insurance,New York,8477671,6410241
2015,Cancer Insurance,Massachusetts,4710047,3820423
2017,Long-term Care,Virginia,5022921,4984722
2015,Dental & Vision,California,11608672,9924727
2021,Critical Illness,Massachusetts,5663168,3445029
2024,Critical Illness,Washington,3751271,1990040
2018,Indemnity Health,Florida,7415137,7223682
2016,Indemnity Health,Texas,8000394,6145372
2024,Dental & Vision,Tennessee,3056534,2176767
2018,Cancer Insurance,Maryland,5114215,4157983
2023,Dental & Vision,Pennsylvania,5745459,5546976
2018,Dental & Vision,Virginia,3914649,3387552
2022,Critical Illness,Michigan,4545928,3123047
2023,Cancer Insurance,Indiana,3132837,1827636
2015,Critical Illness,Massachusetts,5509847,3802309
2018,Dental & Vision,Indiana,3483848,2329507
2015,Dental & Vision,Missouri,3027093,2503514
2016,Critical Illness,California,9085062,7666187
2016,Cancer Insurance,Georgia,5090403,3872424
2024,Indemnity Health,Maryland,4842175,4940974
2016,Cancer Insurance,Georgia,4917365,4576135
2017,Dental & Vision,Washington,3709988,2715834
2017,Critical Illness,Wisconsin,4238934,3055740
2020,Accident Insurance,Massachusetts,3993637,3023255
2018,Dental & Vision,Georgia,5227673,3975891
2017,Indemnity Health,California,10334774,11009204
2017,Accident Insurance,Georgia,5211276,4050261
2023,Cancer Insurance,Ohio,4269823,3053592
2015,Accident Insurance,Pennsylvania,5894187,4749809
2022,Long-term Care,Pennsylvania,4443350,4009311
2024,Accident Insurance,Illinois,6189146,4639307
2018,Cancer Insurance,Maryland,4937950,3384348
2017,Cancer Insurance,Michigan,3905516,2410629
2022,Accident Insurance,Michigan,4811478,3074235
2024,Long-term Care,Texas,8753885,8138786
2016,Accident Insurance,Maryland,4983563,3628813
2016,Cancer Insurance,New Jersey,4607635,3805671
2016,Critical Illness,Georgia,4209049,2144488
2024,Critical Illness,Virginia,4679954,3235622
2016,Long-term Care,Virginia,4795807,4600888
2021,Accident Insurance,Pennsylvania,5255511,5516477
2020,Long-term Care,New Jersey,6095669,6139859
2015,Cancer Insurance,California,9530302,7319038
2018,Dental & Vision,Virginia,3805837,2589119
2018,Indemnity Health,Illinois,5428540,5667369
2018,Dental & Vision,Ohio,4318555,2974474
2018,Critical Illness,Arizona,3099022,2511298
2016,Critical Illness,Michigan,4494427,2766077
2021,Accident Insurance,Virginia,4797603,3759592
2020,Indemnity Health,Georgia,3194726,3280253
2024,Indemnity Health,Wisconsin,3133569,2692706
2017,Dental & Vision,Illinois,4644041,3507536
2018,Cancer Insurance,New Jersey,4538816,3078320
2021,Cancer Insurance,Tennessee,2933206,2558704
2018,Critical Illness,Arizona,4544758,3901625
2024,Indemnity Health,Georgia,5381482,5918311
2019,Indemnity Health,Wisconsin,3590097,3120153
2016,Indemnity Health,Missouri,2749018,2854148
2020,Dental & Vision,Missouri,4139466,2752480
2023,Cancer Insurance,Florida,7991809,6691916
2017,Critical Illness,Illinois,5549104,4388157
2017,Indemnity Health,Texas,10766015,10442119
2019,Indemnity Health,Washington,4783713,4331764
2019,Long-term Care,Wisconsin,2765391,2567750
2020,Cancer Insurance,Pennsylvania,5306969,4552967
2021,Indemnity Health,Texas,9521347,7699621
2017,Cancer Insurance,California,10968855,7209442
2017,Long-term Care,California,12969726,13917885
2020,Critical Illness,Tennessee,3606030,2173897
2020,Indemnity Health,Tennessee,3085204,3283872
2019,Indemnity Health,New Jersey,5903452,5481154
2023,Cancer Insurance,Georgia,4351518,3464825
2015,Dental & Vision,Pennsylvania,6049425,5635702
2018,Critical Illness,Indiana,3198346,2105319
2018,Indemnity Health,Washington,5827021,5453874
2016,Cancer Insurance,Arizona,3326684,2168971
2024,Indemnity Health,North Carolina,5187383,4477453
2019,Cancer Insurance,Illinois,5190409,3758515
2021,Cancer Insurance,Florida,6929290,5237719
2022,Accident Insurance,Massachusetts,5999918,4524019
2018,Indemnity Health,Washington,5309780,4392956
2015,Indemnity Health,Virginia,3253066,3422067
2019,Dental & Vision,Illinois,6811927,6045485
2020,Dental & Vision,New Jersey,4691401,4304986
2017,Indemnity Health,New York,9775549,8552696
2022,Critical Illness,Florida,7355772,5510626
2015,Long-term Care,California,11984186,10993503
2017,Cancer Insurance,Illinois,6081805,4256611
2020,Accident Insurance,Arizona,3505149,2892200
2024,Long-term Care,Tennessee,4027308,3950444
2015,Dental & Vision,Texas,8636059,7965427
2016,Long-term Care,Maryland,4738776,3802905
2019,Critical Illness,Washington,3756545,2908446
2021,Accident Insurance,Wisconsin,3060353,2905660
2023,Critical Illness,Michigan,3954187,2349491
2022,Dental & Vision,Michigan,3436811,3272401
2022,Long-term Care,Florida,8594423,7914903
2024,Indemnity Health,Texas,11472375,10831600
2022,Dental & Vision,North Carolina,4576321,3946572
2020,Critical Illness,Virginia,3475296,1761757
2022,Indemnity Health,Tennessee,4183232,2963977
2023,Indemnity Health,Massachusetts,4593739,3857085
2017,Long-term Care,Georgia,4018244,4469868
2018,Critical Illness,Washington,5427793,2765225
2015,Long-term Care,Tennessee,3539841,3808084
2021,Cancer Insurance,Pennsylvania,4768406,2989350
2015,Critical Illness,Ohio,4655784,3879340
2015,Cancer Insurance,Arizona,3309031,3099273
2018,Cancer Insurance,Maryland,4654646,3969368
2022,Cancer Insurance,Indiana,2762376,2189137
2018,Dental & Vision,Michigan,3243393,2666343
2018,Accident Insurance,Florida,6118602,5735992
2016,Cancer Insurance,Tennessee,4049406,3142272
2017,Dental & Vision,Wisconsin,2477170,1713622
2023,Long-term Care,Michigan,4110066,3954234
2017,Long-term Care,North Carolina,3473867,3633846
2024,Dental & Vision,Michigan,4269811,3992013
2016,Indemnity Health,Florida,8318425,7847033
2023,Critical Illness,Tennessee,2746412,1673934
2017,Indemnity Health,Virginia,4461203,3722632
2016,Cancer Insurance,Arizona,2878109,2007519
2024,Critical Illness,Florida,7574313,5488533
2021,Cancer Insurance,Ohio,3768749,2949088
2017,Critical Illness,California,9436644,7547676
2023,Dental & Vision,Indiana,3846815,3558980
2016,Indemnity Health,Ohio,5508992,5321952
2020,Dental & Vision,Massachusetts,5007788,3891177
2017,Accident Insurance,California,10330420,9613814
2016,Cancer Insurance,Pennsylvania,5745885,4802153
2021,Cancer Insurance,Texas,10607151,7179245
2018,Cancer Insurance,New Jersey,5657315,5229746
2019,Critical Illness,Wisconsin,3505627,2618485
2022,Dental & Vision,Massachusetts,4632198,4190082
2018,Long-term Care,Missouri,3237892,2975095
2015,Accident Insurance,Michigan,3580176,2937946
2020,Critical Illness,Wisconsin,3156167,2560519
2022,Critical Illness,Pennsylvania,5407820,3136132
2016,Indemnity Health,Maryland,4395538,4494554
2016,Cancer Insurance,North Carolina,5124149,4573356
2023,Accident Insurance,North Carolina,4932309,4356531
2020,Critical Illness,Georgia,3968821,2217815
2019,Critical Illness,Indiana,2808977,1943677
2016,Critical Illness,Missouri,3272035,2213373
2024,Cancer Insurance,Ohio,4572747,4583571
2021,Accident Insurance,Pennsylvania,5753479,5612628
2018,Indemnity Health,Virginia,4403512,4605145
2020,Cancer Insurance,Pennsylvania,4361687,2834548
2021,Accident Insurance,New Jersey,4519183,4577579
2017,Dental & Vision,Ohio,5044713,3944870
2018,Cancer Insurance,New Jersey,4606806,4252280
2016,Dental & Vision,Indiana,3514856,2871967
2021,Indemnity Health,Pennsylvania,5437613,6037197
2016,Indemnity Health,Virginia,3770057,3283399
2023,Indemnity Health,Missouri,4181345,3788070
2020,Long-term Care,Michigan,3372394,2932114
2016,Indemnity Health,Illinois,4698470,3516161
2021,Accident Insurance,Maryland,3442955,2521988
2015,Long-term Care,Georgia,5399239,5315328
2024,Long-term Care,Indiana,3986803,4924357
2015,Dental & Vision,Arizona,3506225,2669853
2023,Accident Insurance,Virginia,3695356,2303484
2021,Indemnity Health,North Carolina,4906554,4692594
2021,Accident Insurance,Illinois,6518795,6788535
2019,Long-term Care,Texas,9744252,12599895
2015,Indemnity Health,Ohio,3540557,2870744
2019,Long-term Care,New York,12223310,13981907
2017,Long-term Care,Maryland,3561727,3913305
2021,Indemnity Health,Washington,4665845,4342686
2023,Indemnity Health,New York,10262083,8374277
2016,Cancer Insurance,Massachusetts,3925155,3105561
2020,Long-term Care,Florida,6412998,6501191
2015,Indemnity Health,Massachusetts,4429713,3838035
2018,Accident Insurance,Texas,9839585,6754121
2018,Accident Insurance,Arizona,4153519,3634255
2020,Dental & Vision,Florida,8883684,7387250
2016,Accident Insurance,Texas,10188019,7748872
2021,Cancer Insurance,Arizona,4683562,3371154
2020,Accident Insurance,Missouri,3670372,3163421
2017,Cancer Insurance,Indiana,2323776,1615188
2024,Accident Insurance,Missouri,3358364,2520419
2018,Accident Insurance,Ohio,4512680,4590742
2019,Accident Insurance,Illinois,5963795,5405423
2024,Cancer Insurance,Wisconsin,3982589,3217601
2015,Cancer Insurance,Massachusetts,5154158,3526629
2018,Long-term Care,Wisconsin,2815712,3044459
2016,Dental & Vision,Arizona,2922565,2182490
2019,Indemnity Health,North Carolina,4723724,4105169
2018,Dental & Vision,Florida,9572202,7880139
2021,Long-term Care,Ohio,3903068,4071657
2016,Dental & Vision,Indiana,2449146,1762012
2020,Cancer Insurance,North Carolina,4723542,3864081
2017,Indemnity Health,Maryland,4870688,4706861
2018,Long-term Care,Texas,8778091,10027864
2018,Accident Insurance,Tennessee,2975568,2003678
2016,Cancer Insurance,New Jersey,4691887,3104157
2022,Dental & Vision,Virginia,5461698,4691320
2019,Cancer Insurance,California,13614605,12947557
2020,Indemnity Health,Georgia,4179776,3137236
2023,Dental & Vision,Indiana,3800769,3580049
2024,Cancer Insurance,Missouri,2349913,2337705
2016,Indemnity Health,New Jersey,6231653,4958923
2015,Dental & Vision,Washington,3724861,3529593
2017,Cancer Insurance,New Jersey,6436885,5033010
2022,Long-term Care,Massachusetts,4385311,4514518
2018,Accident Insurance,New York,10495704,8646255
2023,Indemnity Health,Arizona,4469583,4586488
2021,Accident Insurance,Michigan,3906434,3510997
2015,Accident Insurance,Tennessee,3007084,2613684
2022,Long-term Care,Ohio,4721428,4134470
2021,Critical Illness,Georgia,3324059,3063255
2023,Cancer Insurance,Michigan,3796660,3318285
2016,Accident Insurance,Indiana,3092781,1973491
2022,Critical Illness,Virginia,5120267,3707521
2016,Dental & Vision,Maryland,4601311,3622243
2021,Long-term Care,Florida,7657221,6846853
2017,Cancer Insurance,Arizona,3056969,2191931
2020,Indemnity Health,Missouri,4061274,3205727
2016,Indemnity Health,Illinois,7470033,7333217
2022,Indemnity Health,New Jersey,4538800,3660011
2024,Cancer Insurance,Ohio,3938545,2915663
2024,Cancer Insurance,New Jersey,4545350,4603387
2017,Critical Illness,Pennsylvania,4819015,2767533
2022,Accident Insurance,Indiana,2588025,2237728
2024,Cancer Insurance,New York,12067661,7582745
2016,Indemnity Health,New Jersey,5953687,5468508
2023,Critical Illness,Michigan,4283368,3509839
2021,Cancer Insurance,Michigan,4154651,3582150
2019,Critical Illness,Texas,11153936,8487929
2016,Indemnity Health,Michigan,3262865,2795628
2019,Dental & Vision,Florida,8307593,7502080
2020,Cancer Insurance,Texas,8648608,7728634
2020,Accident Insurance,Indiana,3485625,2911042
2015,Critical Illness,Ohio,5970646,4971301
2024,Long-term Care,Texas,10870811,12621987
2020,Cancer Insurance,Illinois,7135552,4562995
2024,Critical Illness,Tennessee,2544152,2000939
2015,Accident Insurance,Wisconsin,3607890,2772585
2022,Indemnity Health,Texas,8509685,9267595
2020,Indemnity Health,Georgia,3963722,4341501
2019,Dental & Vision,Missouri,3879653,3436866
2018,Long-term Care,Tennessee,2659411,2793708
2022,Indemnity Health,Missouri,3957395,2900372
2023,Long-term Care,Missouri,2589586,2962262
2021,Critical Illness,Indiana,2556782,2209974
2021,Indemnity Health,New Jersey,6134569,5860742
2017,Dental & Vision,Washington,3771350,3100527
2017,Dental & Vision,Texas,9216862,6530836
2022,Dental & Vision,New Jersey,4630825,3505652
2022,Indemnity Health,Missouri,3893313,3921259
2015,Cancer Insurance,Massachusetts,3790680,3488326
2018,Critical Illness,Washington,4802368,2908103
2024,Critical Illness,Texas,11931199,7506269
2022,Critical Illness,California,10687467,6369806
2024,Indemnity Health,Pennsylvania,4211657,3508655
2017,Dental & Vision,Michigan,3006851,2142479
2023,Long-term Care,New York,12520697,16470452
2017,Cancer Insurance,Virginia,5275131,3163979
2024,Indemnity Health,Tennessee,4315345,3747766
2015,Cancer Insurance,Florida,6130655,3490596
2023,Indemnity Health,Georgia,3595725,3762376
2023,Indemnity Health,Missouri,2711352,2349645
2023,Indemnity Health,Illinois,7398067,7529694
2015,Accident Insurance,California,13397709,8563238
2022,Accident Insurance,Wisconsin,4094911,2914743
2023,Critical Illness,Missouri,2447872,1598549
2017,Indemnity Health,Arizona,4214949,3783502
2015,Indemnity Health,Washington,5449128,5081236
2021,Critical Illness,Georgia,3484575,1831557
2023,Long-term Care,Maryland,4528413,4724301
2015,Dental & Vision,New Jersey,6268725,4950276
2023,Indemnity Health,Pennsylvania,4706204,3917670
2023,Critical Illness,Massachusetts,3607147,2443851
2015,Dental & Vision,Texas,10085113,8382878
2024,Critical Illness,Washington,5043845,3465138
2023,Critical Illness,New Jersey,5622354,4241363
2015,Long-term Care,Tennessee,3162829,2818626
2017,Indemnity Health,Tennessee,3320486,3381633
2023,Dental & Vision,North Carolina,4088767,3388247
2017,Indemnity Health,California,12892494,12627448
2019,Cancer Insurance,Washington,4856684,3342994
2022,Indemnity Health,Michigan,4822811,4346841
2019,Indemnity Health,Tennessee,3766056,2674144
2024,Cancer Insurance,North Carolina,3401971,2549844
2022,Indemnity Health,Michigan,3995246,4522231
2018,Long-term Care,Florida,6368853,6827377
2018,Long-term Care,Illinois,6813100,6742723
2016,Indemnity Health,California,12993082,11838220
2015,Accident Insurance,Florida,9763026,6782308
2024,Cancer Insurance,New York,12557477,10335746
2022,Critical Illness,Maryland,3755310,2623314
2016,Long-term Care,New York,9279226,9819842
2019,Long-term Care,Massachusetts,3790737,3965736
2021,Cancer Insurance,Illinois,6128675,3705835
2021,Critical Illness,Maryland,4346905,3868725
2016,Dental & Vision,Indiana,3172394,2893250
2018,Dental & Vision,Tennessee,2581941,1951166
2021,Long-term Care,California,13456404,13810495
2016,Long-term Care,Ohio,5898713,5680634
2019,Critical Illness,Texas,10886580,7850409
2019,Accident Insurance,Indiana,3396299,2864986
2015,Dental & Vision,Georgia,3446906,2490491
2019,Indemnity Health,Missouri,2716122,2490992
2024,Indemnity Health,Pennsylvania,6221600,6411054
2021,Long-term Care,Wisconsin,2982473,3044816
2020,Indemnity Health,Texas,7645726,6391642
2019,Long-term Care,Illinois,6247726,7368540
2015,Cancer Insurance,Georgia,4526298,2973142
2024,Critical Illness,Georgia,3547735,2634096
2023,Dental & Vision,New Jersey,3833676,2677117
2023,Accident Insurance,Massachusetts,3900924,3325198
2020,Long-term Care,Georgia,4820721,4928866
2019,Critical Illness,Missouri,2803791,2299611
2018,Dental & Vision,Illinois,6680615,4693832
2020,Cancer Insurance,Georgia,5157495,4230687
2022,Critical Illness,Florida,6645253,5174359
2016,Long-term Care,New York,12102598,13328540
2017,Indemnity Health,New York,9429503,10201667
2019,Critical Illness,Arizona,3002156,1771904
2019,Dental & Vision,Tennessee,2545582,2379838
2023,Dental & Vision,Missouri,3182609,2631481
2018,Indemnity Health,New York,9337611,7151987
2018,Critical Illness,Florida,7695053,5736607
2024,Accident Insurance,Tennessee,2845362,2534555
2024,Indemnity Health,Wisconsin,2953306,2892762
2017,Dental & Vision,California,13124529,10557142
2018,Accident Insurance,Texas,9264403,8006548
2023,Indemnity Health,Indiana,2924973,2829886
2023,Dental & Vision,Tennessee,4051270,2862038
2023,Indemnity Health,Tennessee,3202282,2594930
2021,Dental & Vision,Missouri,2814641,2326986
2015,Indemnity Health,Illinois,6778421,6569523
2021,Cancer Insurance,Wisconsin,2405579,1807115
2024,Indemnity Health,Washington,5589463,5480412
2019,Critical Illness,Texas,9847261,5714479
2020,Cancer Insurance,Illinois,7035705,5411097
2021,Dental & Vision,Illinois,6660665,5060888
2017,Critical Illness,Georgia,5293135,4636221
2019,Cancer Insurance,Virginia,3246947,2586770
2015,Accident Insurance,Arizona,4585532,3724218
2017,Critical Illness,Illinois,6740520,3472592
2019,Cancer Insurance,Virginia,4493627,2743123
2018,Critical Illness,Texas,8647691,5785309
2022,Critical Illness,California,12482268,6758071
2024,Critical Illness,Michigan,4423393,2711999
2023,Dental & Vision,Georgia,4941735,4164585
2021,Cancer Insurance,Pennsylvania,5308161,4318507
2024,Indemnity Health,Washington,3542588,3095056
2017,Accident Insurance,Ohio,5820336,4577921
2022,Indemnity Health,California,9992107,10791570
2021,Dental & Vision,Indiana,2656277,2338017
2016,Accident Insurance,New York,9865976,8263595
2017,Long-term Care,California,9263230,11293612
2016,Accident Insurance,Illinois,6353679,4612199
2022,Cancer Insurance,Maryland,4991272,3695789
2020,Critical Illness,Tennessee,3037640,2355394
2015,Dental & Vision,Massachusetts,4749320,3135141
2018,Dental & Vision,New York,12670914,9081636
2017,Indemnity Health,Pennsylvania,4168748,4252804
2023,Critical Illness,Texas,9105885,6607756
2018,Dental & Vision,Arizona,3145116,2299282
2022,Long-term Care,Illinois,4804890,4518747
2017,Critical Illness,Wisconsin,2447625,1987396
2023,Dental & Vision,Tennessee,4002756,3727971
2022,Critical Illness,Indiana,3931676,2856678
2023,Long-term Care,Ohio,3753199,4476889
2021,Indemnity Health,Indiana,2960262,2939719
2021,Cancer Insurance,Indiana,3173051,1811616
2019,Dental & Vision,Florida,8008585,7871220
2024,Cancer Insurance,Illinois,5885539,4992922
2017,Indemnity Health,Washington,5702867,4208633
2019,Indemnity Health,Texas,10180295,9008232
2022,Critical Illness,Florida,7508156,5710096
2024,Indemnity Health,Tennessee,3147890,3131027
2021,Long-term Care,New York,9821530,11400803
2022,Long-term Care,New York,8173890,10218698
2022,Indemnity Health,Pennsylvania,6126548,6432999
2018,Long-term Care,New Jersey,4233218,3584522
2020,Accident Insurance,New Jersey,5687938,5023776
2017,Cancer Insurance,Missouri,2714776,2182439
2019,Indemnity Health,Illinois,4835224,4902298
2015,Critical Illness,Ohio,5748586,3646392
2022,Dental & Vision,Washington,4403841,4140669
2020,Indemnity Health,Arizona,4815489,4244435
2024,Cancer Insurance,New Jersey,4016140,2769906
2020,Cancer Insurance,Pennsylvania,5485506,4691235
2015,Long-term Care,Texas,7663829,9581716
2021,Indemnity Health,North Carolina,5734051,4471079
2022,Indemnity Health,Ohio,4000974,4327938
2015,Critical Illness,New Jersey,4222567,2639020
2016,Long-term Care,Illinois,6329244,5501849
2017,Cancer Insurance,Maryland,4497706,3011473
2023,Indemnity Health,Arizona,4036300,4190843
2016,Critical Illness,California,14801575,11907970
2016,Cancer Insurance,Missouri,3389837,3029800
2023,Dental & Vision,Illinois,6102347,5766706
2022,Dental & Vision,New York,10897050,10531554
2023,Critical Illness,California,14529827,9295988
2017,Indemnity Health,Maryland,4470497,3737787
2022,Long-term Care,Virginia,3999573,3357200
2021,Accident Insurance,Virginia,5057742,5089828
2019,Cancer Insurance,New Jersey,4080094,3049094
2022,Accident Insurance,Arizona,4716431,3405010
2015,Cancer Insurance,Maryland,3575764,2184438
2015,Long-term Care,Tennessee,2967493,3307908
2019,Dental & Vision,North Carolina,4113633,3260461
2019,Critical Illness,Michigan,4599915,3576342
2016,Indemnity Health,Virginia,4518187,3248869
2020,Long-term Care,North Carolina,5161719,4942247
2016,Accident Insurance,California,12438706,8895228
2020,Indemnity Health,Pennsylvania,5835204,4311062
2020,Cancer Insurance,Indiana,3397515,2588403
2018,Dental & Vision,Texas,8070336,7777649
2018,Long-term Care,Florida,6422603,7474849
2020,Indemnity Health,Arizona,4344690,3869264
2022,Cancer Insurance,Indiana,3014466,2181270
2018,Indemnity Health,Washington,5116234,4249783
2020,Indemnity Health,Massachusetts,5039777,4083952
2017,Critical Illness,Georgia,5381806,3471302
2023,Critical Illness,Virginia,4625699,3067778
2016,Long-term Care,Georgia,4688225,4200579
2016,Dental & Vision,New Jersey,3944735,3494632
2023,Critical Illness,Georgia,4097736,2374502
2022,Cancer Insurance,Michigan,4075028,3313611
2022,Long-term Care,Michigan,3097439,3493631
2022,Cancer Insurance,Florida,7789461,6906783
2018,Critical Illness,Indiana,3018731,2474121
2015,Long-term Care,Maryland,4311365,4756407
2016,Indemnity Health,Wisconsin,3191297,3523127
2021,Critical Illness,Florida,9711227,7386750
2022,Dental & Vision,Arizona,3749854,3334008
2017,Cancer Insurance,Tennessee,3275039,2477932
2018,Cancer Insurance,Georgia,3957898,3129609
2024,Indemnity Health,Michigan,4812789,4617397
2015,Critical Illness,Ohio,3851556,2446744
2016,Indemnity Health,Maryland,3218518,2869585
2023,Critical Illness,Ohio,3767581,2800862
2020,Critical Illness,Pennsylvania,4680693,3544528
2018,Critical Illness,Ohio,5229170,3577058
2019,Dental & Vision,Missouri,2352475,1653817
2016,Cancer Insurance,New Jersey,4333196,3122140
2018,Indemnity Health,Ohio,4928024,3791293
2024,Long-term Care,Florida,9916753,11603865
2020,Cancer Insurance,North Carolina,5388338,4467534
2020,Accident Insurance,New Jersey,5234548,4604009
2024,Cancer Insurance,Massachusetts,4718067,4069437
2024,Dental & Vision,Michigan,3877937,3110073
2017,Long-term Care,North Carolina,5514192,6161551
2017,Long-term Care,Wisconsin,2593409,2291418
2022,Indemnity Health,Maryland,4560446,3933191
2022,Dental & Vision,Florida,9097223,6914618
2018,Accident Insurance,Florida,6631443,6238514
2023,Long-term Care,Maryland,3206284,3128285
2016,Critical Illness,Illinois,7001119,3902787
2019,Critical Illness,Tennessee,4104930,3357081
2021,Critical Illness,Washington,4857186,3569980
2022,Long-term Care,North Carolina,5043904,4877469
2023,Dental & Vision,Pennsylvania,4906581,4461684
2023,Cancer Insurance,Georgia,3265374,1989703
2024,Dental & Vision,Indiana,3744092,3052178
2015,Indemnity Health,California,13708064,11027543
2015,Cancer Insurance,Texas,11015890,8625033
2017,Critical Illness,Washington,4672785,3189264
2021,Accident Insurance,Tennessee,3156175,2408956
2019,Critical Illness,Maryland,4922029,2965677
2016,Dental & Vision,New Jersey,4477075,3076242
2024,Cancer Insurance,Massachusetts,3990283,2684227
2024,Long-term Care,New York,10463609,9919896
2021,Long-term Care,New York,9529477,10654298
2016,Indemnity Health,Indiana,2494776,2029275
2017,Indemnity Health,Tennessee,3079270,2359732
2023,Dental & Vision,Washington,4134926,2768926
2020,Critical Illness,Texas,11717768,9211917
2021,Dental & Vision,Massachusetts,5412429,5000007
2017,Indemnity Health,Massachusetts,5036024,4784041
2020,Critical Illness,Maryland,4397791,3495025
2019,Dental & Vision,Illinois,6540199,6010606
2015,Indemnity Health,Massachusetts,5504345,3917870
2016,Dental & Vision,Ohio,5649581,3760223
2016,Cancer Insurance,Ohio,5964819,5085594
2020,Cancer Insurance,Wisconsin,4237044,3525962
2016,Indemnity Health,New York,9161032,9235816
2016,Dental & Vision,Washington,5015027,4112037
2017,Indemnity Health,Maryland,4672238,4787832
2022,Long-term Care,Illinois,6117937,5768944
2023,Critical Illness,New York,12350163,10440316
2020,Long-term Care,Washington,5106718,5518875
2017,Indemnity Health,Maryland,4350067,4435234
2018,Critical Illness,New York,10539091,7116556
2024,Critical Illness,Pennsylvania,4100905,2195442
2019,Indemnity Health,Washington,4040615,3564659
2019,Indemnity Health,Georgia,4945865,4420990
2019,Dental & Vision,Massachusetts,5718891,4162983
2019,Cancer Insurance,Tennessee,4011482,2202260
2023,Cancer Insurance,California,13879278,8155675
2015,Indemnity Health,Ohio,5353192,4773000
2022,Dental & Vision,Pennsylvania,6951758,7096376
2023,Long-term Care,Massachusetts,5020688,4633567
2015,Critical Illness,Pennsylvania,6698938,3783576
2016,Critical Illness,Arizona,4187978,2254278
2016,Critical Illness,Indiana,3335710,2759545
2015,Accident Insurance,Ohio,5838528,4936758
2024,Critical Illness,Washington,3660655,2696714
2018,Long-term Care,Florida,7944476,8059770
2016,Long-term Care,Georgia,3683330,4525001
2016,Cancer Insurance,California,12933264,7558029
2023,Cancer Insurance,Pennsylvania,6233622,4828652
2024,Accident Insurance,Florida,7967714,7446851
2024,Indemnity Health,New Jersey,5176967,5086452
2021,Long-term Care,Georgia,3634855,4293586
2022,Indemnity Health,Indiana,3565260,3159238
2019,Indemnity Health,Texas,9057516,8007360
2023,Indemnity Health,Maryland,4937279,4844005
2016,Cancer Insurance,Ohio,5857121,3566490
2016,Cancer Insurance,Pennsylvania,6524498,5121265
2015,Cancer Insurance,Illinois,7451411,4742548
2024,Critical Illness,Maryland,4878187,3202533
2017,Dental & Vision,North Carolina,4363455,3333322
2015,Long-term Care,California,10018823,9010295
2024,Indemnity Health,Michigan,4523876,4611194
2024,Cancer Insurance,Michigan,3877551,2754348
2019,Accident Insurance,Indiana,3955529,3400191
2023,Long-term Care,Illinois,5734497,7238067
2022,Long-term Care,Massachusetts,5687663,5440423
2022,Critical Illness,Illinois,5325411,4015255
2015,Accident Insurance,Washington,5006781,3084921
2018,Critical Illness,New Jersey,5079093,4051677
2017,Critical Illness,Illinois,5349843,3622398
2015,Accident Insurance,Wisconsin,2532351,2206059
2019,Indemnity Health,Florida,7258904,5629119
2024,Indemnity Health,Tennessee,3506389,3374731
2023,Accident Insurance,California,9177370,8631357
2022,Cancer Insurance,Indiana,2975896,1869407
2020,Cancer Insurance,Arizona,3726724,3003607
2019,Accident Insurance,Tennessee,3173553,2514503
2022,Dental & Vision,Washington,4530490,4168144
2015,Indemnity Health,Michigan,3995464,3609945
2018,Dental & Vision,Wisconsin,3963715,3458556
2019,Indemnity Health,Virginia,3371693,3174670
2019,Indemnity Health,Massachusetts,4016111,3911390
2019,Indemnity Health,Georgia,3414741,3748696
2018,Accident Insurance,New Jersey,3898161,3952554
2017,Accident Insurance,Georgia,4782220,3110078
2016,Long-term Care,Wisconsin,3712151,3378843
2020,Cancer Insurance,Indiana,3539032,3043612
2023,Accident Insurance,Pennsylvania,5122534,4752524
2024,Cancer Insurance,Georgia,5109169,4519415
2021,Indemnity Health,Florida,9184468,9583634
2024,Cancer Insurance,Indiana,2874956,2016422
2018,Dental & Vision,Massachusetts,4670802,3684455
2015,Critical Illness,Wisconsin,3129662,2501961
2022,Indemnity Health,Ohio,5705719,4975991
2024,Dental & Vision,Missouri,3947095,3701347
2023,Cancer Insurance,Pennsylvania,4688840,3550675
2021,Long-term Care,Texas,8633681,7817466
2020,Cancer Insurance,Ohio,4983644,4123869
2019,Cancer Insurance,Missouri,4122293,2529459
2021,Long-term Care,North Carolina,5498702,6689587
2015,Dental & Vision,Virginia,3690519,2661118
2021,Long-term Care,Ohio,5935820,6800113
2020,Cancer Insurance,Pennsylvania,4319304,2656023
2023,Accident Insurance,Pennsylvania,4948240,3532518
2021,Long-term Care,New Jersey,6375292,6741722
2018,Cancer Insurance,Massachusetts,5411901,3570581
2018,Accident Insurance,Florida,6123540,3971097
2022,Long-term Care,Michigan,3267487,3955051
2017,Critical Illness,Indiana,3137063,2393180
2020,Cancer Insurance,Washington,4070437,2926254
2018,Long-term Care,Florida,9667631,11967447
2020,Accident Insurance,Arizona,4085633,3447841
2021,Cancer Insurance,Texas,9817759,7131912
2017,Indemnity Health,Indiana,2706027,2841306
2021,Long-term Care,Wisconsin,2950486,3385429
2017,Cancer Insurance,Ohio,3782697,2483960
2016,Critical Illness,California,10617703,7665613
2019,Critical Illness,Illinois,7275929,4304659
2016,Cancer Insurance,Washington,5891778,4525355
2019,Cancer Insurance,Florida,9677180,8184057
2024,Cancer Insurance,Washington,4456266,4390390
2016,Indemnity Health,North Carolina,4714829,4348782
2016,Cancer Insurance,Massachusetts,5650916,4681339
2019,Long-term Care,Wisconsin,2690554,3039725
2017,Dental & Vision,Maryland,3163335,2756259
2017,Long-term Care,Texas,11935351,14785906
2020,Critical Illness,New Jersey,4117939,2956342
2020,Long-term Care,Indiana,3471637,4381716
2016,Critical Illness,New Jersey,4641796,2325144
2021,Accident Insurance,Tennessee,3370424,3533721
2023,Accident Insurance,Illinois,6944885,4261536
2017,Dental & Vision,Florida,7540555,5897475
2018,Indemnity Health,Ohio,4313046,3875650
2022,Cancer Insurance,Indiana,2591558,2160376
2024,Accident Insurance,Pennsylvania,4910909,3862863
2018,Long-term Care,Arizona,3994693,4263381
2020,Indemnity Health,Wisconsin,2901673,2315555
2018,Indemnity Health,Michigan,3340815,2337376
2023,Long-term Care,Wisconsin,2623420,2709018
2018,Cancer Insurance,Michigan,4972347,2789034
2019,Dental & Vision,Georgia,4738193,3366113
2024,Dental & Vision,Wisconsin,3703687,2859182
2022,Cancer Insurance,Tennessee,2915467,2123401
2024,Cancer Insurance,Tennessee,2606678,2179697
2019,Long-term Care,California,11365805,11108494
2019,Critical Illness,Ohio,3515210,2037223
2016,Long-term Care,Georgia,3738661,3447153
2015,Dental & Vision,Florida,6135129,5259867
2019,Dental & Vision,Virginia,4674520,3407490
2017,Accident Insurance,New York,10231406,7611493
2023,Long-term Care,Illinois,6467344,7806794
2016,Dental & Vision,Michigan,4941314,3732757
2016,Long-term Care,Pennsylvania,5595314,5424715
2020,Critical Illness,New York,12889692,10571238
2015,Dental & Vision,Arizona,3927081,3154003
2019,Long-term Care,Maryland,3932688,3730279
2021,Critical Illness,Michigan,4455629,3785651
2015,Accident Insurance,Tennessee,3441245,2450389
2020,Long-term Care,Florida,6355029,6841899
2024,Indemnity Health,Arizona,3121380,2791893
2021,Accident Insurance,Pennsylvania,6256618,4916426
2015,Indemnity Health,Wisconsin,3866494,3402265
2021,Cancer Insurance,California,9145659,7044234
2024,Dental & Vision,Texas,10077807,7942413
2023,Accident Insurance,Florida,8533111,8038065
2022,Long-term Care,Texas,7709206,7935635
2021,Indemnity Health,Maryland,3791019,3838719
2021,Indemnity Health,Wisconsin,2582791,2288719
2022,Accident Insurance,Texas,9370099,8713047
2018,Dental & Vision,Missouri,3899370,2813497
2016,Cancer Insurance,Pennsylvania,5819484,3981624
2022,Critical Illness,Illinois,5196995,3677222
2015,Dental & Vision,Indiana,3648033,2530786
2021,Critical Illness,Massachusetts,5399015,2913359
2015,Accident Insurance,Illinois,5129521,3177220
2020,Cancer Insurance,Virginia,5199127,3743553
2019,Cancer Insurance,Ohio,4741495,2809290
2018,Cancer Insurance,Tennessee,2871846,2682028
2017,Dental & Vision,New York,9726482,8480752
2017,Indemnity Health,Illinois,7163100,6668548
2020,Long-term Care,Wisconsin,2931798,2917219
2023,Accident Insurance,Michigan,4125453,3629730
2024,Cancer Insurance,New Jersey,5473764,4066465
2021,Accident Insurance,Tennessee,3362173,3111885
2016,Cancer Insurance,New York,10520010,8988716
2023,Critical Illness,Washington,3559823,2866326
2018,Indemnity Health,Georgia,4768968,4514719
2024,Long-term Care,North Carolina,4895237,5529780
2018,Critical Illness,California,9265466,6334557
2024,Cancer Insurance,Texas,10013640,5605987
2015,Dental & Vision,Missouri,3002569,2510912
2024,Cancer Insurance,New Jersey,4125134,2861569
2023,Accident Insurance,Ohio,5156923,4013238
2016,Indemnity Health,New York,10557154,8176550
2020,Critical Illness,Missouri,3800350,2717774
2016,Critical Illness,Maryland,3984389,2330753
2015,Accident Insurance,New York,11974916,7380383
2017,Accident Insurance,Tennessee,3713779,3364813
2022,Indemnity Health,Ohio,5126121,5444115
2017,Cancer Insurance,Pennsylvania,4187572,3458735
2024,Long-term Care,Pennsylvania,5732778,5559587
2024,Long-term Care,Indiana,2711411,3131905
2017,Accident Insurance,Virginia,4984658,3156181
2020,Dental & Vision,Pennsylvania,6831669,5540861
2020,Cancer Insurance,Arizona,4419683,3169327
2024,Dental & Vision,Missouri,4111379,3910739
2016,Long-term Care,Ohio,4673104,4619402
2016,Critical Illness,Illinois,6309731,3591948
2021,Critical Illness,Illinois,5884852,4827132
2019,Long-term Care,Massachusetts,3958087,4645229
2018,Critical Illness,California,13202551,10782107
2020,Indemnity Health,Missouri,3663382,3324643
2017,Critical Illness,Massachusetts,5123318,3490607
2016,Indemnity Health,Maryland,5123720,3783192
2024,Accident Insurance,Pennsylvania,5441409,3913857
2015,Critical Illness,Missouri,3397231,2300877
2019,Indemnity Health,Missouri,4179741,3896913
2019,Cancer Insurance,Tennessee,3004024,1980518
2021,Accident Insurance,New York,10372771,8480574
2015,Critical Illness,Tennessee,4092913,2734750
2022,Long-term Care,Maryland,4761276,4183546
2015,Cancer Insurance,Wisconsin,2478220,2043090
2015,Cancer Insurance,Michigan,3572084,2531795
2024,Indemnity Health,Tennessee,4224401,4354563
2019,Indemnity Health,Missouri,2455564,2541018
2022,Indemnity Health,Missouri,2311616,2117937
2019,Cancer Insurance,Maryland,3599108,3041714
2016,Dental & Vision,Ohio,4913969,4441294
2022,Long-term Care,Wisconsin,3717467,4727607
2016,Dental & Vision,Virginia,4644488,3921790
2020,Accident Insurance,Wisconsin,3152825,2804319
2018,Critical Illness,Massachusetts,4907608,2621570
2015,Dental & Vision,Massachusetts,5147996,3970595
2022,Cancer Insurance,Michigan,3439185,3011391
2023,Dental & Vision,Maryland,3029877,1954705
2017,Critical Illness,Washington,5639968,3678004
2021,Indemnity Health,California,14351607,11825212
2015,Indemnity Health,California,11054301,9105294
2016,Dental & Vision,Arizona,4916599,3262751
2019,Critical Illness,Ohio,3575105,2785955
2018,Accident Insurance,Arizona,4672373,3996663
2015,Cancer Insurance,California,13042032,11209091
2015,Accident Insurance,Virginia,4564734,3812488
2021,Critical Illness,Pennsylvania,4139107,2420436
2019,Dental & Vision,Illinois,7465150,7168459
2022,Dental & Vision,New Jersey,5810917,4057376
2017,Long-term Care,Florida,8240135,8746133
2022,Indemnity Health,Wisconsin,3815017,3218050
2016,Accident Insurance,Missouri,3212026,1927873
2021,Cancer Insurance,Washington,3764465,3211195
2022,Long-term Care,Pennsylvania,4222009,5210540
2023,Cancer Insurance,Virginia,3411861,3265872
2023,Indemnity Health,Indiana,2900667,3041163
2017,Accident Insurance,Wisconsin,2564960,1904733
2024,Cancer Insurance,Virginia,5347049,3739048
2023,Critical Illness,Arizona,4847730,2378641
2024,Critical Illness,Arizona,3760141,2555549
2021,Long-term Care,New York,12004579,11721468
2023,Long-term Care,Pennsylvania,6850913,7955178
2016,Indemnity Health,North Carolina,4693106,3366046
2018,Long-term Care,Indiana,2873890,3243331
2020,Dental & Vision,New York,10788517,10449114
2015,Cancer Insurance,Maryland,4447599,4123829
2024,Dental & Vision,Florida,9376912,8050852
2023,Indemnity Health,North Carolina,3266087,2993109
2020,Dental & Vision,Florida,7145779,5524523
2022,Cancer Insurance,Wisconsin,3073489,2756128
2016,Accident Insurance,Pennsylvania,5949243,5749351
2022,Cancer Insurance,Missouri,4012525,2706754
2024,Accident Insurance,Wisconsin,4066197,4213839
2021,Cancer Insurance,New York,11389759,6439754
2017,Indemnity Health,Illinois,5635579,4791780
2015,Accident Insurance,New York,9701491,7811249
2021,Accident Insurance,New York,12997066,11405519
2024,Cancer Insurance,Tennessee,3090608,2431672
2018,Accident Insurance,Michigan,3322048,1954769
2021,Cancer Insurance,Missouri,3700347,2589555
2021,Long-term Care,Missouri,3915675,3282503
2018,Dental & Vision,Michigan,3565439,3363482
2024,Critical Illness,Indiana,3412585,1910332
2018,Critical Illness,Indiana,2488540,2225800
2015,Critical Illness,Maryland,4501407,3420741
2022,Accident Insurance,Georgia,5394031,4206534
2019,Long-term Care,Pennsylvania,6694921,6336214
2022,Accident Insurance,Missouri,3262500,3199136
2018,Cancer Insurance,Tennessee,4372666,3208711
2021,Indemnity Health,Illinois,5402216,4309309
2019,Dental & Vision,California,9132537,7374478
2022,Long-term Care,Virginia,5480652,5264925
2021,Critical Illness,Tennessee,4106597,2949368
2024,Dental & Vision,Massachusetts,5940650,4858344
2016,Indemnity Health,Indiana,3556693,3478614
2017,Indemnity Health,New York,12761708,12000076
2021,Long-term Care,Missouri,3339799,3954537
2023,Accident Insurance,Florida,8827413,8720171
2016,Accident Insurance,New Jersey,5584280,4557526
2021,Indemnity Health,Texas,9016387,8012728
2017,Indemnity Health,Tennessee,2624198,2435364
2018,Indemnity Health,Pennsylvania,4226422,3885221
2024,Indemnity Health,Michigan,3308817,2751175
2022,Long-term Care,Wisconsin,2839782,2672214
2020,Critical Illness,Ohio,4725208,3626580
2023,Accident Insurance,Tennessee,4153977,2591931
2016,Dental & Vision,Pennsylvania,6764382,4822107
2022,Indemnity Health,North Carolina,4394299,3950694
2016,Cancer Insurance,New York,11082451,8134998
2015,Indemnity Health,Ohio,4148243,4074843
2015,Critical Illness,Maryland,4065727,2525774
2018,Cancer Insurance,Missouri,2658224,2031204
2017,Dental & Vision,Texas,11406588,9491033
2018,Dental & Vision,Tennessee,2591461,1781036
2021,Accident Insurance,Illinois,6533972,4086785
2015,Dental & Vision,Tennessee,2947576,2160493
2024,Critical Illness,California,9310687,5212852
2024,Dental & Vision,Arizona,3474849,3072287
2020,Accident Insurance,Illinois,4947193,4087299
2018,Accident Insurance,Maryland,3351029,2500657
2018,Critical Illness,Wisconsin,2817433,1982790
2022,Cancer Insurance,New York,12361448,10404860
2021,Dental & Vision,Tennessee,3376650,2186451
2023,Indemnity Health,Virginia,3566027,3662534
2017,Accident Insurance,Maryland,3942860,3485106
2023,Critical Illness,California,9727312,7053949
2017,Accident Insurance,Florida,9658138,8702603
2022,Cancer Insurance,Virginia,4828090,3642770
2023,Indemnity Health,Georgia,3323708,2918475
2019,Critical Illness,Georgia,3205413,2725313
2020,Indemnity Health,Wisconsin,2869318,2113881
2015,Long-term Care,Arizona,3425557,4231192
2017,Long-term Care,Pennsylvania,6755765,8440449
2024,Dental & Vision,Tennessee,2657210,2015582
2024,Accident Insurance,Indiana,3826092,3252871
2020,Indemnity Health,Illinois,6798360,6680607
2020,Indemnity Health,Indiana,3349479,3168297
2023,Critical Illness,Indiana,3603048,2513354
2019,Long-term Care,Ohio,4575213,5447649
2020,Accident Insurance,New York,11129943,9897974
2017,Accident Insurance,New Jersey,5855331,5012317
2015,Long-term Care,Pennsylvania,6668360,7225426
2022,Critical Illness,New Jersey,4091826,3496785
2022,Indemnity Health,Illinois,7184223,7066120
2024,Cancer Insurance,Texas,7629679,7223446
2017,Critical Illness,Ohio,5900925,4908345
2017,Long-term Care,Texas,7824726,9273329
2020,Critical Illness,New Jersey,5202278,4239547
2020,Indemnity Health,Illinois,7004429,6353153
2023,Cancer Insurance,Missouri,2941269,2000855
2023,Cancer Insurance,North Carolina,4907358,3496445
2016,Indemnity Health,Florida,9594408,9128489
2020,Accident Insurance,California,14012081,11393699
2018,Critical Illness,Michigan,3266701,1799318
2017,Critical Illness,Massachusetts,5502424,3632880
2022,Dental & Vision,Maryland,4980438,4040745
2023,Indemnity Health,Indiana,2741062,2378919
2020,Critical Illness,Maryland,3803225,2109759
2020,Accident Insurance,Illinois,7278302,4888931
2015,Long-term Care,California,13495660,13733054
2023,Long-term Care,Maryland,4399481,5083298
2017,Dental & Vision,North Carolina,5693236,4425357
2021,Indemnity Health,Texas,8697502,7830645
2019,Cancer Insurance,North Carolina,3344211,2833201
2023,Accident Insurance,New Jersey,5028758,3822901
2024,Cancer Insurance,New York,8700125,7798134
2024,Accident Insurance,Texas,10721518,7637698
2020,Cancer Insurance,Maryland,3693736,2359683
2022,Indemnity Health,Indiana,3463726,2681470
2018,Accident Insurance,New York,10552112,6757160
2016,Accident Insurance,New Jersey,3844763,2533324
2023,Cancer Insurance,Virginia,3611434,2567491
2020,Accident Insurance,Michigan,4881257,4843661
2018,Long-term Care,Florida,8293034,8898456
2015,Indemnity Health,Massachusetts,3852624,3685283
2023,Critical Illness,Florida,7470955,6146146
2024,Critical Illness,Ohio,5926427,3833756
2017,Accident Insurance,Indiana,2597097,2018907
2023,Cancer Insurance,Florida,8522900,7201656
2021,Indemnity Health,Ohio,4917711,4297995
2015,Dental & Vision,New York,10037244,7019309
2024,Dental & Vision,California,11614219,9770256
2024,Dental & Vision,Illinois,7360236,6582151
2016,Accident Insurance,Missouri,4004638,3486163
2022,Cancer Insurance,Arizona,4352598,3835742
2018,Indemnity Health,Virginia,4849436,4505409
2017,Long-term Care,Indiana,3788924,3882589
2015,Critical Illness,Texas,8225658,5259429
2022,Dental & Vision,Pennsylvania,5768922,5111083
2019,Accident Insurance,Pennsylvania,5774711,5730125
2015,Dental & Vision,Illinois,7091388,6235221
2022,Long-term Care,Pennsylvania,5336135,6407283
2018,Dental & Vision,Wisconsin,4295992,3123634
2024,Cancer Insurance,Florida,8056208,4825400
2016,Accident Insurance,Wisconsin,3682169,2689124
2020,Dental & Vision,Wisconsin,2494099,2212141
2021,Cancer Insurance,Massachusetts,6131445,4475399
2018,Critical Illness,Texas,11084796,5863108
2024,Accident Insurance,Washington,5736167,5748883
2021,Indemnity Health,Texas,8885524,8855133
2022,Indemnity Health,Massachusetts,4296031,3849693
2019,Accident Insurance,Massachusetts,4736712,4504803
2024,Accident Insurance,Texas,9689784,8101929
2022,Critical Illness,California,10290659,6180071
2016,Critical Illness,New Jersey,4836857,2774685
2023,Critical Illness,Ohio,4033372,3025915
2016,Accident Insurance,New York,12253529,8794638
2020,Accident Insurance,Maryland,5157881,4535001
2017,Critical Illness,Maryland,3570369,2802366
2023,Accident Insurance,Georgia,5370779,4682851
2020,Cancer Insurance,North Carolina,3208510,2434354
2020,Critical Illness,Indiana,2485001,1592221
2019,Cancer Insurance,New Jersey,4765172,2683681
2015,Dental & Vision,Indiana,3458307,2820766
2023,Indemnity Health,Missouri,3551934,3575962
2016,Accident Insurance,Ohio,5603440,4165552
2024,Indemnity Health,New York,9651329,7258820
2017,Critical Illness,North Carolina,5775404,3126946
2019,Cancer Insurance,Illinois,5438518,4322008
2019,Indemnity Health,Maryland,4030364,3799701
2023,Cancer Insurance,Massachusetts,3606291,3245717
2017,Indemnity Health,Missouri,2518031,2824065
2023,Cancer Insurance,Ohio,4879112,3492668
2020,Critical Illness,California,9641656,5112229
2017,Cancer Insurance,Tennessee,2939261,2708952
2022,Long-term Care,Michigan,4134731,4449593
2016,Critical Illness,Washington,3769986,1903294
2024,Dental & Vision,Maryland,3571372,2861372
2016,Dental & Vision,Michigan,4499177,3327870
2018,Cancer Insurance,New York,10924947,9630930
2017,Accident Insurance,California,14385830,9091925
2015,Indemnity Health,New York,11967584,11220921
2022,Cancer Insurance,Texas,10411825,8737322
2019,Indemnity Health,Arizona,4599988,3202539
2016,Accident Insurance,Pennsylvania,6339319,5375760
2015,Critical Illness,New York,11898195,7509512
2019,Accident Insurance,Maryland,4800167,3807856
2019,Long-term Care,Ohio,5375762,6033095
2023,Indemnity Health,North Carolina,5473708,5990725
2016,Accident Insurance,New Jersey,4018897,2753871
2016,Long-term Care,Illinois,4814512,4582978
2017,Long-term Care,Michigan,4185224,4735024
2022,Long-term Care,Georgia,4625881,4610473
2022,Indemnity Health,Maryland,4999035,4488793
2019,Accident Insurance,Missouri,3519557,3154934
2019,Critical Illness,Arizona,3946650,2395507
2021,Dental & Vision,Michigan,3252438,2596145
2018,Long-term Care,Maryland,4205751,4284455
2016,Critical Illness,Arizona,4881110,2657039
2019,Cancer Insurance,Georgia,4378890,2626472
2016,Accident Insurance,Massachusetts,4582738,4262439
2016,Cancer Insurance,Tennessee,2732671,2379690
2020,Long-term Care,New Jersey,5658398,5707165
2017,Indemnity Health,California,12891592,11392505
2022,Accident Insurance,Tennessee,2726223,2202888
2022,Dental & Vision,Georgia,3622692,3291495
2017,Indemnity Health,New Jersey,5290423,4155229
2023,Dental & Vision,Texas,10455242,10428777
2019,Long-term Care,North Carolina,4702359,5391510
2020,Cancer Insurance,California,13160174,10091180
2019,Critical Illness,North Carolina,5199077,3785561
2021,Long-term Care,Massachusetts,5387208,6224796
2024,Dental & Vision,Tennessee,4417351,3966009
2016,Critical Illness,Wisconsin,3199202,2532184
2023,Cancer Insurance,Tennessee,3103920,2244304
2019,Accident Insurance,Maryland,5084062,3853501
2022,Long-term Care,Tennessee,3102435,3387046
2017,Accident Insurance,Washington,4190482,2646319
2020,Critical Illness,Tennessee,2829316,1887262
2021,Cancer Insurance,New York,10978432,8954637
2023,Indemnity Health,Washington,4150444,3382941
2021,Long-term Care,Washington,4089283,4294308
2016,Accident Insurance,Massachusetts,4860735,4792170
2024,Dental & Vision,New York,8685062,8061643
2015,Cancer Insurance,North Carolina,5167194,4257637
2021,Critical Illness,North Carolina,5061409,3269769
2020,Critical Illness,Arizona,3919795,2542536
2019,Indemnity Health,Massachusetts,5692905,5218600
2020,Critical Illness,Pennsylvania,4352702,2611780
2019,Dental & Vision,Missouri,2386277,2064108
2022,Long-term Care,Georgia,5058450,5688174
2023,Indemnity Health,North Carolina,5547241,5042395
2022,Long-term Care,Ohio,4945229,5811425
2019,Critical Illness,Michigan,4119755,3158515
2017,Cancer Insurance,Pennsylvania,4201142,2917888
2016,Critical Illness,Virginia,4833385,2377347
2018,Critical Illness,New York,8391671,5680794
2017,Dental & Vision,Pennsylvania,5072828,4575016
2018,Indemnity Health,Maryland,5061048,3879272
2021,Critical Illness,Arizona,3929981,2174246
2017,Cancer Insurance,Wisconsin,3232949,2063080
2021,Cancer Insurance,Tennessee,3290253,2052478
2015,Dental & Vision,Virginia,3981763,3241129
2021,Cancer Insurance,New Jersey,6034221,4915792
2024,Long-term Care,Missouri,2504268,2696950
2018,Accident Insurance,Missouri,3146421,2000552
2018,Dental & Vision,Massachusetts,5544516,3970406
2020,Indemnity Health,Texas,11341240,10650244
2023,Cancer Insurance,Indiana,2609922,1727111
2021,Long-term Care,Florida,8813082,10194371
2023,Accident Insurance,Maryland,3185753,2554078
2020,Cancer Insurance,Ohio,3550251,2338319
2024,Indemnity Health,Tennessee,4423876,3186209
2017,Indemnity Health,Virginia,4958416,4187032
2019,Long-term Care,Georgia,3464657,3494029
2019,Cancer Insurance,Indiana,2639809,1938191
2024,Accident Insurance,Wisconsin,2689296,2138655
2017,Long-term Care,Illinois,5899996,5416108
2024,Accident Insurance,Virginia,4410397,4071080
2023,Indemnity Health,Florida,7210969,6965877
2020,Dental & Vision,Michigan,3433564,3211568
2018,Accident Insurance,Florida,7434856,4818827
2018,Cancer Insurance,Indiana,3211411,2222122
2016,Cancer Insurance,Virginia,5133306,4338378
2024,Accident Insurance,California,10495650,6604896
2021,Cancer Insurance,Texas,8192480,6088109
2015,Cancer Insurance,Tennessee,3678215,2292973
2022,Dental & Vision,Tennessee,4095604,3567995
2022,Dental & Vision,Georgia,3063668,2673994
2019,Accident Insurance,Georgia,3088043,2465221
2019,Long-term Care,Florida,7849482,8626932
2022,Dental & Vision,Tennessee,3838906,3242459
2017,Critical Illness,Maryland,3585671,1921742
2015,Accident Insurance,New York,12213804,10890677
2019,Critical Illness,Ohio,4919668,3545118
2015,Cancer Insurance,Ohio,4133161,2894934
2021,Indemnity Health,Indiana,3049933,2624754
2020,Accident Insurance,Michigan,4267439,3427928
2021,Critical Illness,New York,10093216,6897666
2020,Long-term Care,Indiana,2782023,3120819
2016,Accident Insurance,Washington,3559438,3282207
2023,Cancer Insurance,Illinois,7285159,5137527
2023,Long-term Care,Ohio,4220161,4409662
2017,Dental & Vision,Georgia,3532490,2984617
2024,Critical Illness,Ohio,4630019,2841634
2017,Critical Illness,North Carolina,4587818,3895517
2022,Indemnity Health,Missouri,3713283,2985130
2017,Long-term Care,New Jersey,4707473,5732005
2019,Cancer Insurance,California,12114254,10275228
2018,Long-term Care,Maryland,3048002,3573167
2018,Indemnity Health,Georgia,5359601,5341867
2020,Critical Illness,Virginia,4486757,2652726
2018,Indemnity Health,Wisconsin,3249403,2333805
2019,Long-term Care,Arizona,3988670,4208199
2016,Dental & Vision,California,14352817,13177072
2017,Accident Insurance,New Jersey,4129698,3252457
2016,Cancer Insurance,Arizona,4415011,3781476
2016,Accident Insurance,Georgia,5054418,3841106
2024,Indemnity Health,Michigan,4576357,3742715
2022,Accident Insurance,New York,8515078,8104972
2023,Accident Insurance,Pennsylvania,5626336,4948795
2020,Dental & Vision,New York,9637884,6520699
2022,Dental & Vision,Pennsylvania,6818691,6580062
2018,Cancer Insurance,Arizona,3391016,2750216
2018,Accident Insurance,Indiana,2626551,2379807
2024,Critical Illness,Indiana,3712368,2819737
2023,Dental & Vision,California,14402398,10861902
2017,Accident Insurance,Pennsylvania,5602240,5019369
2021,Dental & Vision,Wisconsin,3966520,3534077
2018,Dental & Vision,Virginia,5280412,4966610
2016,Long-term Care,North Carolina,3300666,3035265
2024,Indemnity Health,Tennessee,3936710,3991269
2022,Indemnity Health,Virginia,5216732,4489225
2021,Dental & Vision,Maryland,4521922,3867036
2021,Accident Insurance,Texas,7580696,6004797
2021,Cancer Insurance,Illinois,4507831,4158115
2018,Accident Insurance,Maryland,3590062,2598240
2021,Cancer Insurance,Pennsylvania,4558459,3233796
2020,Indemnity Health,Pennsylvania,5668553,4885429
2023,Dental & Vision,Wisconsin,4077941,3180309
2019,Indemnity Health,Florida,9636334,9502286
2017,Indemnity Health,Illinois,5327939,4134193
2022,Critical Illness,Georgia,4468348,2687584
2015,Accident Insurance,Wisconsin,4297214,3183452
2023,Accident Insurance,Indiana,3171243,2679055
2018,Cancer Insurance,Indiana,3531280,3145537
2024,Long-term Care,New Jersey,5428984,7128784
2015,Indemnity Health,North Carolina,5192866,4991984
2024,Dental & Vision,California,11919841,10136009
2015,Indemnity Health,Pennsylvania,5940402,5089612
2022,Critical Illness,Missouri,3149377,1723728
2024,Cancer Insurance,Virginia,4633873,4060955
2020,Dental & Vision,Indiana,2985587,2110233
2018,Cancer Insurance,New York,12939743,11529842
2017,Cancer Insurance,Virginia,4201616,3265840
2016,Dental & Vision,New Jersey,3962851,3446552
2021,Indemnity Health,Pennsylvania,4332115,4601007
2021,Accident Insurance,California,12476337,10810841
2023,Accident Insurance,Tennessee,3614943,3438746
2024,Long-term Care,Virginia,3481832,4206890
2023,Cancer Insurance,Pennsylvania,4434006,3327824
2024,Indemnity Health,New Jersey,4297864,4368166
2020,Cancer Insurance,Washington,5212092,3928605
2020,Dental & Vision,Georgia,4873788,3492742
2017,Cancer Insurance,Arizona,4044531,3128587
2023,Long-term Care,Virginia,4728109,5682941
2024,Cancer Insurance,Washington,5363795,3752582
2021,Cancer Insurance,Illinois,7361247,6325881
2020,Long-term Care,Massachusetts,3738432,3939378
2022,Cancer Insurance,Pennsylvania,4984772,4189008
2015,Indemnity Health,Ohio,4660480,3332182
2015,Dental & Vision,Indiana,3082614,2375385
2023,Indemnity Health,Ohio,3805598,3204809
2024,Critical Illness,Virginia,4058507,3175379
2020,Long-term Care,Massachusetts,4593021,5927526
2022,Indemnity Health,Massachusetts,4241403,3368730
2016,Indemnity Health,Texas,8322621,6603021
2019,Dental & Vision,New Jersey,5342898,3652967
2021,Accident Insurance,Ohio,3858830,3153307
2018,Accident Insurance,Virginia,3478119,2397252
2018,Dental & Vision,Ohio,4009766,2687858
2024,Dental & Vision,Indiana,3275990,2356424
2020,Accident Insurance,Washington,4560955,3534784
2018,Indemnity Health,Pennsylvania,4080096,3361003
2024,Dental & Vision,Florida,8868356,7174361
2016,Critical Illness,New Jersey,6157405,4708239
2023,Cancer Insurance,Massachusetts,4164681,3534514
2019,Critical Illness,New Jersey,4327952,3843383
2022,Critical Illness,Pennsylvania,6378902,3842555
2015,Dental & Vision,Arizona,4526359,4385287
2015,Accident Insurance,Maryland,5194122,4062302
2021,Accident Insurance,California,14548501,13228950
2018,Cancer Insurance,Illinois,6995214,4788234
2024,Indemnity Health,Illinois,5436892,5657133
2020,Accident Insurance,Missouri,2615088,1900423
2022,Cancer Insurance,New Jersey,3901401,2645678
2019,Indemnity Health,Indiana,3605259,3232492
2019,Long-term Care,Florida,6649016,6624538
2019,Dental & Vision,New Jersey,5017142,3619011
2020,Long-term Care,Texas,7965286,8388078
2015,Indemnity Health,Maryland,4667165,4606673
2017,Indemnity Health,Washington,3503026,2914011
2016,Critical Illness,Missouri,3912735,2543183
2021,Critical Illness,Georgia,3654997,1999427
2019,Critical Illness,Texas,11284845,7474597
2016,Cancer Insurance,North Carolina,4717391,4147525
2015,Indemnity Health,Pennsylvania,4061898,4511551
2021,Cancer Insurance,California,12896592,7392626
2023,Critical Illness,Massachusetts,5142649,2909506
2019,Indemnity Health,Missouri,3022680,2416673
2019,Dental & Vision,Virginia,4166767,3589401
2018,Long-term Care,Missouri,3845839,4038417
2020,Dental & Vision,Pennsylvania,4851775,3648397
2016,Cancer Insurance,New Jersey,4457833,3873471
2017,Accident Insurance,New York,12946306,9751505
2021,Indemnity Health,Ohio,3669187,3204825
2018,Cancer Insurance,North Carolina,3435090,2162092
2016,Critical Illness,Massachusetts,5345837,3891177
2017,Indemnity Health,Ohio,4791916,4117333
2021,Cancer Insurance,North Carolina,3749622,2964299
2021,Indemnity Health,Virginia,4739676,3772047
2021,Indemnity Health,Massachusetts,5654276,5738057
2019,Indemnity Health,Virginia,4596352,4493776
2018,Cancer Insurance,Texas,11381890,8782547
2019,Accident Insurance,Maryland,4895509,4854858
2017,Accident Insurance,Tennessee,3989969,2687048
2016,Cancer Insurance,New York,8664236,7549412
2024,Cancer Insurance,North Carolina,4309953,2743123
2016,Accident Insurance,Illinois,4584005,4010585
2017,Dental & Vision,Washington,4165861,2945972
2016,Critical Illness,Ohio,5788894,3435731
2018,Cancer Insurance,New York,11188987,6856280
2016,Dental & Vision,Michigan,4270927,3267653
2018,Long-term Care,Virginia,3258360,3173841
2022,Dental & Vision,Michigan,3671554,2834700
2021,Dental & Vision,Illinois,7026693,5961044
2020,Cancer Insurance,Georgia,3872913,2151303
2020,Critical Illness,Maryland,4028787,2119714
2018,Cancer Insurance,Arizona,4984313,3520314
2015,Critical Illness,California,9951050,6360164
2020,Long-term Care,Massachusetts,5504269,5574312
2019,Indemnity Health,Indiana,3457666,3039744
2024,Long-term Care,New York,8713668,8866646
2018,Dental & Vision,Florida,6470328,6116474
2021,Indemnity Health,Florida,6363552,5136786
2024,Critical Illness,Texas,8746675,5529617
2017,Critical Illness,Arizona,3220979,1893768
2015,Cancer Insurance,Georgia,5132755,3396674
2022,Critical Illness,Texas,9747792,5325407
2018,Critical Illness,Washington,4539804,3507015
2022,Accident Insurance,Virginia,4746094,4574009
2016,Accident Insurance,Georgia,5157680,4287250
2016,Accident Insurance,Florida,6591409,4244806
2021,Indemnity Health,Virginia,3817813,2802790
2024,Accident Insurance,Ohio,5639931,4586174
2023,Indemnity Health,Texas,9643196,7716913
2021,Long-term Care,Georgia,4529190,4666305
2019,Critical Illness,Georgia,4226224,3530913
2016,Long-term Care,Virginia,4513612,4832121
2016,Indemnity Health,Texas,9762361,7280013
2016,Accident Insurance,Washington,3987636,3515092
2023,Critical Illness,Virginia,5136332,3184858
2020,Indemnity Health,California,13622226,13713083
2016,Cancer Insurance,Texas,8883984,6382276
2020,Dental & Vision,Virginia,4497243,4483812
2021,Critical Illness,Ohio,5694631,3680969
2016,Indemnity Health,Indiana,2771918,2054913
2017,Long-term Care,California,13084364,14966334
2022,Long-term Care,Illinois,5302917,5805979
2016,Accident Insurance,Arizona,4619713,3526543
2019,Cancer Insurance,Tennessee,3779438,2983915
2019,Long-term Care,Arizona,4363969,4041054
2016,Indemnity Health,Indiana,3032349,3265196
2021,Dental & Vision,Illinois,5597334,5178099
2018,Cancer Insurance,Illinois,7476929,6182145
2023,Long-term Care,Tennessee,4060380,3585905
2018,Cancer Insurance,Georgia,3041778,1875428
2020,Critical Illness,Pennsylvania,6110558,4333834
2024,Long-term Care,Arizona,4196865,5620534
2018,Accident Insurance,Wisconsin,2924645,2030702
2024,Indemnity Health,Pennsylvania,4936182,4858266
2023,Critical Illness,Indiana,3108522,1874296
2017,Indemnity Health,New Jersey,4334033,4242950
2018,Cancer Insurance,Massachusetts,5904991,3216577
2015,Indemnity Health,California,10304256,8494865
2022,Long-term Care,Ohio,3572597,3809126
2016,Critical Illness,New Jersey,6332481,5173709
2024,Cancer Insurance,New York,11368972,10834537
2023,Critical Illness,Washington,3950830,2998236
2016,Accident Insurance,Georgia,5371091,4643455
2015,Critical Illness,North Carolina,5456130,4332186
2021,Indemnity Health,New Jersey,4289437,3843978
2018,Dental & Vision,Missouri,2596792,2441890
2024,Critical Illness,Washington,3816518,3271150
2020,Dental & Vision,Virginia,5187427,4254806
2021,Cancer Insurance,Massachusetts,4846425,4285947
2024,Long-term Care,Tennessee,3536218,4538548
2016,Critical Illness,Massachusetts,3748319,2185348
2022,Indemnity Health,Georgia,5214076,4173762
2016,Indemnity Health,Tennessee,3582600,3672821
2019,Cancer Insurance,Indiana,2333034,1635282
2017,Critical Illness,Arizona,3773454,1929573
2020,Accident Insurance,New Jersey,4915343,3500200
2020,Critical Illness,Georgia,4968315,4708607
2020,Dental & Vision,Michigan,4988163,4667991
2020,Critical Illness,Arizona,4211700,3441815
2016,Long-term Care,Ohio,4380688,4214251
2017,Cancer Insurance,Wisconsin,3132706,2565437
2016,Long-term Care,Washington,4907070,4104734
2018,Indemnity Health,North Carolina,3958886,3273419
2015,Indemnity Health,Pennsylvania,4779406,3303898
2020,Indemnity Health,Wisconsin,4010619,2923542
2020,Dental & Vision,Texas,9638143,7837128
2015,Critical Illness,Pennsylvania,4179551,3076590
2017,Dental & Vision,Georgia,4655193,3195023
2017,Critical Illness,Missouri,4051507,3555012
2024,Cancer Insurance,Pennsylvania,4690494,3251023
2017,Indemnity Health,Florida,7670997,8020731
2015,Long-term Care,Washington,4061153,4192118
2019,Dental & Vision,New Jersey,6118388,5386764
2021,Accident Insurance,North Carolina,4104958,3865210
2018,Dental & Vision,New York,10746745,9293001
2016,Critical Illness,Indiana,3852430,2297790
2020,Accident Insurance,Missouri,3311674,2230445
2019,Dental & Vision,Illinois,5549632,4238132
2020,Cancer Insurance,New York,10610542,8154330
2018,Dental & Vision,Georgia,4224312,3202219
2015,Accident Insurance,Arizona,4826973,3834078
2020,Cancer Insurance,Wisconsin,3185975,2425022
2015,Long-term Care,Michigan,4494725,5463792
2020,Critical Illness,Michigan,3456041,1827030
2022,Accident Insurance,Wisconsin,3252034,3362028
2015,Critical Illness,Tennessee,2916753,1695437
2024,Cancer Insurance,Arizona,3219486,2114574
2015,Cancer Insurance,Washington,3810596,2870868
2024,Dental & Vision,Washington,5061673,3871402
2024,Accident Insurance,New York,10487140,7060399
2018,Dental & Vision,Missouri,2501580,1892505
2023,Long-term Care,Maryland,3208124,4001134
2022,Dental & Vision,Pennsylvania,6146139,5229436
2020,Indemnity Health,Maryland,3092492,2734975
2015,Long-term Care,New Jersey,5428543,6093934
2015,Long-term Care,New York,12760390,11171013
2022,Dental & Vision,Texas,9130278,6178924
2018,Cancer Insurance,Massachusetts,5472813,3524155
2020,Critical Illness,Texas,8095621,6041601
2021,Long-term Care,Tennessee,3865217,4316360
2022,Critical Illness,Georgia,4127752,3130804
2018,Long-term Care,Missouri,3311362,3071928
2023,Long-term Care,Massachusetts,5707597,6083191
2016,Dental & Vision,Illinois,5724273,4457152
2024,Indemnity Health,Missouri,3265541,3468789
2015,Accident Insurance,New Jersey,6037597,4044814
2021,Dental & Vision,Virginia,4182774,3529050
2019,Critical Illness,Pennsylvania,4799976,3086537
2016,Cancer Insurance,Illinois,6999132,6139526
2020,Accident Insurance,Pennsylvania,5040638,3937853
2021,Critical Illness,Massachusetts,6127805,3555304
2018,Indemnity Health,Michigan,4311290,4875944
2016,Long-term Care,Arizona,3350282,3198127
2023,Indemnity Health,North Carolina,4726895,5335971
2020,Dental & Vision,Pennsylvania,6300121,5422176
2023,Accident Insurance,Washington,5070229,4901704
2015,Critical Illness,Florida,9387738,5667482
2024,Dental & Vision,Ohio,4303435,3157770
2018,Indemnity Health,Michigan,4466673,4013567
2023,Cancer Insurance,New Jersey,5768541,3671177
2019,Long-term Care,Georgia,5138898,5398638
2015,Cancer Insurance,Virginia,4821705,3062537
2015,Cancer Insurance,Illinois,4826579,4160814
2024,Dental & Vision,New Jersey,6087822,4515462
2021,Dental & Vision,Michigan,4971365,4481857
2019,Accident Insurance,New Jersey,4411337,3038892
2016,Accident Insurance,Virginia,4870566,3115685
2017,Indemnity Health,Indiana,3296473,2726390
2024,Accident Insurance,North Carolina,5083023,3401681
2019,Long-term Care,Ohio,5867262,5588000
2017,Cancer Insurance,Texas,8503976,6607535
2018,Cancer Insurance,Pennsylvania,4418419,2700192
2020,Critical Illness,California,12167265,10746374
2019,Indemnity Health,Arizona,3809119,3261680
2021,Critical Illness,Tennessee,3772714,2211659
2016,Critical Illness,Arizona,3101843,1992672
2017,Long-term Care,Virginia,4182388,4883844
2017,Cancer Insurance,Arizona,3133691,1852895
2019,Accident Insurance,Texas,9441592,6519210
2017,Critical Illness,California,10833783,6316807
2018,Dental & Vision,Michigan,4929098,3114165
2015,Cancer Insurance,New York,11978447,7234261
2019,Dental & Vision,Indiana,3326625,2468433
2021,Cancer Insurance,Missouri,2644324,1949502
2016,Long-term Care,Maryland,4091484,4457090
2023,Cancer Insurance,New York,8459613,8588441
2019,Accident Insurance,New York,12709621,9816123
2018,Long-term Care,New York,12163953,14045155
2016,Dental & Vision,Maryland,4784019,4109850
2024,Dental & Vision,Maryland,3045865,2882714
2024,Accident Insurance,Georgia,3796808,3633972
2021,Dental & Vision,Pennsylvania,5850346,4743401
2021,Indemnity Health,Ohio,5147117,4225137
2022,Accident Insurance,Indiana,3772794,3148837
2021,Critical Illness,Arizona,4303527,2328868
2021,Indemnity Health,Michigan,3409884,3578669
2019,Long-term Care,California,13955828,15816444
2021,Critical Illness,Ohio,5449402,4882755
2020,Critical Illness,Ohio,5593824,3671652
2024,Long-term Care,Maryland,3669233,4200386
2021,Long-term Care,California,14968529,17508553
2020,Indemnity Health,North Carolina,3389300,3292072
2022,Long-term Care,Texas,9117114,7571089
2019,Dental & Vision,Ohio,5216388,5010994
2022,Long-term Care,Wisconsin,4006117,3949560
2020,Critical Illness,Georgia,5487938,3011020
2022,Accident Insurance,Washington,5793402,5311564
2024,Long-term Care,New York,11147889,10577415
2018,Accident Insurance,Pennsylvania,6298699,5553174
2018,Cancer Insurance,Wisconsin,3218680,2647606
2021,Cancer Insurance,New York,11493017,6878196
2015,Critical Illness,Ohio,3992899,2180920
2017,Cancer Insurance,North Carolina,4109993,3374649
2024,Long-term Care,Washington,3898960,3644867
2015,Critical Illness,Texas,10919471,7087374
2023,Indemnity Health,Pennsylvania,6872327,5335619
2016,Cancer Insurance,Arizona,4830762,2785715
2022,Critical Illness,Georgia,3801482,2021045
2018,Long-term Care,California,10418320,9395376
2021,Dental & Vision,California,13566317,11152294
2021,Long-term Care,Ohio,4547375,4810037
2019,Accident Insurance,Arizona,3859988,2288827
2021,Accident Insurance,Ohio,4900749,3161708
2020,Accident Insurance,Texas,8584997,6408453
2019,Long-term Care,Texas,10559156,12057205
2018,Long-term Care,North Carolina,5216136,5658890
2024,Critical Illness,Indiana,3264782,1828070
2016,Accident Insurance,Illinois,5543139,4805497
2019,Cancer Insurance,North Carolina,4889967,3373187
2017,Long-term Care,Massachusetts,4630174,4721862
2020,Critical Illness,Massachusetts,4168010,3821006
2023,Indemnity Health,Illinois,5433321,5218388
2019,Long-term Care,California,13488156,14810797
2015,Dental & Vision,Massachusetts,5974572,5501113
2015,Critical Illness,Tennessee,4154954,2613342
2019,Critical Illness,California,10588788,5638466
2021,Critical Illness,Virginia,3824145,2494642
2016,Long-term Care,Georgia,3756680,3764548
2022,Indemnity Health,Missouri,2874386,2559062
2020,Indemnity Health,Ohio,4240758,2961822
2017,Indemnity Health,Ohio,5604616,4872969
2017,Indemnity Health,Georgia,3231976,3333971
2017,Indemnity Health,Missouri,3902288,3207391
2019,Critical Illness,Arizona,2987998,1762345
2024,Dental & Vision,Massachusetts,4907830,3688545
2015,Accident Insurance,Michigan,3008619,1977052
2022,Accident Insurance,New York,9696647,9652565
2019,Critical Illness,Arizona,2949289,2634016
2017,Cancer Insurance,Tennessee,2832613,1865610
2019,Cancer Insurance,New Jersey,4825536,2803286
2018,Long-term Care,Pennsylvania,4235879,4747993
2016,Accident Insurance,California,11632717,7409510
2022,Dental & Vision,Virginia,3884665,3327452
2017,Critical Illness,Arizona,4815485,2385567
2019,Critical Illness,Florida,8418499,4988282
2018,Long-term Care,Georgia,4883410,5679753
2023,Cancer Insurance,Missouri,2936041,2678300
2018,Indemnity Health,Michigan,4148167,4507827
2015,Accident Insurance,New Jersey,4631089,4041734
2022,Accident Insurance,Arizona,3892318,2465993
2015,Indemnity Health,Wisconsin,3780407,2962586
2017,Indemnity Health,Massachusetts,5132691,4147810
2020,Indemnity Health,Florida,7060535,5585621
2021,Indemnity Health,Arizona,3125170,3153752
2022,Indemnity Health,Texas,10962616,9546974
2018,Critical Illness,Illinois,5768721,4471940
2016,Cancer Insurance,Michigan,4586621,3380268
2022,Dental & Vision,Arizona,4567391,3591996
2015,Dental & Vision,Georgia,3646849,2869285
2019,Dental & Vision,Indiana,3757732,3436756
2016,Long-term Care,Virginia,3872551,3510252
2016,Dental & Vision,Indiana,2310042,1591235
2017,Cancer Insurance,Maryland,3869288,2608163
2019,Indemnity Health,New Jersey,5947279,5582751
2024,Indemnity Health,Wisconsin,2982500,2881695
2017,Dental & Vision,Illinois,5182606,3535490
2019,Long-term Care,Florida,9390957,8552979
2018,Cancer Insurance,Illinois,4614864,2940583
2022,Long-term Care,Wisconsin,3288058,3574631
2022,Indemnity Health,Texas,8236463,7559776
2016,Cancer Insurance,Ohio,5611743,2952826
2024,Long-term Care,Washington,5407952,6858946
2022,Long-term Care,Indiana,2312723,2173540
2020,Critical Illness,Florida,6517747,5223861
2019,Long-term Care,Tennessee,3149881,3014622
2019,Long-term Care,Florida,9724539,10882697
2022,Indemnity Health,Arizona,4711468,3408137
2018,Dental & Vision,Ohio,4911632,4303193
2015,Cancer Insurance,Arizona,4097259,2922505
2017,Cancer Insurance,Arizona,3053352,2500165
2021,Cancer Insurance,New Jersey,5446138,3697582
2019,Cancer Insurance,Tennessee,4443701,3112357
2019,Accident Insurance,Tennessee,3487523,2323869
2015,Critical Illness,Virginia,5458373,3199988
2021,Accident Insurance,Indiana,2959966,2180309
2015,Long-term Care,Virginia,5001074,5326064
2022,Accident Insurance,Ohio,5413038,3989133
2023,Dental & Vision,Virginia,4316250,4340171
2016,Indemnity Health,Virginia,3253627,3437657
2018,Dental & Vision,Florida,8989711,7601314
2022,Accident Insurance,North Carolina,5698814,3803795
2017,Cancer Insurance,Illinois,5278904,4782145
2022,Dental & Vision,Florida,8001845,6124352
2019,Dental & Vision,Massachusetts,5103643,4165685
2023,Accident Insurance,Maryland,3134421,2509586
2022,Accident Insurance,Georgia,4053334,2896234
2016,Accident Insurance,Missouri,3414150,2835793
2021,Cancer Insurance,Wisconsin,2995552,2656174
2017,Dental & Vision,Illinois,6442717,4789675
2019,Long-term Care,New Jersey,5832374,7396588
2021,Cancer Insurance,Washington,5472936,4281938
2024,Cancer Insurance,Florida,9259938,5184827
2021,Accident Insurance,Wisconsin,2913752,2381073
2020,Long-term Care,New York,10436729,10008745
2015,Indemnity Health,North Carolina,4790250,4810960
2024,Dental & Vision,Georgia,3608416,3413347
2020,Critical Illness,North Carolina,3617342,1887776
2017,Accident Insurance,New Jersey,5103346,3897332
2018,Dental & Vision,Arizona,3578621,2622346
2019,Indemnity Health,Tennessee,4445341,4757020
2019,Long-term Care,Florida,9836646,9464478
2017,Indemnity Health,Washington,4181044,2953740
2015,Long-term Care,Georgia,4738297,4321277
2016,Indemnity Health,New Jersey,5917742,5069870
2020,Indemnity Health,Texas,8648387,8378541
2016,Indemnity Health,Arizona,3156271,3020816
2018,Indemnity Health,Tennessee,3407952,3539712
2021,Indemnity Health,Virginia,5301800,5513188
2024,Long-term Care,Washington,3757671,4013856
2017,Long-term Care,Texas,11388481,13772550
2015,Cancer Insurance,Tennessee,3054639,2561610
2017,Accident Insurance,North Carolina,4094828,3140910
2022,Long-term Care,New York,12252665,11692495
2019,Dental & Vision,Florida,8517558,5972456
2021,Indemnity Health,Ohio,4291893,4230604
2024,Critical Illness,New York,11677398,10585437
2017,Accident Insurance,Michigan,3219333,3019443
2021,Long-term Care,Georgia,4571036,5030397
2017,Long-term Care,Massachusetts,5423221,5177375
2021,Dental & Vision,New Jersey,4504433,4108600
2015,Dental & Vision,Pennsylvania,6315588,4492025
2016,Long-term Care,Tennessee,3760550,3951683
2017,Accident Insurance,Pennsylvania,4730628,4123900
2024,Critical Illness,Maryland,4341329,3860488
2024,Dental & Vision,Indiana,3882810,2809554
2015,Accident Insurance,Texas,10742391,7174971
2021,Long-term Care,Michigan,4804849,4753844
2024,Dental & Vision,Virginia,3377327,2363467
2016,Critical Illness,Florida,8212552,4350977
2023,Accident Insurance,North Carolina,5066783,4484176
2016,Accident Insurance,Texas,7785847,6466213
2019,Dental & Vision,Texas,11647053,8897369
2017,Long-term Care,Florida,8286160,8382705
2016,Long-term Care,Arizona,3098357,2974569
2015,Long-term Care,Washington,5645742,5838789
2021,Accident Insurance,Massachusetts,5900164,4867454
2024,Cancer Insurance,Georgia,4046815,3649345
2016,Dental & Vision,California,13352784,10138424
2015,Dental & Vision,Michigan,3419011,2789277
2024,Long-term Care,Washington,5875465,6574450
2019,Dental & Vision,California,14573998,13725639
2017,Dental & Vision,Michigan,4519581,3751308
2016,Dental & Vision,New York,12638118,9355945
2021,Accident Insurance,Wisconsin,3519212,3168493
2021,Long-term Care,Pennsylvania,6851559,6784960
2015,Accident Insurance,New York,12738257,11389222
2019,Critical Illness,Tennessee,2812055,1948425
2023,Critical Illness,New Jersey,5444084,4120008
2023,Critical Illness,Michigan,3210593,1932593
2020,Critical Illness,Missouri,4045919,2907398
2021,Cancer Insurance,Illinois,5034610,3484923
2017,Cancer Insurance,Georgia,3675693,2407826
2019,Critical Illness,Pennsylvania,6971115,6149488
2022,Critical Illness,Tennessee,4070365,2403621
2016,Long-term Care,California,14106170,14071931
2022,Dental & Vision,New Jersey,5157033,3986587
2019,Dental & Vision,Missouri,4006488,3388204
2021,Long-term Care,Illinois,4725724,4504627
2019,Accident Insurance,New York,12267835,8113862
2015,Indemnity Health,Indiana,3279186,2993997
2020,Dental & Vision,Illinois,7097537,5318704
2017,Long-term Care,Maryland,4740731,4027946
2019,Indemnity Health,Michigan,3386361,3142063
2021,Dental & Vision,North Carolina,3351872,2964039
2024,Indemnity Health,Pennsylvania,4798919,5030866
2017,Critical Illness,Michigan,3818213,2503865
2018,Indemnity Health,Ohio,5542176,5216485
2017,Critical Illness,Michigan,4506887,3841097
2017,Long-term Care,Texas,11703337,10329627
2023,Critical Illness,Arizona,3694329,2267666
2019,Indemnity Health,Missouri,3810917,3207347
2022,Indemnity Health,Ohio,5583648,5809317
2024,Cancer Insurance,Massachusetts,4901867,3349658
2019,Critical Illness,Indiana,2203727,1845973
2024,Accident Insurance,New Jersey,4324162,3045188
2024,Long-term Care,Indiana,3660162,3494402
2019,Dental & Vision,Wisconsin,4157782,3208337
2022,Accident Insurance,New Jersey,4132376,4011424
2016,Long-term Care,Ohio,4957360,5758522
2023,Accident Insurance,North Carolina,5695104,5598281
2020,Accident Insurance,New Jersey,4576136,2908313
2023,Cancer Insurance,Wisconsin,3792018,2733608
2021,Dental & Vision,Pennsylvania,6681870,5106161
2023,Critical Illness,Michigan,4339746,3640584
2020,Critical Illness,New Jersey,4785142,3926501
2022,Accident Insurance,Washington,4792954,4573640
2017,Indemnity Health,Massachusetts,3947989,4481582
2023,Critical Illness,Maryland,3298599,1717604
2015,Dental & Vision,North Carolina,3310150,2251053
2020,Long-term Care,Illinois,6239010,5996388
2019,Accident Insurance,Washington,4982612,3791445
2020,Cancer Insurance,Missouri,3335484,2957066
2015,Critical Illness,California,14754950,8118188
2018,Dental & Vision,Maryland,4503704,3604636
2023,Accident Insurance,Texas,8461833,8585639
2023,Critical Illness,New York,8856750,6657584
2019,Accident Insurance,Texas,11232379,10783636
2016,Critical Illness,Texas,8525957,4456388
2022,Dental & Vision,California,11407112,9964807
2015,Dental & Vision,Indiana,2225306,2180991
2018,Indemnity Health,Florida,7393725,5432732
2019,Dental & Vision,Indiana,3067122,2767757
2024,Indemnity Health,Maryland,4217293,3708832
2015,Accident Insurance,Indiana,2539667,2138750
2023,Critical Illness,New Jersey,4683917,2926923
2016,Accident Insurance,Tennessee,2920282,2590794
2023,Cancer Insurance,New Jersey,4212237,2693138
2024,Dental & Vision,Virginia,3269206,2456211
2018,Dental & Vision,Massachusetts,5754593,4610641
2023,Cancer Insurance,Washington,5540563,4552192
2015,Dental & Vision,Ohio,4447313,3421597
2022,Accident Insurance,Missouri,3610971,2731717
2017,Dental & Vision,New York,9381619,8337774
2019,Cancer Insurance,Georgia,4336491,2914283
2020,Dental & Vision,Indiana,3681687,2547612
2017,Accident Insurance,Tennessee,3690969,3245453
2015,Long-term Care,North Carolina,3328191,3105206
2015,Long-term Care,Georgia,3374496,2947585
2019,Cancer Insurance,North Carolina,3408161,2095164
2022,Long-term Care,Michigan,3601751,4543029
2024,Dental & Vision,Missouri,3249869,2827451
2024,Cancer Insurance,Georgia,4755836,2914298
2015,Dental & Vision,Texas,11026251,8800421
2016,Long-term Care,Florida,6948312,6964239
2017,Cancer Insurance,Tennessee,2814362,1754606
2018,Dental & Vision,Maryland,4212094,3710450
2024,Accident Insurance,Illinois,5120208,5014034
2024,Accident Insurance,Ohio,5595354,4448314
2016,Dental & Vision,North Carolina,4409868,3625814
2018,Accident Insurance,Wisconsin,2807516,1785083
2019,Long-term Care,Ohio,5003268,6421928
2019,Cancer Insurance,Tennessee,4353508,3645614
2017,Critical Illness,Arizona,3285421,2756283
2019,Critical Illness,Maryland,3249305,1730859
2017,Critical Illness,Pennsylvania,4924889,3485213
2020,Indemnity Health,Michigan,3018144,2536809
2016,Indemnity Health,Arizona,4844534,4799460
2015,Long-term Care,Tennessee,3849134,3973741
2022,Long-term Care,Missouri,3265244,4200191
2022,Indemnity Health,North Carolina,4872641,3896324
2015,Indemnity Health,Illinois,6870733,6558771
2022,Accident Insurance,Texas,9388517,6643529
2022,Indemnity Health,Arizona,4782160,4106473
2018,Dental & Vision,Virginia,5152935,3597712
2017,Critical Illness,Illinois,5185277,2471659
2024,Indemnity Health,North Carolina,3478303,3375718
2023,Long-term Care,Indiana,3159150,3202745
2023,Long-term Care,Florida,9042232,10198905
2017,Critical Illness,Texas,8889162,5879748
2015,Indemnity Health,Florida,9190196,7739564
2017,Dental & Vision,Texas,7869381,7100596
2022,Cancer Insurance,Florida,6088536,5211381
2019,Cancer Insurance,Wisconsin,3566128,2507645
2015,Long-term Care,North Carolina,4128413,4570943
2015,Dental & Vision,Indiana,2701934,1986099
2023,Dental & Vision,North Carolina,4545222,4198337
2024,Accident Insurance,New Jersey,5468121,5134661
2018,Dental & Vision,Michigan,3880171,2642155
2021,Accident Insurance,Ohio,5471948,3777252
2016,Indemnity Health,Tennessee,3469904,2538475
2016,Dental & Vision,Florida,6980306,5807543
2022,Indemnity Health,Wisconsin,2505866,2144228
2017,Cancer Insurance,Texas,11292588,7792811
2019,Critical Illness,Tennessee,4467696,2707514
2017,Dental & Vision,Georgia,5014898,4194194
2024,Dental & Vision,Massachusetts,3721976,3072411
2021,Critical Illness,Michigan,4950284,3916090
2019,Dental & Vision,Indiana,3266758,2845266
2015,Critical Illness,Wisconsin,3932576,3020537
2022,Indemnity Health,Washington,5355109,4944265
2016,Accident Insurance,Missouri,3893019,2961723
2024,Critical Illness,New Jersey,5449019,4488172
2024,Accident Insurance,Florida,6018751,6060334
2017,Cancer Insurance,Georgia,5172847,3946856
2024,Indemnity Health,California,11661648,12037406
2021,Dental & Vision,Washington,3999720,2542971
2015,Indemnity Health,Georgia,5145063,4150138
2018,Cancer Insurance,Washington,3851096,2278521
2024,Long-term Care,North Carolina,4113583,3963998
2023,Indemnity Health,Indiana,3495499,3398484
2015,Accident Insurance,Missouri,2673145,2013418
2024,Indemnity Health,Ohio,5128263,4276467
2019,Indemnity Health,Washington,5841726,5166095
2022,Long-term Care,Virginia,3743143,4366032
2018,Accident Insurance,Illinois,6122443,4304042
2020,Cancer Insurance,New York,10532601,5659874
2022,Dental & Vision,California,11409567,7874761
2018,Accident Insurance,New York,8335626,5764545
2024,Critical Illness,Florida,7806201,4629426
2018,Dental & Vision,Washington,5491837,3700714
2022,Accident Insurance,Wisconsin,4053103,4005898
2024,Critical Illness,Michigan,3999514,2042256
2015,Cancer Insurance,North Carolina,4381836,3605049
2019,Dental & Vision,North Carolina,5717416,4701176
2020,Accident Insurance,New Jersey,5414248,4002919
2022,Dental & Vision,Washington,3629983,2690418
2024,Long-term Care,Pennsylvania,6473417,6551326
2021,Accident Insurance,Arizona,4873641,4929210
2015,Long-term Care,Missouri,3845220,4623517
2017,Cancer Insurance,Texas,8033756,6223982
2022,Indemnity Health,Ohio,5503169,4677357
2017,Indemnity Health,Michigan,4865114,5186211
2022,Indemnity Health,Missouri,3696207,3645944
2017,Accident Insurance,Michigan,4919183,3695401
2018,Cancer Insurance,Pennsylvania,5016942,4632493
2020,Critical Illness,Arizona,4126239,2702566
2023,Critical Illness,Wisconsin,4067931,2664442
2015,Indemnity Health,New Jersey,6282578,5262784
2016,Accident Insurance,North Carolina,3593626,2777989
2017,Critical Illness,Pennsylvania,6443024,5572167
2021,Accident Insurance,California,11206654,8103586
2022,Indemnity Health,Washington,5890411,4890575
2018,Cancer Insurance,Virginia,4279524,3584708
2020,Critical Illness,North Carolina,4784963,3477088
2020,Long-term Care,Arizona,3071762,2980486
2017,Dental & Vision,New Jersey,4250726,3319037
2017,Long-term Care,Michigan,4008770,3503546
2017,Cancer Insurance,Missouri,4044420,3322680
2021,Critical Illness,Massachusetts,4271887,2754114
2017,Accident Insurance,Massachusetts,5756663,5655747
2021,Dental & Vision,New York,12054235,8722153
2015,Indemnity Health,Illinois,5486516,5012109
2019,Dental & Vision,Michigan,3253805,2502204
2015,Critical Illness,Maryland,3648920,1932544
2021,Cancer Insurance,Indiana,3743161,2469251
2022,Dental & Vision,Missouri,2846174,1946395
2024,Accident Insurance,North Carolina,3356994,2149150
2016,Accident Insurance,Florida,9700987,8824401
2023,Long-term Care,Tennessee,3553731,3583322
2018,Cancer Insurance,Virginia,3994680,3350011
2015,Critical Illness,Illinois,5255132,3523699
2024,Long-term Care,Pennsylvania,4725894,4481804
2023,Long-term Care,Arizona,3419748,3508389
2022,Indemnity Health,Missouri,3168746,3073693
2023,Dental & Vision,California,12580034,10394842
2018,Long-term Care,Ohio,4728238,4746223
2017,Critical Illness,Tennessee,3660011,2467346
2015,Accident Insurance,Wisconsin,3243073,2490045
2024,Long-term Care,Washington,4755370,5294154
2017,Critical Illness,Pennsylvania,5445149,2937806
2017,Dental & Vision,Texas,8507274,6083053
2016,Indemnity Health,Ohio,5708023,4882613
2020,Long-term Care,New Jersey,5346266,4793185
2019,Critical Illness,New York,11682874,8500785
2024,Long-term Care,Massachusetts,5655014,5528215
2021,Critical Illness,Massachusetts,4093879,2873942
2024,Accident Insurance,Virginia,4207924,3649690
2015,Critical Illness,Georgia,3022190,2484091
2015,Dental & Vision,Florida,8231091,5925235
2022,Dental & Vision,Massachusetts,3760842,3633719
2020,Critical Illness,California,11722213,6237921
2018,Long-term Care,New York,10976098,12472206
2016,Long-term Care,New York,8177437,7186474
2022,Dental & Vision,New Jersey,5557822,4621073
2020,Long-term Care,New York,12996755,15500291
2021,Indemnity Health,Missouri,2864563,2023567
2024,Long-term Care,North Carolina,4708097,4453855
2023,Accident Insurance,Wisconsin,3145984,3057340
2024,Critical Illness,North Carolina,5410848,4131996
2017,Accident Insurance,Tennessee,3630085,3315878
2019,Long-term Care,Arizona,4866533,5436197
2018,Cancer Insurance,Georgia,3871741,3111671
2016,Long-term Care,California,13134329,13824933
2018,Indemnity Health,New Jersey,4969208,4939450
2017,Cancer Insurance,Virginia,3765993,3023571
2015,Dental & Vision,Ohio,4819044,3005030
2019,Long-term Care,Wisconsin,3355243,3266563
2020,Indemnity Health,Michigan,4881262,3924000
2021,Indemnity Health,Arizona,4543253,5013433
2016,Long-term Care,Arizona,3390820,3617547
2022,Dental & Vision,Florida,8722000,6514460
2024,Accident Insurance,Florida,6409885,4157236
2022,Cancer Insurance,Washington,5240104,3541111
2021,Long-term Care,Washington,3731730,4121726
2021,Dental & Vision,Maryland,4905683,4146618
2019,Indemnity Health,Ohio,5975960,5403285
2016,Accident Insurance,Illinois,5597251,4651111
2020,Indemnity Health,Missouri,3579804,3279454
2023,Accident Insurance,Maryland,3328271,2388990
2015,Accident Insurance,Georgia,5082039,4057463
2023,Cancer Insurance,Illinois,6234588,6129980
2019,Dental & Vision,New York,11570670,8338134
2018,Cancer Insurance,Pennsylvania,4482946,4070816
2022,Accident Insurance,Pennsylvania,6400888,4601576
2023,Long-term Care,Virginia,3692196,3270703
2022,Accident Insurance,Pennsylvania,6747513,5680967
2021,Indemnity Health,Arizona,3382140,3234340
2016,Cancer Insurance,Tennessee,3987295,2535862
2016,Dental & Vision,Tennessee,3970331,3466657
2023,Accident Insurance,Ohio,3918885,3685266
2023,Critical Illness,Georgia,5144656,3295327
2024,Accident Insurance,Washington,3907627,2843349
2016,Dental & Vision,Washington,3740088,3648808
2020,Dental & Vision,Tennessee,3312113,2497039
2023,Accident Insurance,Massachusetts,5299742,3961310
2023,Cancer Insurance,Virginia,4005230,3174997
2021,Dental & Vision,Michigan,3862029,3236021
2015,Cancer Insurance,Massachusetts,5048589,4234354
2020,Accident Insurance,North Carolina,5122801,4251516
2016,Dental & Vision,California,14411252,12139112
2019,Long-term Care,Tennessee,3487497,4370379
2020,Dental & Vision,Michigan,4845136,3742321
2016,Indemnity Health,Georgia,4863195,4665222
2015,Accident Insurance,Indiana,2319290,2207364
2019,Critical Illness,Indiana,2435425,1980142
2022,Long-term Care,Florida,6675035,7374778
2020,Accident Insurance,Illinois,7277174,5006870
2023,Cancer Insurance,Massachusetts,5940863,3846821
2017,Dental & Vision,Texas,8964494,5561029
2020,Accident Insurance,North Carolina,4800448,3636042
2023,Accident Insurance,Arizona,4163930,2825999
2018,Cancer Insurance,North Carolina,3927966,2549512
2015,Dental & Vision,Pennsylvania,4851978,3589302
2017,Accident Insurance,Florida,6331070,4330011
2023,Accident Insurance,California,12813224,11357972
2024,Long-term Care,Ohio,4081946,3781248
2016,Accident Insurance,Georgia,3341560,3070080
2020,Cancer Insurance,Tennessee,3318983,2675249
2023,Long-term Care,Virginia,4310524,5356179
2023,Critical Illness,Massachusetts,4454804,2810485
2022,Accident Insurance,North Carolina,4107660,3039136
2021,Accident Insurance,Michigan,4416971,3104938
2021,Accident Insurance,Michigan,4918564,3646912
2023,Dental & Vision,Arizona,3665028,2776948
2015,Critical Illness,Massachusetts,4212736,2285538
2022,Long-term Care,New Jersey,5114421,5378600
2021,Accident Insurance,Tennessee,4069169,3511357
2020,Indemnity Health,Missouri,3108907,3336251
2021,Critical Illness,Indiana,3827801,3253017
2016,Indemnity Health,Michigan,4708285,3388798
2022,Critical Illness,Indiana,2719652,2224975
2021,Critical Illness,Arizona,3197826,1737872
2016,Accident Insurance,Washington,5961416,5014597
2019,Cancer Insurance,Florida,9176481,7056172
2022,Cancer Insurance,Florida,6008215,4655483
2020,Dental & Vision,Florida,8269602,7440667
2016,Cancer Insurance,Georgia,3442126,1982157
2023,Dental & Vision,Texas,9085818,7323292
2022,Dental & Vision,Illinois,5428473,4674722
2023,Dental & Vision,North Carolina,4637647,4139629
2015,Dental & Vision,Florida,7009427,4630302
2024,Accident Insurance,California,12711298,11453610
2023,Accident Insurance,Virginia,4672607,3962838
2016,Critical Illness,Florida,6509242,5582090
2016,Long-term Care,Massachusetts,5138186,5437709
2018,Long-term Care,Tennessee,2710485,2739677
2016,Cancer Insurance,Arizona,4013200,2981939
2020,Cancer Insurance,Massachusetts,5797849,4284809
2021,Accident Insurance,Texas,7781993,7367528
2023,Critical Illness,Pennsylvania,6081405,3694207
2022,Dental & Vision,Washington,3982972,3231852
2015,Long-term Care,Virginia,4450750,5223521
2016,Critical Illness,Ohio,4606592,3556174
2024,Cancer Insurance,Illinois,5500080,4107555
2022,Dental & Vision,Maryland,3921237,3804224
2015,Cancer Insurance,Indiana,3967064,2529364
2017,Long-term Care,Georgia,3464621,3702258
2019,Dental & Vision,Ohio,4992946,3804562
2015,Cancer Insurance,Ohio,4327417,2496073
2023,Cancer Insurance,Missouri,2910017,2354935
2018,Long-term Care,Arizona,3126125,3899223
2020,Cancer Insurance,Ohio,3780334,3028536
2023,Dental & Vision,California,13041936,10468693
2015,Dental & Vision,Arizona,3413389,3025401
2015,Cancer Insurance,California,11841349,9795972
2019,Cancer Insurance,Indiana,2828930,2419926
2020,Dental & Vision,Florida,9948621,8728750
2015,Cancer Insurance,New Jersey,6048372,3369666
2023,Critical Illness,Massachusetts,4819199,4508805
2016,Long-term Care,Michigan,4261946,4715664
2019,Critical Illness,California,12763419,8062502
2019,Long-term Care,New York,10097644,9705359
2021,Cancer Insurance,Texas,10530170,7651454
2016,Cancer Insurance,Indiana,3206562,2093772
2020,Indemnity Health,Virginia,3640988,2693139
2021,Long-term Care,Texas,10286598,11872657
2024,Indemnity Health,Georgia,4602421,5212817
2016,Long-term Care,New Jersey,4384473,3972619
2018,Cancer Insurance,Ohio,4800349,3313707
2020,Cancer Insurance,Missouri,3351036,2836832
2019,Long-term Care,Georgia,4566642,4307688
2017,Indemnity Health,Texas,10278803,11213123
2017,Critical Illness,Massachusetts,5578288,3755124
2017,Long-term Care,North Carolina,3660636,3437230
2022,Critical Illness,Washington,5942426,4838744
2019,Accident Insurance,Illinois,5839786,4316299
2016,Dental & Vision,Wisconsin,2538326,1766305
2022,Critical Illness,Illinois,5264641,3922909
2016,Critical Illness,Wisconsin,3255926,2618254
2015,Accident Insurance,Florida,8622408,6568782
2021,Accident Insurance,Indiana,3763053,2861246
2018,Dental & Vision,Missouri,3074646,2564862
2016,Cancer Insurance,Georgia,4225252,3540546
2017,Dental & Vision,Missouri,4051874,3483464
2019,Indemnity Health,Florida,7135796,7418945
2021,Cancer Insurance,Illinois,7475641,5850488
2024,Accident Insurance,Missouri,3918688,3844622
2017,Cancer Insurance,Wisconsin,3566567,2423656
2022,Indemnity Health,Illinois,5950163,6113411
2016,Dental & Vision,Wisconsin,3665856,2551374
2020,Dental & Vision,Georgia,4303658,3102021
2020,Critical Illness,California,9039962,7398557
2021,Cancer Insurance,Arizona,3099791,2652829
2021,Critical Illness,New Jersey,5130401,3043905
2016,Cancer Insurance,Texas,9281708,7589153
2024,Indemnity Health,Ohio,5402412,4237105
2020,Accident Insurance,Indiana,3497571,3291307
2024,Cancer Insurance,Virginia,3715232,2999198
2023,Long-term Care,Florida,7491155,8177483
2022,Cancer Insurance,Pennsylvania,5941314,3931205
2020,Accident Insurance,Virginia,4712435,3329743
2021,Cancer Insurance,Tennessee,3254063,2128780
2024,Accident Insurance,Pennsylvania,4326141,3864882
2023,Indemnity Health,Maryland,3118107,2891667
2019,Cancer Insurance,Illinois,6054479,5434893
2024,Long-term Care,Massachusetts,4413004,4569202
2021,Long-term Care,New York,8403392,7563827
2016,Indemnity Health,Michigan,3160223,2273542
2015,Indemnity Health,Michigan,3922479,2824219
2018,Indemnity Health,Arizona,4895089,4193704
2018,Critical Illness,Ohio,5807990,3533110
2022,Indemnity Health,Virginia,3890756,3704709
2016,Accident Insurance,Indiana,2203337,1879969
2021,Indemnity Health,Texas,10094569,8229054
2019,Dental & Vision,Georgia,3236065,2455542
2020,Long-term Care,Texas,11830243,12496099
2019,Dental & Vision,Virginia,4807806,3517036
2022,Indemnity Health,Pennsylvania,6196051,5163234
2024,Accident Insurance,Georgia,5037775,4308694
2022,Indemnity Health,Ohio,5591699,5218521
2018,Long-term Care,Michigan,3544647,3235540
2017,Accident Insurance,Georgia,3473730,2958786
2019,Dental & Vision,Massachusetts,6018495,5131398
2016,Cancer Insurance,Virginia,4621860,3696957
2019,Critical Illness,New York,8272478,5893968
2016,Long-term Care,New Jersey,4400106,4025850
2023,Cancer Insurance,Illinois,5725205,4874648
2015,Accident Insurance,Michigan,4724149,4470150
2024,Accident Insurance,Missouri,2634417,2038292
2022,Critical Illness,Ohio,3590729,2446166
2024,Cancer Insurance,Missouri,2453921,2455539
2022,Long-term Care,Illinois,6889251,7802743
2019,Dental & Vision,Indiana,2308224,2241717
2017,Long-term Care,Illinois,4595345,3873380
2018,Dental & Vision,Arizona,4029500,3887197
2016,Dental & Vision,Ohio,4228221,2856268
2015,Accident Insurance,Georgia,4397889,3277782
2016,Long-term Care,Missouri,4020541,4558036
2023,Critical Illness,Washington,3520530,3046083
2021,Dental & Vision,Tennessee,3361787,2989864
2022,Long-term Care,Illinois,5788224,5387589
2016,Cancer Insurance,Massachusetts,5934042,5706572
2018,Dental & Vision,Florida,9379676,8727516
2015,Cancer Insurance,Missouri,2657589,2018275
2022,Cancer Insurance,Ohio,5785141,4574072
2020,Critical Illness,Indiana,3043078,2192909
2019,Long-term Care,Virginia,5195938,5023920
2019,Cancer Insurance,Michigan,4104627,3519719
2020,Cancer Insurance,Texas,10169889,7143733
2017,Critical Illness,Washington,5967598,3841348
2017,Long-term Care,Maryland,3123305,3259612
2020,Cancer Insurance,Arizona,3733055,2839864
2018,Accident Insurance,Massachusetts,4876325,4445786
2016,Indemnity Health,Missouri,2835892,2505513
2016,Long-term Care,Massachusetts,5597409,4985133
2020,Accident Insurance,Tennessee,2791160,2651672
2024,Dental & Vision,California,14526343,14153653
2017,Dental & Vision,Illinois,5229467,4590923
2018,Critical Illness,Georgia,3238314,2512409
2017,Critical Illness,Arizona,4857848,2917956
2023,Accident Insurance,Illinois,6647016,4425002
2023,Indemnity Health,Wisconsin,2904654,2580663
2024,Critical Illness,Virginia,3616961,2143400
2021,Cancer Insurance,California,12523765,11741141
2021,Long-term Care,Arizona,4122981,4976728
2023,Dental & Vision,Tennessee,3381582,2646263
2024,Indemnity Health,Texas,10671005,8507247
2021,Accident Insurance,California,9286940,7926710
2018,Indemnity Health,Indiana,2295693,1836630
2024,Long-term Care,Virginia,5413568,5737991
2024,Cancer Insurance,Illinois,7072050,5697274
2023,Long-term Care,Ohio,5260541,6591690
2023,Critical Illness,Texas,7966156,5385576
2020,Critical Illness,Illinois,5814305,3236243
2020,Long-term Care,Indiana,3970014,4793570
2016,Dental & Vision,Wisconsin,3556667,2426383
2023,Long-term Care,New York,10193848,9226914
2016,Cancer Insurance,Florida,9992558,7163600
2017,Long-term Care,Maryland,3110629,3472039
2017,Indemnity Health,Illinois,4767046,4645303
2020,Accident Insurance,Missouri,2969285,2025537
2016,Indemnity Health,Tennessee,3937192,4072578
2015,Cancer Insurance,Georgia,5207853,3117424
2016,Dental & Vision,California,10097185,8365977
2016,Long-term Care,New Jersey,6038796,6259580
2019,Indemnity Health,California,12386613,10118306
2016,Accident Insurance,Arizona,3883027,2546145
2024,Indemnity Health,Massachusetts,5623646,5890758
2020,Dental & Vision,Virginia,4027676,3589236
2021,Accident Insurance,Tennessee,2961296,2353275
2024,Indemnity Health,Missouri,3600590,3563489
2019,Indemnity Health,Indiana,2499109,1979748
2022,Critical Illness,Georgia,5429784,3995272
2019,Cancer Insurance,Florida,8197490,6909649
2021,Indemnity Health,Maryland,3249774,2852625
2019,Critical Illness,Georgia,5097855,4002225
2018,Dental & Vision,New York,8900768,7002936
2021,Cancer Insurance,Virginia,4387228,2875607
2019,Accident Insurance,Michigan,3672083,3008880
2019,Accident Insurance,New Jersey,5762775,3863738
2019,Dental & Vision,Tennessee,4334052,3919597
2018,Critical Illness,Illinois,6477513,4788401
2022,Indemnity Health,Wisconsin,4268485,4231379
2024,Accident Insurance,Washington,3572886,2523134
2024,Critical Illness,Illinois,4558244,3743449
2024,Accident Insurance,Arizona,3820606,3604912
2017,Long-term Care,California,12267858,11404041
2020,Critical Illness,Massachusetts,5662680,3738265
2023,Critical Illness,Arizona,4763130,3297806
2017,Critical Illness,Georgia,5192939,4109296
2019,Dental & Vision,North Carolina,4596318,3633682
2024,Long-term Care,Illinois,6030069,6334225
2023,Cancer Insurance,New Jersey,5784965,4983520
2018,Long-term Care,Georgia,4519514,4268155
2015,Critical Illness,Michigan,3458366,2707802
2022,Long-term Care,Maryland,4737530,5073807
2023,Dental & Vision,Pennsylvania,4299251,3574269
2015,Critical Illness,North Carolina,4295164,2413119
2018,Indemnity Health,Missouri,2373572,1816951
2024,Dental & Vision,Georgia,3550404,2433663
2018,Accident Insurance,Texas,9925111,6666949
2022,Dental & Vision,Missouri,3252805,2411869
2015,Indemnity Health,Ohio,3713066,2752428
2020,Long-term Care,New York,9764376,9674432
2020,Long-term Care,Tennessee,3129098,2747888
2019,Accident Insurance,New Jersey,4708366,4935591
2016,Dental & Vision,Ohio,4474790,3118981
2019,Accident Insurance,Massachusetts,3769352,2838640
2022,Cancer Insurance,New Jersey,4183762,3641894
2017,Indemnity Health,Pennsylvania,6255399,6888281
2023,Long-term Care,New York,8416904,11054691
2018,Critical Illness,Arizona,4783045,2369155
2021,Indemnity Health,Wisconsin,3179016,2760072
2017,Dental & Vision,Massachusetts,4084593,3327389
2024,Long-term Care,Florida,9930903,11919600
2024,Indemnity Health,Washington,4156099,4279444
2023,Indemnity Health,New Jersey,6286754,6941775
2019,Critical Illness,Georgia,3448192,2482135
2023,Dental & Vision,Virginia,4046318,3904910
2021,Critical Illness,Pennsylvania,6316702,3464004
2016,Indemnity Health,Tennessee,2878747,2992804
2022,Indemnity Health,Texas,9203431,7629573
2016,Critical Illness,Arizona,3378283,2632048
2022,Critical Illness,Pennsylvania,6692485,4756672
2021,Accident Insurance,Arizona,4907323,4479047
2018,Cancer Insurance,New Jersey,4562473,2773795
2016,Dental & Vision,Ohio,3931146,2901801
2024,Indemnity Health,Illinois,4867587,4089110
2023,Accident Insurance,Arizona,4323400,2835209
2022,Long-term Care,Virginia,4593262,5657857
2019,Long-term Care,Arizona,3829940,4424472
2015,Accident Insurance,Illinois,6495280,4882837
2019,Indemnity Health,Arizona,3530265,2884378
2016,Cancer Insurance,Michigan,3490393,2284899
2017,Dental & Vision,Ohio,5486665,3636420
2019,Indemnity Health,North Carolina,5703210,5938218
2022,Critical Illness,Missouri,3260902,2479395
2017,Critical Illness,Maryland,5144887,3019624
2022,Critical Illness,Arizona,3429242,2718889
2016,Long-term Care,California,13308098,15122902
2017,Critical Illness,Indiana,3707358,2028523
2019,Long-term Care,Arizona,4514565,4361895
2024,Cancer Insurance,North Carolina,4110549,3926341
2019,Accident Insurance,Maryland,5050199,4805446
2023,Indemnity Health,Michigan,3264160,3317824
2017,Indemnity Health,Michigan,4934616,4490162
2016,Long-term Care,Georgia,4658693,4065062
2016,Critical Illness,Massachusetts,5964984,5068983
2019,Critical Illness,Tennessee,2588149,2062284
2024,Accident Insurance,Virginia,4690897,3093609
2022,Long-term Care,New Jersey,4938380,5671597
2023,Critical Illness,North Carolina,4051076,3303714
2022,Long-term Care,Georgia,3722460,4035335
2024,Accident Insurance,Pennsylvania,4480248,3804359
2020,Accident Insurance,Wisconsin,2585127,1533047
2017,Indemnity Health,Indiana,2777703,2525782
2021,Dental & Vision,Ohio,3923069,3105347
2021,Cancer Insurance,New Jersey,6486867,4060561
2015,Dental & Vision,Massachusetts,6040898,4103020
2021,Indemnity Health,New York,12059302,10408223
2022,Dental & Vision,New Jersey,5568637,4445689
2022,Cancer Insurance,Illinois,5159456,4104821
2017,Indemnity Health,Tennessee,4038178,4062192
2016,Indemnity Health,Wisconsin,3870651,3624562
2015,Dental & Vision,Florida,9164122,7519408
2017,Accident Insurance,Texas,11287235,8885762
2019,Indemnity Health,New York,11256938,10409258
2017,Critical Illness,Pennsylvania,6829613,4435182
2024,Critical Illness,Missouri,2846587,2087914
2015,Dental & Vision,Wisconsin,3869782,3428156
2015,Dental & Vision,North Carolina,3648674,2307417
2024,Cancer Insurance,New Jersey,6130136,5497568
2016,Cancer Insurance,Florida,6646487,3961797
2023,Accident Insurance,Ohio,4166618,3835206
2023,Critical Illness,Arizona,4625871,3539855
2019,Accident Insurance,Washington,4041073,2642663
2018,Indemnity Health,Michigan,4572076,4396602
2019,Indemnity Health,Indiana,2586307,2610489
2018,Cancer Insurance,Texas,11480952,6959129
2022,Accident Insurance,Missouri,2715757,1791841
2018,Dental & Vision,Texas,7972753,5100698
2018,Long-term Care,Virginia,3674511,4293631
2021,Cancer Insurance,Texas,11594209,9004310
2024,Critical Illness,Ohio,4758655,2713325
2021,Long-term Care,New Jersey,5252719,6801401
2020,Critical Illness,New Jersey,4888068,3456405
2017,Critical Illness,Missouri,4155613,2800638
2022,Indemnity Health,Virginia,3810186,3571970
2018,Critical Illness,Illinois,7416954,5530073
2020,Critical Illness,Wisconsin,3137434,2818620
2015,Indemnity Health,Washington,3572323,2562311
2016,Indemnity Health,Tennessee,4467344,4211980
2022,Accident Insurance,Texas,11919605,10646421
2022,Indemnity Health,Massachusetts,5659775,4391728
2016,Dental & Vision,Arizona,3738711,3542505
2018,Dental & Vision,Massachusetts,4356210,3096094
2020,Dental & Vision,Arizona,3455502,2954360
2022,Accident Insurance,Georgia,4319900,3384745
2017,Dental & Vision,Michigan,4138283,3201677
2024,Accident Insurance,Washington,5851337,4694220
2017,Cancer Insurance,Michigan,3328664,2825570
2024,Dental & Vision,Missouri,2687239,2479426
2021,Dental & Vision,Wisconsin,2500456,1705410
2020,Critical Illness,Washington,5752529,3405920
2023,Dental & Vision,Massachusetts,5920266,4974773
2019,Indemnity Health,Maryland,3846013,3905557
2022,Long-term Care,Maryland,4228571,4280471
2020,Indemnity Health,Wisconsin,3607361,3496545
2018,Cancer Insurance,Virginia,3249256,1981026
2016,Long-term Care,Maryland,3664560,3467903
2019,Dental & Vision,Virginia,3472435,3180808
2021,Cancer Insurance,Missouri,4161887,3648152
2017,Accident Insurance,Pennsylvania,6809057,5393384
2015,Accident Insurance,Florida,9617954,6423789
2015,Long-term Care,Missouri,3789809,4383095
2023,Indemnity Health,Ohio,5459088,5046782
2015,Cancer Insurance,New Jersey,4083365,2840705
2016,Dental & Vision,Georgia,5387419,4058952
2016,Dental & Vision,Arizona,4797000,4684598
2019,Indemnity Health,Tennessee,3848441,3114457
2015,Indemnity Health,Illinois,6820388,5076857
2022,Critical Illness,California,13401196,9974829
2022,Accident Insurance,Arizona,4479303,3771605
2021,Long-term Care,Arizona,4355910,3904046
2018,Long-term Care,Indiana,2943000,2820786
2019,Accident Insurance,Michigan,3900107,3623493
2024,Accident Insurance,Virginia,3277493,2151699
2017,Cancer Insurance,Georgia,4223921,2982592
2021,Critical Illness,North Carolina,4595506,3075011
2021,Cancer Insurance,Pennsylvania,4831298,2900579
2017,Long-term Care,Ohio,4022814,4309512
2019,Critical Illness,Wisconsin,3419035,2358133
2016,Dental & Vision,Indiana,3867917,3027569
2021,Indemnity Health,Ohio,5376358,4521853
2022,Dental & Vision,Wisconsin,2816445,2052967
2016,Dental & Vision,Missouri,2925713,2219914
2023,Critical Illness,North Carolina,4001237,2302421
2016,Long-term Care,New York,8067351,7873797
2020,Long-term Care,Ohio,3602524,4135456
2015,Critical Illness,Tennessee,3491587,2385244
2024,Critical Illness,Michigan,3415880,2384067
2020,Accident Insurance,California,11972454,10323579
2020,Accident Insurance,Florida,7111468,5200916
2020,Cancer Insurance,New York,9729661,7492304
2020,Critical Illness,New York,8947099,5404342
2023,Indemnity Health,Maryland,4633161,4036959
2018,Critical Illness,Texas,7634246,5730704
2022,Accident Insurance,Ohio,5606414,3723976
2016,Critical Illness,Washington,4179852,2759275
2015,Accident Insurance,Indiana,2731283,1969670
2021,Dental & Vision,North Carolina,3389312,2559264
2023,Long-term Care,Arizona,4600530,4993085
2021,Indemnity Health,Virginia,5259903,4867983
2017,Cancer Insurance,Texas,11761034,9930197
2016,Critical Illness,Tennessee,3734420,1869024
2015,Cancer Insurance,Texas,8638032,5803614
2017,Long-term Care,Arizona,3174899,3393058
2015,Long-term Care,North Carolina,4768293,5436496
2018,Long-term Care,Washington,5576858,7117768
2017,Accident Insurance,Virginia,5187883,3517008
2018,Cancer Insurance,Massachusetts,4069412,2563850
2015,Long-term Care,Georgia,4707796,5439335
2015,Cancer Insurance,Massachusetts,4307310,3303287
2017,Dental & Vision,Massachusetts,5176824,3551277
2021,Long-term Care,Indiana,2294453,2202979
2024,Cancer Insurance,California,9032814,7880319
2019,Long-term Care,Florida,6218196,7618847
2023,Dental & Vision,Pennsylvania,4180919,2864301
2020,Accident Insurance,New Jersey,5627837,4401099
2018,Critical Illness,Georgia,3070225,1724537
2020,Dental & Vision,North Carolina,3771533,2776816
2024,Critical Illness,Texas,10202784,6060905
2015,Cancer Insurance,Pennsylvania,5577873,3788489
2023,Cancer Insurance,Missouri,2366972,2187226
2020,Accident Insurance,North Carolina,4205011,2976430
2017,Accident Insurance,Florida,7008930,6545489
2022,Critical Illness,Maryland,3265880,2244225
2024,Accident Insurance,Ohio,3663963,3223334
2020,Indemnity Health,New Jersey,5029745,4256151
2024,Dental & Vision,Pennsylvania,5351310,4579346
2019,Long-term Care,New York,10238925,9514385
2024,Dental & Vision,Missouri,3611131,2601870
2018,Accident Insurance,Washington,5404723,4895059
2022,Critical Illness,Florida,8222456,6829059
2024,Critical Illness,Wisconsin,2750197,2417711
2023,Dental & Vision,Pennsylvania,5298254,3983057
2023,Cancer Insurance,Tennessee,3089608,2846889
2021,Indemnity Health,Illinois,6225681,6739726
2019,Dental & Vision,Maryland,3056534,2577875
2018,Critical Illness,New York,12225467,10318120
2018,Cancer Insurance,Pennsylvania,5280741,4063291
2019,Accident Insurance,Georgia,4955400,4571969
2020,Critical Illness,Arizona,2951041,2159883
2015,Accident Insurance,Pennsylvania,4104488,2758964
2019,Cancer Insurance,Wisconsin,3779025,2401708
2016,Critical Illness,North Carolina,5551952,2896393
2015,Critical Illness,Illinois,4903905,2933597
2019,Critical Illness,Illinois,4815247,3775607
2017,Cancer Insurance,New Jersey,6393291,4548396
2024,Cancer Insurance,Wisconsin,3238685,2609691
2017,Accident Insurance,Ohio,5082875,3905344
2016,Indemnity Health,Georgia,4855997,4185685
2023,Long-term Care,Ohio,5556621,6359950
2018,Long-term Care,Arizona,3612189,3953786
2018,Dental & Vision,Washington,5737952,4765158
2023,Critical Illness,Ohio,5367304,3710224
2015,Long-term Care,Florida,9545113,8327226
2020,Indemnity Health,Missouri,2919490,2814428
2021,Accident Insurance,Tennessee,2823300,2362418
2016,Dental & Vision,New Jersey,3918514,3388235
2024,Critical Illness,Illinois,5754833,4313277
2018,Cancer Insurance,Illinois,7062461,4219403
2019,Critical Illness,Tennessee,2729227,1548523
2023,Indemnity Health,Missouri,2709515,2832175
2023,Cancer Insurance,Texas,11286258,9557055
2021,Accident Insurance,North Carolina,5214629,3653557
2021,Cancer Insurance,New York,11282139,8670566
2021,Critical Illness,Florida,8880416,5641654
2015,Cancer Insurance,California,10172534,5330111
2022,Cancer Insurance,Washington,4665808,3107198
2023,Accident Insurance,New York,8659574,8198061
2021,Dental & Vision,Indiana,2466502,2097974
2024,Cancer Insurance,Texas,9602573,8529252
2016,Long-term Care,Texas,11930119,12141680
2023,Cancer Insurance,Tennessee,3613541,2586282
2023,Accident Insurance,Missouri,3137250,2856083
2023,Indemnity Health,Florida,6219220,5424490
2022,Indemnity Health,Wisconsin,2997886,2507378
2015,Long-term Care,Pennsylvania,4439248,3683393
2015,Dental & Vision,New Jersey,5369171,4233760
2023,Critical Illness,Indiana,2497248,1653858
2018,Indemnity Health,North Carolina,4146443,4090024
2022,Long-term Care,North Carolina,3681606,3666365
2022,Accident Insurance,Florida,8689659,6779287
2023,Critical Illness,Ohio,4268194,2544906
2018,Dental & Vision,Maryland,4050181,3201426
2015,Long-term Care,Maryland,3996547,4307019
2016,Accident Insurance,Ohio,4809418,4189527
2024,Critical Illness,Wisconsin,2743569,2383171
2023,Accident Insurance,New Jersey,5098792,3940957
2015,Critical Illness,New Jersey,5907533,3883566
2016,Cancer Insurance,New York,11888328,9650683
2017,Dental & Vision,Wisconsin,2904745,2360191
2016,Cancer Insurance,Florida,7904446,5908096
2018,Dental & Vision,Georgia,4804397,3388350
2016,Cancer Insurance,Tennessee,3976495,3047600
2018,Indemnity Health,Virginia,4851366,3877055
2018,Long-term Care,Georgia,3853852,3438871
2017,Accident Insurance,Maryland,3757533,2928377
2021,Critical Illness,Florida,8531423,6893465
2018,Indemnity Health,New Jersey,5309536,5117119
2019,Critical Illness,New Jersey,4009041,2663758
2020,Dental & Vision,North Carolina,5706106,4330512
2020,Critical Illness,Virginia,4472809,2632462
2019,Cancer Insurance,Florida,7070725,5246776
2015,Long-term Care,Indiana,2469236,2243499
2024,Cancer Insurance,North Carolina,3290045,2515214
2018,Indemnity Health,Ohio,5937113,6229395
2022,Cancer Insurance,Ohio,4387279,3496153
2022,Accident Insurance,New Jersey,6299021,6443336
2020,Cancer Insurance,New York,10607297,7640152
2021,Indemnity Health,California,14678006,14567298
2015,Accident Insurance,New York,8270361,6605863
2021,Indemnity Health,Pennsylvania,6893861,6008709
2021,Critical Illness,California,14535607,10880875
2016,Accident Insurance,Wisconsin,4191714,3465075
2019,Accident Insurance,Missouri,2520019,2145362
2018,Cancer Insurance,California,11322376,8887813
2022,Indemnity Health,Florida,8758959,7885030
2021,Long-term Care,Virginia,4610270,4414767
2021,Critical Illness,Tennessee,3102906,1660512
2015,Cancer Insurance,Wisconsin,2804354,2272974
2018,Dental & Vision,New Jersey,5770875,4728259
2024,Cancer Insurance,Missouri,2980164,2174054
2019,Accident Insurance,New Jersey,5252305,3629870
2018,Indemnity Health,Texas,11195927,8550004
2020,Critical Illness,Washington,4837975,3479312
2021,Dental & Vision,California,10852614,9434136
2015,Dental & Vision,New Jersey,5137603,3182553
2024,Dental & Vision,Texas,11507138,11167334
2019,Long-term Care,Massachusetts,5379309,5741698
2015,Long-term Care,Wisconsin,3788084,3787026
2023,Dental & Vision,Texas,7540524,5003803
2024,Indemnity Health,Wisconsin,2773141,2564734
2019,Critical Illness,Massachusetts,4595922,2668587
2020,Long-term Care,Ohio,5596205,5833963
2019,Cancer Insurance,Maryland,3451531,2358385
2015,Dental & Vision,Tennessee,4205756,3378331
2016,Accident Insurance,Missouri,2405011,2274873
2016,Long-term Care,Missouri,3253427,3209668
2017,Dental & Vision,Missouri,4165010,2773206
2015,Long-term Care,North Carolina,5318653,5615817
2019,Critical Illness,Indiana,3394732,2256852
2018,Long-term Care,Arizona,3826256,3539902
2023,Critical Illness,North Carolina,4287849,2624581
2021,Indemnity Health,Massachusetts,6191603,6096826
2018,Accident Insurance,Virginia,4838322,3433998
2024,Cancer Insurance,Michigan,3398273,2545794
2024,Accident Insurance,Massachusetts,4142738,3024680
2018,Cancer Insurance,Georgia,4835174,3965440
2018,Accident Insurance,New York,8315357,7344050
2015,Cancer Insurance,Wisconsin,2681437,2261879
2024,Long-term Care,Tennessee,4153802,4027993
2017,Accident Insurance,Texas,9139853,7118243
2019,Dental & Vision,Virginia,3474412,2955432
2016,Accident Insurance,Wisconsin,3061311,2326905
2015,Accident Insurance,Texas,7833467,5403671
2022,Accident Insurance,Illinois,5638415,5047290
2019,Cancer Insurance,Pennsylvania,6135655,3634453
2024,Dental & Vision,New York,12199748,9032869
2020,Critical Illness,Maryland,4236020,3527136
2022,Dental & Vision,Florida,7423391,4888327
2017,Accident Insurance,Virginia,3973116,3418667
2015,Dental & Vision,Maryland,3232528,2564346
2019,Accident Insurance,Arizona,2815069,2262831
2019,Dental & Vision,Washington,5846471,5299536
2018,Critical Illness,Missouri,2401541,1589911
2023,Dental & Vision,Arizona,3463195,2718359
2016,Long-term Care,North Carolina,3631238,3566774
2020,Critical Illness,Illinois,4898891,2531868
2015,Accident Insurance,Pennsylvania,6645131,5916919
2020,Indemnity Health,New York,12694766,11329225
2018,Critical Illness,Arizona,3937698,3087598
2023,Critical Illness,Missouri,3320155,2337393
2021,Dental & Vision,Pennsylvania,4872865,4158419
2020,Critical Illness,Florida,9023012,6775143
2023,Accident Insurance,Illinois,5796411,4746758
2015,Accident Insurance,Maryland,4290716,3572173
2023,Indemnity Health,North Carolina,4015821,3573094
2021,Long-term Care,Washington,5955004,6249647
2022,Long-term Care,Arizona,3571118,4111033
2019,Indemnity Health,New Jersey,5565715,5546957
2015,Critical Illness,North Carolina,4359757,2712275
2024,Critical Illness,Georgia,3393080,1873590
2018,Accident Insurance,California,12931802,7762249
2020,Long-term Care,New York,10729151,12383839
2021,Cancer Insurance,Michigan,3999787,2802768
2024,Critical Illness,New York,12723998,7663194
2020,Indemnity Health,Maryland,3237747,2730359
2015,Indemnity Health,Arizona,4187439,3475196
2020,Long-term Care,Michigan,4718502,5562487
2019,Dental & Vision,New York,8923830,8289727
2020,Dental & Vision,California,14888758,10358832
2019,Long-term Care,Tennessee,4187353,4311105
2023,Dental & Vision,New York,8348630,6833664
2020,Dental & Vision,Massachusetts,5205071,3805964
2024,Cancer Insurance,Pennsylvania,6189145,5518136
2018,Cancer Insurance,Michigan,3309189,2980127
2024,Dental & Vision,Arizona,4480028,4220064
2015,Indemnity Health,Texas,8842026,8569369
2023,Critical Illness,Washington,4949620,4229798
2023,Long-term Care,California,11799678,10260571
2015,Cancer Insurance,Washington,3635833,2849068
2020,Critical Illness,Illinois,5819718,4674955
2020,Cancer Insurance,Michigan,4326496,2594699
2016,Long-term Care,Massachusetts,4535544,4480061
2015,Critical Illness,Arizona,3940284,2454575
2024,Cancer Insurance,Ohio,4867502,4185025
2022,Critical Illness,Indiana,2898016,2072591
2020,Cancer Insurance,Wisconsin,3674199,2897457
2022,Accident Insurance,Missouri,3807839,2574350
2018,Accident Insurance,Maryland,4403089,3365733
2018,Indemnity Health,New Jersey,3842814,3847149
2024,Cancer Insurance,Indiana,3351347,3157225
2021,Indemnity Health,Tennessee,3519571,2849070
2024,Indemnity Health,Massachusetts,5027175,4219935
2015,Critical Illness,Indiana,3370945,2723278
2020,Critical Illness,Wisconsin,3769911,2829280
2017,Dental & Vision,Missouri,2814424,1877850
2019,Critical Illness,Maryland,3074491,2294105
2019,Critical Illness,Tennessee,4281696,2183058
2016,Accident Insurance,Michigan,3140031,2308972
2019,Cancer Insurance,Georgia,3318510,2680311
2021,Accident Insurance,Texas,8100241,5535739
2015,Long-term Care,Florida,7475061,8922765
2021,Dental & Vision,Wisconsin,3125179,2564121
2023,Accident Insurance,Indiana,3288087,2238214
2019,Critical Illness,Georgia,4060581,2629814
2023,Cancer Insurance,North Carolina,5380293,3799665
2023,Critical Illness,Texas,9537725,7412442
2024,Critical Illness,Maryland,4023268,2079096
2018,Critical Illness,Arizona,3129072,1867161
2019,Long-term Care,Arizona,3797352,4537861
2017,Indemnity Health,Illinois,5769871,4149421
2022,Accident Insurance,New Jersey,6143823,5704325
2023,Critical Illness,Tennessee,2853924,1783455
2018,Accident Insurance,Florida,8824589,6169815
2019,Long-term Care,Indiana,2360245,2024331
2015,Accident Insurance,Pennsylvania,5595404,4686932
2021,Critical Illness,Virginia,3461921,2798260
2018,Accident Insurance,Maryland,3188664,2125196
2019,Critical Illness,Texas,9856411,8754273
2016,Critical Illness,New York,8087208,4824906
2019,Dental & Vision,California,14699198,12268874
2020,Indemnity Health,Georgia,4081774,3779973
2016,Accident Insurance,Virginia,5308868,5021204
2020,Dental & Vision,Indiana,2261185,1817856
2024,Indemnity Health,Wisconsin,3344703,2584076
2020,Cancer Insurance,New York,8313032,5007576
2020,Indemnity Health,Arizona,4255250,4552061
2018,Accident Insurance,Tennessee,2838819,2477492
2020,Indemnity Health,Massachusetts,5321948,5115932
2023,Long-term Care,North Carolina,4955526,4626471
2020,Indemnity Health,Maryland,3256400,3116517
2024,Accident Insurance,Wisconsin,3112071,2781759
2024,Critical Illness,Missouri,2818513,1903439
2018,Dental & Vision,Florida,7535624,6200675
2020,Critical Illness,Arizona,3970651,2403174
2023,Cancer Insurance,New Jersey,4786200,2890125
2022,Accident Insurance,Maryland,4984042,4448187
2024,Cancer Insurance,Arizona,4473148,3019957
2019,Indemnity Health,Michigan,4594719,4369133
2022,Dental & Vision,Maryland,4845036,3855434
2022,Indemnity Health,Missouri,3545110,3497187
2023,Indemnity Health,Illinois,7056259,6139095
2016,Indemnity Health,Washington,4064588,3103869
2021,Cancer Insurance,Washington,3675529,2327337
2018,Dental & Vision,North Carolina,4786329,3634574
2016,Long-term Care,Virginia,4979315,4319619
2022,Accident Insurance,New Jersey,5341623,4936653
2020,Indemnity Health,Georgia,3244578,2801214
2018,Long-term Care,Tennessee,2752634,2959434
2022,Dental & Vision,California,10430889,6893120
2015,Long-term Care,Indiana,3877538,3705157
2018,Dental & Vision,California,9980033,7347776
2017,Dental & Vision,Georgia,5270808,4398207
2022,Indemnity Health,Wisconsin,2517791,2468560
2018,Accident Insurance,Texas,8680204,5249109
2024,Accident Insurance,Missouri,3359084,2184993
2019,Long-term Care,Indiana,2867886,2870811
2018,Dental & Vision,Ohio,3586685,3117818
2022,Long-term Care,Massachusetts,3619582,3655776
2024,Long-term Care,Florida,8643165,7775082
2022,Cancer Insurance,Maryland,3860493,3544438
2022,Dental & Vision,Washington,5395196,5335292
2020,Critical Illness,Washington,3948553,2546834
2023,Critical Illness,Tennessee,2675048,2098331
2016,Dental & Vision,New York,8270188,7078953
2019,Critical Illness,Washington,4927686,3175238
2017,Cancer Insurance,Pennsylvania,4747802,3613778
2023,Cancer Insurance,Maryland,3882916,2561911
2024,Long-term Care,New Jersey,6470841,8123725
2018,Indemnity Health,Texas,7994943,6214694
2017,Critical Illness,Tennessee,4348762,2315897
2019,Indemnity Health,Washington,4750059,3882616
2018,Long-term Care,North Carolina,4067694,4017556
2019,Critical Illness,Wisconsin,3381672,2424438
2015,Critical Illness,Texas,8030475,6224091
2017,Accident Insurance,Missouri,2504803,1482842
2017,Cancer Insurance,New York,10830288,10326448
2022,Dental & Vision,Pennsylvania,6060297,3943687
2016,Critical Illness,New Jersey,5921497,3633514
2017,Dental & Vision,Pennsylvania,4364185,3474762
2016,Long-term Care,Michigan,3004569,3754511
2015,Dental & Vision,Pennsylvania,4822887,3495892
2017,Critical Illness,North Carolina,4812602,3564959
2019,Dental & Vision,Texas,11810442,10147652
2017,Long-term Care,Maryland,5199803,5658894
2024,Critical Illness,Pennsylvania,4237619,2678377
2022,Critical Illness,New Jersey,6184210,4279816
2015,Dental & Vision,Michigan,3145036,2869308
2020,Critical Illness,North Carolina,4494456,2977631
2016,Dental & Vision,Washington,4082433,2540231
2015,Dental & Vision,North Carolina,4042432,2987907
2019,Critical Illness,Ohio,5291430,2612168
2015,Dental & Vision,New Jersey,4209460,3335966
2017,Accident Insurance,Pennsylvania,5107773,3375848
2017,Indemnity Health,Missouri,2764284,2638056
2020,Cancer Insurance,Virginia,3303696,2057911
2016,Cancer Insurance,Missouri,3717205,3064888
2015,Critical Illness,Georgia,3218325,1923289
2015,Cancer Insurance,Arizona,3344299,2386454
2019,Critical Illness,Florida,7509440,6305240
2018,Accident Insurance,Massachusetts,4196109,3148945
2017,Long-term Care,Michigan,4161554,4108018
2024,Critical Illness,Texas,11701441,7540213
2021,Accident Insurance,Illinois,7235183,6816417
2024,Long-term Care,Massachusetts,4790029,4645276
2020,Critical Illness,Massachusetts,5555389,4271086
2022,Dental & Vision,Virginia,5074316,3923132
2022,Dental & Vision,Wisconsin,3491372,2768186
2024,Indemnity Health,Virginia,4443385,5068062
2021,Indemnity Health,North Carolina,5477610,5812666
2020,Indemnity Health,Illinois,6042170,5510680
2024,Accident Insurance,Texas,11377731,7960980
2019,Dental & Vision,Florida,9481710,7352229
2020,Accident Insurance,Virginia,4717563,4075880
2024,Indemnity Health,Illinois,5307740,5151785
2024,Critical Illness,North Carolina,5265312,3666015
2019,Indemnity Health,Texas,11107507,9510385
2023,Accident Insurance,Pennsylvania,4981735,3353172
2015,Indemnity Health,Tennessee,3137725,3195030
2021,Accident Insurance,Missouri,3598252,2893870
2020,Dental & Vision,Ohio,5757577,5377073
2021,Dental & Vision,Massachusetts,4866850,4250408
2023,Cancer Insurance,Florida,8609274,7509671
2019,Accident Insurance,Wisconsin,3431651,2630062
2015,Accident Insurance,Virginia,4467175,3457505
2015,Accident Insurance,Michigan,3812831,3251678
2019,Critical Illness,Washington,5069962,3116982
2020,Accident Insurance,Massachusetts,4490694,3845330
2023,Critical Illness,North Carolina,3352457,1989325
2016,Long-term Care,Ohio,5650820,5940714
2019,Critical Illness,Arizona,4054741,3418780
2016,Long-term Care,Tennessee,4195617,4083708
2020,Accident Insurance,New Jersey,5005938,4193083
2016,Long-term Care,Michigan,4835851,4608403
2023,Accident Insurance,Michigan,3990513,2408083
2020,Accident Insurance,Wisconsin,2862797,2465741
2024,Long-term Care,Michigan,4661004,4266417
2016,Critical Illness,Georgia,5341012,3819758
2021,Indemnity Health,Arizona,3492301,3473839
2017,Dental & Vision,Missouri,2984789,2466899
2016,Dental & Vision,Tennessee,3988112,3015869
2024,Cancer Insurance,Michigan,3102362,2878303
2015,Indemnity Health,Florida,9383858,7163400
2024,Critical Illness,Texas,9869433,5281897
2019,Accident Insurance,Virginia,4050281,2687195
2024,Long-term Care,Ohio,4193719,5139844
2015,Accident Insurance,North Carolina,3332658,2163143
2015,Long-term Care,North Carolina,5071093,4899811
2021,Cancer Insurance,Illinois,6835343,5442299
2021,Dental & Vision,Wisconsin,2929015,2359430
2022,Dental & Vision,New York,9678540,7199703
2019,Critical Illness,Wisconsin,3001819,1561193
2024,Long-term Care,Tennessee,3089779,3173388
2024,Accident Insurance,Georgia,3757115,3859237
2017,Indemnity Health,Florida,6407374,5563354
2017,Long-term Care,Maryland,4203078,3666410
2021,Accident Insurance,Illinois,6757495,5490712
2019,Cancer Insurance,Ohio,5375001,4641547
2020,Long-term Care,Missouri,2729186,2663054
2020,Indemnity Health,Wisconsin,3660024,3777386
2018,Accident Insurance,Texas,9486062,8208486
2021,Indemnity Health,California,13762764,11540963
2018,Critical Illness,Massachusetts,4592917,2876965
2019,Indemnity Health,Virginia,5104768,4557087
2016,Cancer Insurance,Indiana,3626427,2671706
2020,Accident Insurance,North Carolina,5061467,4983593
2022,Cancer Insurance,Maryland,4830786,4162782
2024,Long-term Care,Georgia,3082261,3013120
2022,Long-term Care,Tennessee,3460660,3861194
2018,Critical Illness,Massachusetts,5863362,2910623
2019,Cancer Insurance,Florida,9668420,5146840
2015,Long-term Care,Virginia,4243639,4181001
2022,Accident Insurance,Virginia,3740362,2525508
2015,Critical Illness,Illinois,5262877,3785932
2022,Cancer Insurance,North Carolina,3344963,2739457
2018,Critical Illness,Tennessee,3317464,2009852
2021,Critical Illness,Pennsylvania,4176044,2740461
2021,Critical Illness,Florida,6633543,5652868
2020,Long-term Care,New Jersey,4580840,5624096
2021,Cancer Insurance,Pennsylvania,4041865,2449987
2019,Accident Insurance,Pennsylvania,4982047,3976076
2016,Long-term Care,North Carolina,5480077,5189751
2019,Critical Illness,Florida,9180170,4986965
2022,Accident Insurance,Massachusetts,4618184,4277396
2023,Long-term Care,Virginia,4864043,5616433
2016,Long-term Care,Indiana,2230138,2154107
2023,Indemnity Health,North Carolina,5795401,4402593
2022,Accident Insurance,California,10004984,9702780
2015,Critical Illness,Wisconsin,2599992,1782837
2017,Indemnity Health,Maryland,4399904,3760465
2020,Long-term Care,Florida,8454521,10349630
2024,Dental & Vision,Washington,4889831,4269663
2017,Cancer Insurance,Florida,6744115,5796214
2016,Dental & Vision,Arizona,3141287,2521488
2016,Critical Illness,Michigan,3058034,2334399
2015,Indemnity Health,Georgia,4095615,3426277
2015,Cancer Insurance,New York,12624935,9667068
2019,Long-term Care,Tennessee,3426164,4200001
2016,Dental & Vision,Virginia,5204445,4267995
2023,Dental & Vision,Massachusetts,5629663,4186663
2017,Indemnity Health,Florida,9471851,8928621
2024,Critical Illness,Wisconsin,3258782,2459353
2015,Critical Illness,New Jersey,5822879,3559614
2018,Accident Insurance,Indiana,2857347,2687578
2020,Accident Insurance,Illinois,4944787,3889862
2017,Accident Insurance,California,10358567,8154499
2019,Long-term Care,North Carolina,4421098,5329139
2018,Critical Illness,Massachusetts,3652854,2727345
2017,Dental & Vision,Washington,5131038,4098921
2021,Long-term Care,California,11050522,11959719
2021,Indemnity Health,Massachusetts,5573579,5295573
2016,Long-term Care,Virginia,3787673,4379830
2022,Cancer Insurance,Wisconsin,3691425,2311634
2019,Dental & Vision,Illinois,6871361,5360230
2024,Critical Illness,Pennsylvania,6360614,5862506
2018,Long-term Care,Michigan,4963199,5161275
2015,Critical Illness,California,14749595,8958586
2015,Indemnity Health,Wisconsin,2924493,2465895
2018,Long-term Care,New York,12967957,15118213
2018,Accident Insurance,Maryland,4072978,3718849
2018,Dental & Vision,California,11479894,9248233
2022,Long-term Care,Wisconsin,3527748,4455257
2018,Cancer Insurance,Indiana,2718756,2326047
2021,Dental & Vision,Indiana,2598522,2214852
2019,Indemnity Health,Maryland,4436542,4412323
2020,Cancer Insurance,Pennsylvania,4120218,2556814
2017,Dental & Vision,Wisconsin,2646872,2003114
2023,Indemnity Health,Tennessee,4356673,4177111
2020,Cancer Insurance,Ohio,5892483,4184793
2019,Dental & Vision,Georgia,5209909,4022861
2021,Cancer Insurance,New York,12710609,10826250
2019,Cancer Insurance,New York,10302173,7412836
2018,Cancer Insurance,California,11245363,6693842
2019,Cancer Insurance,Washington,3803834,3662451
2020,Dental & Vision,Michigan,4257557,3604177
2023,Dental & Vision,Tennessee,3743157,2887617
2023,Cancer Insurance,Arizona,3221153,1937099
2021,Dental & Vision,Maryland,3128558,2648915
2022,Cancer Insurance,North Carolina,3496131,2714534
2024,Cancer Insurance,Virginia,3526957,2792516
2022,Dental & Vision,Pennsylvania,5461177,4016362
2019,Indemnity Health,Washington,5817560,4839445
2015,Long-term Care,Georgia,4345819,4049096
2018,Dental & Vision,Maryland,4146463,3708675
2018,Accident Insurance,North Carolina,3385787,3282032
2017,Cancer Insurance,New Jersey,4156559,3382388
2021,Indemnity Health,Ohio,5373096,4357995
2020,Dental & Vision,Texas,8032444,7077442
2015,Critical Illness,Maryland,3901032,2880202
2021,Critical Illness,North Carolina,5632597,3027862
2024,Cancer Insurance,North Carolina,4266469,3654645
2022,Dental & Vision,Ohio,5236435,3984659
2019,Cancer Insurance,Virginia,5208804,3981374
2024,Critical Illness,Virginia,3992182,3354804
2024,Long-term Care,Ohio,5225913,6575310
2020,Long-term Care,Missouri,3037580,2733092
2015,Cancer Insurance,Massachusetts,5910396,3894840
2016,Dental & Vision,Illinois,4981014,3979109
2022,Cancer Insurance,Arizona,2935659,2145195
2017,Dental & Vision,Maryland,3692989,3252526
2015,Cancer Insurance,Wisconsin,3522295,3007552
2016,Cancer Insurance,New York,11626885,10103128
2020,Cancer Insurance,Texas,7614624,5404245
2015,Dental & Vision,Washington,4623607,4178478
2018,Accident Insurance,Missouri,4085654,3020332
2016,Indemnity Health,Arizona,3824370,3163799
2024,Cancer Insurance,Ohio,3910836,2445321
2023,Long-term Care,New Jersey,3905132,4090631
2024,Accident Insurance,Illinois,6850899,4816158
2023,Accident Insurance,Tennessee,2823330,2701961
2016,Accident Insurance,Georgia,5292528,4500551
2016,Critical Illness,New York,9155642,6103816
2024,Accident Insurance,Arizona,4051392,2537192
2024,Cancer Insurance,Illinois,5496793,4660400
2022,Accident Insurance,Wisconsin,3867360,3011601
2016,Dental & Vision,Maryland,4912886,3199258
2017,Dental & Vision,Florida,9851623,9006056
2020,Dental & Vision,Ohio,4683803,4435769
2018,Long-term Care,Michigan,4048977,4362499
2017,Accident Insurance,Massachusetts,4415212,2791435
2015,Indemnity Health,Michigan,4058596,3721169
2021,Long-term Care,Illinois,7487616,8356000
2021,Critical Illness,Massachusetts,3826179,2679903
2018,Critical Illness,New York,12803661,8194170
2018,Long-term Care,New Jersey,5581871,6236629
2021,Long-term Care,New York,12060603,12350231
2020,Critical Illness,New York,8829666,6979756
2020,Indemnity Health,Florida,6609506,6257041
2023,Dental & Vision,Massachusetts,4122891,3504963
2017,Long-term Care,Maryland,3775228,3272278
2017,Accident Insurance,Virginia,3634766,2236700
2018,Long-term Care,Virginia,5278091,5728656
2021,Cancer Insurance,Georgia,4225197,3729069
2016,Indemnity Health,New York,11894795,10506945
2019,Critical Illness,Illinois,6279545,4588003
2022,Dental & Vision,Ohio,4005591,4069109
2024,Dental & Vision,Virginia,5310411,4399607
2024,Critical Illness,Tennessee,2765947,1922628
2023,Dental & Vision,Wisconsin,3287249,2693350
2023,Cancer Insurance,North Carolina,4329068,2778794
2016,Accident Insurance,Arizona,4643809,3236742
2018,Critical Illness,Massachusetts,6065546,3831502
2015,Long-term Care,Michigan,3363228,3285886
2020,Critical Illness,Florida,8204062,6352916
2018,Accident Insurance,Illinois,6433973,5852494
2022,Accident Insurance,California,14215050,11671346
2022,Accident Insurance,Washington,3621530,2632389
2019,Critical Illness,Virginia,3862341,2856870
2015,Critical Illness,Michigan,4953279,2703100
2019,Accident Insurance,Maryland,5161713,3650172
2023,Cancer Insurance,Georgia,5290873,3949420
2016,Cancer Insurance,Illinois,6488054,4282658
2020,Critical Illness,Indiana,2768804,1753463
2015,Long-term Care,Texas,11910848,12045336
2024,Critical Illness,California,10834256,7813016
2020,Dental & Vision,Texas,8391011,6223492
2024,Long-term Care,Florida,6146652,6380325
2021,Long-term Care,Indiana,2440292,2299475
2015,Accident Insurance,Massachusetts,6106669,5457002
2019,Dental & Vision,Texas,11352369,9448114
2021,Accident Insurance,Virginia,4381529,2830842
2018,Accident Insurance,New Jersey,4562496,3990735
2016,Critical Illness,North Carolina,4388101,3428379
2024,Accident Insurance,Illinois,4944223,3162513
2016,Indemnity Health,Massachusetts,3985699,3892293
2021,Accident Insurance,North Carolina,5174410,4657468
2023,Critical Illness,New Jersey,5319540,3494185
2016,Cancer Insurance,Ohio,5306153,3017112
2015,Critical Illness,Virginia,4401766,3128328
2021,Long-term Care,Ohio,5965476,7191209
2016,Accident Insurance,Missouri,3783870,2927471
2021,Accident Insurance,Ohio,4997100,3661058
2024,Long-term Care,Massachusetts,5301141,5520461
2018,Cancer Insurance,Virginia,4783446,4125379
2017,Long-term Care,Indiana,3721472,4476081
2022,Cancer Insurance,Florida,7786572,6753241
2020,Dental & Vision,Maryland,4442581,4002222
2021,Accident Insurance,Illinois,6325432,5786041
2020,Critical Illness,Florida,7051346,5814409
2015,Dental & Vision,Indiana,2832604,2032505
2015,Long-term Care,North Carolina,3237320,3095418
2017,Long-term Care,Indiana,3944313,4506016
2015,Cancer Insurance,Washington,4840448,3920860
2018,Indemnity Health,Pennsylvania,5315950,5670534
2023,Critical Illness,Georgia,4201787,3426670
2024,Indemnity Health,Massachusetts,4368774,5132153
2018,Indemnity Health,Illinois,7081064,6347156
2016,Critical Illness,Maryland,3975899,2004569
2017,Critical Illness,Missouri,4152564,2265996
2022,Accident Insurance,New York,10571729,7043978
2023,Critical Illness,Florida,7029472,5398662
2016,Long-term Care,North Carolina,3381809,3432371
2016,Cancer Insurance,Texas,11570148,7769480
2015,Dental & Vision,Maryland,3267898,2535228
2023,Accident Insurance,Ohio,4953160,4122544
2015,Indemnity Health,New Jersey,5209829,5134826
2018,Critical Illness,Georgia,4766973,2951277
2024,Dental & Vision,Texas,7784127,6728464
2024,Long-term Care,Tennessee,4333615,4411368
2018,Indemnity Health,New York,11253943,9331260
2023,Cancer Insurance,Arizona,3828606,3413601
2017,Long-term Care,Virginia,4056324,4197423
2018,Dental & Vision,Missouri,3633625,2828653
2020,Dental & Vision,Tennessee,3170493,2814343
2017,Dental & Vision,North Carolina,3810538,3079711
2019,Critical Illness,Missouri,2326456,1807202
2024,Long-term Care,California,13256186,14324647
2024,Long-term Care,Illinois,4531671,4321513
2023,Cancer Insurance,Missouri,2378259,1802140
2021,Cancer Insurance,Missouri,2847941,2266214
2024,Critical Illness,Florida,9649817,8205157
2015,Indemnity Health,California,14273412,13953583
2019,Accident Insurance,New Jersey,6410907,4828390
2019,Cancer Insurance,Arizona,3226457,2533043
2020,Accident Insurance,Tennessee,4445890,3780847
2019,Critical Illness,Missouri,2893853,2122785
2021,Dental & Vision,Arizona,2964106,2645280
2021,Accident Insurance,Arizona,3946575,2643403
2022,Critical Illness,Maryland,4729182,3034454
2019,Cancer Insurance,Arizona,3392637,2444006
2018,Cancer Insurance,Virginia,5097295,4535035
2015,Cancer Insurance,Tennessee,3910377,2811174
2019,Cancer Insurance,Florida,8897941,8106010
2023,Dental & Vision,Pennsylvania,6964964,5896754
2017,Long-term Care,Washington,4247886,3729294
2018,Long-term Care,California,12689360,12367469
2020,Critical Illness,Washington,5189212,4321605
2020,Critical Illness,Pennsylvania,4782731,4188469
2019,Long-term Care,New York,12957769,11649824
2021,Critical Illness,Florida,7714923,5653864
2020,Indemnity Health,Michigan,4665981,4573444
2021,Accident Insurance,California,11694992,7521999
2021,Indemnity Health,Pennsylvania,4476332,4180674
2016,Critical Illness,Massachusetts,4982481,4243783
2022,Dental & Vision,Missouri,3423393,3027518
2024,Accident Insurance,Indiana,3021932,2169598
2019,Dental & Vision,Ohio,5379885,4558235
2023,Critical Illness,Missouri,3606716,2058169
2023,Cancer Insurance,North Carolina,3984196,3354864
2023,Indemnity Health,Georgia,3585595,3488123
2016,Accident Insurance,Washington,4412369,3638450
2022,Accident Insurance,Wisconsin,3146965,2569916
2024,Indemnity Health,Pennsylvania,5974321,5536422
2018,Critical Illness,New York,11987733,10281705
2019,Accident Insurance,Arizona,2876161,2643342
2015,Accident Insurance,New York,8247324,7593220
2017,Long-term Care,Pennsylvania,5490745,4900982
2022,Critical Illness,North Carolina,4071380,2798598
2022,Long-term Care,Washington,4122891,5181311
2022,Accident Insurance,Missouri,2624882,2313876
2018,Indemnity Health,Indiana,2509514,2020914
2023,Cancer Insurance,Tennessee,3281869,2281831
2023,Accident Insurance,New York,9910974,9174065
2022,Accident Insurance,Indiana,2894909,2849755
2021,Critical Illness,Ohio,5007750,4526410
2016,Accident Insurance,Missouri,2674820,1869314
2020,Critical Illness,Ohio,4768290,2585499
2020,Long-term Care,Indiana,2535785,2729750
2024,Critical Illness,Georgia,3639759,3188491
2024,Critical Illness,Michigan,3049247,2123174
2021,Critical Illness,California,11193868,9922268
2019,Dental & Vision,Virginia,4655314,3446389
2017,Accident Insurance,Arizona,3446609,3498370
2018,Accident Insurance,Virginia,5059309,3869224
2017,Indemnity Health,Missouri,4197359,3428912
2018,Indemnity Health,Maryland,4485709,4594594
2019,Cancer Insurance,Missouri,4155810,2935323
2020,Accident Insurance,Maryland,4012208,3068174
2021,Long-term Care,Georgia,3650698,3472224
2016,Indemnity Health,Arizona,4770561,4456611
2018,Long-term Care,Indiana,2429557,2728294
2018,Indemnity Health,Georgia,4914861,4430167
2018,Critical Illness,Massachusetts,5204820,3214454
2016,Critical Illness,Maryland,3175974,2124110
2020,Critical Illness,Indiana,2942600,2603141
2020,Cancer Insurance,Massachusetts,5973890,4859108
2018,Dental & Vision,Texas,11386563,9027384
2019,Dental & Vision,Ohio,5742011,5301347
2017,Long-term Care,Washington,5383488,5559539
2018,Cancer Insurance,Washington,4225177,3491047
2023,Accident Insurance,Wisconsin,2908991,2316426
2024,Indemnity Health,Georgia,5427938,4500960
2023,Long-term Care,North Carolina,4821188,5680457
2020,Dental & Vision,Tennessee,3924440,3583326
2018,Indemnity Health,Virginia,5426696,4713803
2020,Long-term Care,Wisconsin,3082951,3926180
2022,Critical Illness,New York,10499356,5840847
2023,Dental & Vision,Wisconsin,3650193,2499945
2015,Dental & Vision,Georgia,3328949,2812313
2024,Cancer Insurance,Maryland,4693901,4095578
2018,Cancer Insurance,New York,11895695,8045834
2022,Critical Illness,Wisconsin,3019504,2187193
2019,Critical Illness,Virginia,3283378,2490190
2021,Indemnity Health,Missouri,2970834,2645955
2016,Indemnity Health,California,9053264,7041724
2018,Long-term Care,California,14318487,14730110
2016,Accident Insurance,New Jersey,3801035,2905572
2022,Dental & Vision,Massachusetts,4925974,3454121
2021,Long-term Care,North Carolina,3244197,3049444
2019,Cancer Insurance,Maryland,3922409,3303718
2017,Long-term Care,Virginia,4021479,4430745
2020,Indemnity Health,Indiana,3689132,3529600
2017,Long-term Care,Indiana,3168811,3912525
2019,Critical Illness,Illinois,5045516,2794225
2023,Cancer Insurance,Missouri,3558573,3143400
2019,Dental & Vision,New York,11317089,8523216
2022,Critical Illness,Florida,8658489,7098910
2016,Accident Insurance,California,10509242,8860812
2015,Cancer Insurance,Ohio,5867650,4901721
2016,Indemnity Health,Illinois,5143761,3763318
2021,Accident Insurance,California,9828090,8562646
2021,Indemnity Health,Arizona,2955080,2417860
2015,Dental & Vision,North Carolina,4815804,3102929
2018,Accident Insurance,California,11519470,10415575
2017,Accident Insurance,North Carolina,4299674,2630417
2024,Cancer Insurance,New Jersey,6110391,3710556
2019,Long-term Care,Indiana,2611301,2879690
2021,Indemnity Health,Ohio,3566020,2688052
2016,Accident Insurance,New York,8842541,8645281
2020,Dental & Vision,Missouri,2987651,2048072
2019,Dental & Vision,Indiana,2653477,2038184
2019,Dental & Vision,Florida,7574109,5245468
2015,Critical Illness,New Jersey,4350037,3775079
2022,Accident Insurance,Virginia,4789336,4882668
2015,Cancer Insurance,Indiana,3158374,2021371
2016,Accident Insurance,Texas,7879481,5305128
2019,Long-term Care,Massachusetts,3764893,4290565
2021,Cancer Insurance,North Carolina,5214347,4958269
2016,Cancer Insurance,Texas,8768900,7025767
2020,Long-term Care,Pennsylvania,6908459,7410261
2016,Dental & Vision,Virginia,4952546,4050215
2023,Accident Insurance,Wisconsin,4246868,3508262
2021,Critical Illness,Georgia,3950914,2358681
2016,Dental & Vision,Arizona,3820709,2833755
2018,Cancer Insurance,North Carolina,5639103,5040776
2024,Cancer Insurance,Wisconsin,3943580,3638045
2021,Critical Illness,Washington,3937154,3485429
2019,Long-term Care,Michigan,4619616,4883799
2019,Indemnity Health,Washington,4111986,3357102
2022,Critical Illness,Illinois,5325642,4056171
2024,Indemnity Health,Missouri,3674985,3510726
2023,Dental & Vision,Florida,8497120,6106736
2016,Accident Insurance,California,13825494,9390125
2017,Dental & Vision,Virginia,4821951,3612839
2021,Accident Insurance,New York,10076221,6740519
2016,Accident Insurance,North Carolina,3363837,3082952
2015,Cancer Insurance,Florida,9263239,6362504
2016,Critical Illness,Tennessee,4300950,2587256
2016,Cancer Insurance,Arizona,3828281,2813654
2023,Dental & Vision,New Jersey,4173905,2821048
2022,Long-term Care,North Carolina,4450393,4214425
2019,Dental & Vision,New Jersey,4181100,3053192
2017,Indemnity Health,Michigan,3903760,3904463
2018,Indemnity Health,Illinois,5521862,5939543
2020,Accident Insurance,New Jersey,5362138,5113015
2018,Long-term Care,Arizona,3520402,3610977
2023,Long-term Care,Massachusetts,5632904,5892467
2021,Accident Insurance,Maryland,4456346,3626559
2022,Cancer Insurance,Georgia,4208580,2799263
2016,Accident Insurance,North Carolina,4027819,3288751
2023,Critical Illness,Massachusetts,4566439,2621940
2023,Cancer Insurance,Illinois,5889897,4321884
2018,Critical Illness,Tennessee,3671026,2703658
2020,Cancer Insurance,Missouri,4150072,2566543
2023,Indemnity Health,California,12872906,12779440
2022,Accident Insurance,Tennessee,3474548,3195920
2023,Indemnity Health,Florida,6769395,6608725
2019,Indemnity Health,New York,9782600,10046046
2020,Dental & Vision,Washington,3945696,3050178
2017,Indemnity Health,Wisconsin,2572410,2065923
2022,Cancer Insurance,Pennsylvania,4430580,2939668
2023,Accident Insurance,Missouri,4071189,3195372
2015,Cancer Insurance,Texas,10508774,5787288
2021,Dental & Vision,Illinois,6694626,4553219
2019,Long-term Care,Massachusetts,5059343,5146083
2021,Accident Insurance,Tennessee,3681619,3016185
2024,Long-term Care,Georgia,4723194,4745389
2020,Dental & Vision,Massachusetts,5362031,4406257
2024,Accident Insurance,North Carolina,5121769,4150972
2018,Accident Insurance,Michigan,3599162,2879913
2020,Cancer Insurance,Ohio,4937786,2881058
2023,Long-term Care,Washington,3644789,3120793
2019,Dental & Vision,Georgia,4721848,3682852
2022,Cancer Insurance,Arizona,2874623,1834174
2023,Dental & Vision,North Carolina,4987821,4638795
2015,Indemnity Health,Florida,8512155,6498101
2016,Long-term Care,Illinois,5004802,4687326
2022,Indemnity Health,Tennessee,3704042,3855009
2016,Long-term Care,Wisconsin,3522851,4210069
2017,Dental & Vision,Arizona,3520558,3071581
2023,Dental & Vision,Virginia,3465256,2718102
2023,Dental & Vision,Washington,5791738,4960010
2015,Indemnity Health,Missouri,3673175,3560523
2016,Indemnity Health,Florida,9968870,7820138
2020,Cancer Insurance,Maryland,4850930,3226061
2020,Critical Illness,Maryland,3221751,1596359
2023,Indemnity Health,Tennessee,4037592,4213063
2023,Accident Insurance,Washington,4843949,3182854
2020,Accident Insurance,Maryland,5095883,4023513
2017,Critical Illness,Missouri,2972628,1513032
2015,Long-term Care,Wisconsin,2418462,2099757
2019,Indemnity Health,Washington,4504748,4536406
2019,Cancer Insurance,Texas,11845234,8506836
2018,Cancer Insurance,Tennessee,2927497,1868911
2018,Long-term Care,Michigan,3876861,4727826
2024,Critical Illness,Georgia,4842023,4319712
2019,Long-term Care,Florida,8544685,9975623
2019,Indemnity Health,Georgia,5005109,4811217
2020,Critical Illness,Virginia,4925362,3399166
2024,Dental & Vision,Florida,6297237,5669052
2016,Accident Insurance,Massachusetts,4020301,2635599
2020,Dental & Vision,Illinois,4815012,3362143
2023,Long-term Care,Tennessee,3559719,4263260
2019,Indemnity Health,Florida,7403449,7812407
2019,Cancer Insurance,New York,8418916,5484992
2022,Dental & Vision,Georgia,4566489,3637757
2016,Accident Insurance,Indiana,2394721,1777998
2018,Long-term Care,Tennessee,3492901,3531257
2016,Indemnity Health,Virginia,4409097,3721795
2019,Accident Insurance,Massachusetts,5025486,4592227
2020,Cancer Insurance,Texas,11368931,6740891
2023,Dental & Vision,Michigan,3629673,2716810
2018,Indemnity Health,Florida,8197890,8583282
2024,Accident Insurance,New Jersey,4684796,3269122
2024,Dental & Vision,Virginia,4275423,3196531
2018,Accident Insurance,Arizona,4636730,4274201
2020,Accident Insurance,Wisconsin,2426438,1657357
2017,Dental & Vision,Georgia,4734380,4123921
2020,Accident Insurance,Michigan,4459701,2891377
2023,Long-term Care,Texas,7714004,8556940
2022,Dental & Vision,Virginia,4839335,3826249
2015,Long-term Care,Ohio,3645661,3979083
2022,Dental & Vision,California,11091982,8658771
2022,Dental & Vision,Georgia,4991364,3779606
2017,Long-term Care,New York,8027919,8984657
2019,Long-term Care,New York,10682397,11562472
2021,Accident Insurance,Florida,9640731,9531994
2022,Dental & Vision,Pennsylvania,4668114,3260171
2022,Critical Illness,Arizona,3528598,2501018
2015,Cancer Insurance,Georgia,4440482,3705086
2015,Indemnity Health,Arizona,3959723,4087432
2024,Dental & Vision,Washington,5032568,4618769
2015,Dental & Vision,New York,9542488,8111832
2024,Accident Insurance,Ohio,5794989,4016522
2021,Dental & Vision,Michigan,4398433,3349601
2022,Long-term Care,Pennsylvania,6873757,6288159
2023,Indemnity Health,Maryland,3139145,3025685
2018,Critical Illness,Georgia,3598125,2283025
2017,Cancer Insurance,Virginia,3548432,2618494
2019,Accident Insurance,New York,8515336,5931057
2015,Long-term Care,Maryland,4858344,5905714
2018,Dental & Vision,Illinois,5077383,3824166
2016,Cancer Insurance,California,11972097,11609788
2022,Dental & Vision,Michigan,4638702,4470687
2022,Cancer Insurance,North Carolina,4765553,4191635
2023,Dental & Vision,Wisconsin,2595038,2632412
2017,Accident Insurance,Ohio,5595828,4821842
2022,Long-term Care,Michigan,3889019,4391306
2023,Dental & Vision,Texas,10608157,7384925
2023,Critical Illness,Florida,7507486,4732295
2024,Indemnity Health,Massachusetts,5322446,4501347
2017,Cancer Insurance,Massachusetts,4510137,2625897
2022,Dental & Vision,Virginia,4396644,3895584
2024,Dental & Vision,Arizona,2999924,2155739
2018,Critical Illness,Pennsylvania,6717538,5433193
2016,Cancer Insurance,Arizona,3397130,2511761
2018,Critical Illness,Illinois,5665748,4065715
2022,Critical Illness,North Carolina,4562767,3972828
2015,Accident Insurance,New York,9947688,6259037
2018,Critical Illness,Florida,7415413,5917712
2017,Critical Illness,Florida,8309442,5247024
2024,Long-term Care,Illinois,4743625,5286391
2023,Cancer Insurance,Massachusetts,4931008,5032846
2016,Indemnity Health,Washington,5940743,5709600
2016,Dental & Vision,Massachusetts,5027060,4608255
2018,Accident Insurance,Missouri,4149021,3183177
2020,Cancer Insurance,Tennessee,3766087,2441296
2016,Indemnity Health,North Carolina,4226557,3239070
2019,Indemnity Health,Virginia,4301579,3650246
2023,Long-term Care,Washington,4097351,3708045
2018,Critical Illness,Maryland,3574880,1821868
2024,Cancer Insurance,Washington,4307884,3939835
2016,Accident Insurance,Tennessee,3487340,2738393
2018,Long-term Care,Indiana,3916809,3945787
2019,Accident Insurance,Illinois,5512614,3768449
2016,Dental & Vision,Georgia,3050253,2306298
2024,Cancer Insurance,Tennessee,4259226,4261606
2015,Cancer Insurance,Indiana,3353133,2342510
2024,Critical Illness,Washington,5350883,4347473
2018,Cancer Insurance,Maryland,4287624,3467864
2023,Critical Illness,Wisconsin,3943451,2781485
2015,Cancer Insurance,Illinois,5714314,3114619
2018,Cancer Insurance,Missouri,2308068,1784351
2023,Long-term Care,New Jersey,5857257,5927615
2015,Cancer Insurance,Virginia,4678740,3542894
2016,Long-term Care,Georgia,4122632,3815950
2017,Long-term Care,Washington,5938578,5539338
2021,Critical Illness,Illinois,4665938,3339851
2017,Long-term Care,Wisconsin,3489848,3938537
2015,Long-term Care,Washington,4337809,5126472
2016,Cancer Insurance,Washington,5208241,3842591
2019,Critical Illness,New York,10999685,6218500
2017,Cancer Insurance,Wisconsin,3171999,2470363
2017,Dental & Vision,Virginia,4124179,2798143
2015,Accident Insurance,New York,12675309,10319630
2022,Accident Insurance,Wisconsin,2752096,2537516
2017,Accident Insurance,North Carolina,4946469,3462408
2022,Long-term Care,Tennessee,4115481,4724244
2021,Cancer Insurance,Pennsylvania,6629721,4076961
2016,Dental & Vision,Maryland,3523101,2732667
2022,Accident Insurance,Florida,8933713,6263888
2021,Indemnity Health,Maryland,4821947,4511727
2016,Indemnity Health,Missouri,3688783,3396895
2021,Accident Insurance,Virginia,3893721,3494140
2017,Accident Insurance,Michigan,4155851,2647889
2015,Critical Illness,Maryland,4665518,2159371
2022,Critical Illness,Illinois,6786783,5185473
2018,Long-term Care,Wisconsin,2857994,3323169
2016,Dental & Vision,Illinois,7311423,6264903
2017,Cancer Insurance,Indiana,2722398,1984619
2022,Indemnity Health,New York,8203430,8116899
2016,Indemnity Health,Arizona,4167833,3154330
2016,Indemnity Health,Maryland,3344906,2448713
2023,Long-term Care,Missouri,3197998,3304956
2024,Cancer Insurance,New Jersey,5361112,3380577
2021,Accident Insurance,Michigan,3601866,3452656
2019,Cancer Insurance,Pennsylvania,5037943,3970621
2015,Indemnity Health,New York,10771835,7671925
2024,Long-term Care,Wisconsin,3515465,3103746
2017,Long-term Care,Florida,6678896,7544598
2024,Cancer Insurance,North Carolina,4276930,3374475
2022,Critical Illness,Pennsylvania,4675768,2802644
2018,Indemnity Health,California,14712770,12280016
2022,Accident Insurance,Michigan,4576200,3079507
2015,Dental & Vision,Michigan,3941761,3604507
2022,Critical Illness,Texas,11952898,9739709
2024,Accident Insurance,Missouri,3750829,2653434
2018,Indemnity Health,California,11217392,10768255
2024,Cancer Insurance,Maryland,3095925,1932897
2021,Indemnity Health,California,11588788,10989571
2024,Indemnity Health,Indiana,3407664,3680211
2020,Accident Insurance,Texas,7755007,6752554
2021,Accident Insurance,New Jersey,6457878,4993471
2018,Long-term Care,New Jersey,4535853,5172687
2015,Accident Insurance,Massachusetts,4813028,3268924
2022,Dental & Vision,Massachusetts,4612961,3646163
2020,Critical Illness,New Jersey,4241052,3876281
2015,Accident Insurance,Massachusetts,5473399,3785048
2017,Dental & Vision,Maryland,4538332,4099127
2019,Cancer Insurance,Virginia,4176352,3040752
2017,Dental & Vision,North Carolina,4632281,3464271
2018,Indemnity Health,Maryland,5145179,4189938
2022,Indemnity Health,Washington,3507402,3017964
2019,Accident Insurance,Virginia,4418898,3403393
2023,Cancer Insurance,Maryland,4535544,3708700
2018,Long-term Care,Virginia,4372991,4202455
2020,Dental & Vision,Tennessee,3006121,2278654
2018,Cancer Insurance,Pennsylvania,6008778,4349104
2016,Critical Illness,Arizona,4474448,3255460
2022,Accident Insurance,Arizona,3108673,2905728
2023,Dental & Vision,Massachusetts,4330248,3220486
2015,Indemnity Health,Pennsylvania,5881621,4278616
2023,Cancer Insurance,Michigan,3971027,3519333
2022,Cancer Insurance,Virginia,3378351,2112079
2016,Critical Illness,Wisconsin,3956177,2738447
2021,Long-term Care,Missouri,4130779,5087166
2023,Accident Insurance,Pennsylvania,5631318,5025482
2015,Long-term Care,Arizona,2992472,2405980
2023,Dental & Vision,Indiana,3123198,2702105
2015,Accident Insurance,Ohio,3958446,3409542
2017,Critical Illness,Missouri,3325392,2575904
2023,Cancer Insurance,Ohio,4182668,2536339
2016,Cancer Insurance,North Carolina,5380108,4766594
2020,Long-term Care,New York,8224497,9080971
2015,Accident Insurance,Indiana,3600015,3041621
2021,Indemnity Health,Georgia,5240444,4258029
2020,Long-term Care,Massachusetts,5861052,6007231
2024,Accident Insurance,Georgia,3128042,2157338
2017,Critical Illness,North Carolina,4697105,3762483
2022,Critical Illness,New Jersey,4099416,3433588
2016,Accident Insurance,California,13061382,10601132
2016,Cancer Insurance,New York,11088987,8459168
2017,Accident Insurance,California,9215130,6061429
2018,Long-term Care,Florida,9364449,10159747
2019,Critical Illness,Georgia,5027473,3521712
2016,Accident Insurance,Michigan,3128152,2620649
2024,Dental & Vision,Arizona,3791767,3482252
2020,Dental & Vision,New Jersey,4448670,3393332
2020,Long-term Care,Virginia,3786924,3525371
2017,Critical Illness,New York,12427611,6716299
2024,Indemnity Health,California,10792860,11579322
2018,Indemnity Health,Florida,8871430,7053867
2023,Accident Insurance,New York,12664020,9332768
2016,Indemnity Health,Ohio,5014415,4451052
2021,Cancer Insurance,Illinois,5960867,4143512
2023,Critical Illness,Texas,10053598,5359606
2019,Dental & Vision,Massachusetts,4708527,4546065
2021,Cancer Insurance,Florida,7576011,5210685
2022,Accident Insurance,Illinois,6393221,5307794
2024,Dental & Vision,Wisconsin,3422580,3341520
2015,Accident Insurance,Texas,7945311,6491832
2017,Indemnity Health,Maryland,3379301,3100853
2017,Indemnity Health,Ohio,4220486,4369143
2017,Accident Insurance,California,9897913,6962135
2024,Cancer Insurance,Illinois,5299713,3279759
2020,Long-term Care,Ohio,5671195,7095427
2016,Dental & Vision,Illinois,6220067,4647348
2021,Accident Insurance,Washington,5189717,3587866
2021,Dental & Vision,New Jersey,4985980,3917593
2015,Dental & Vision,Washington,5038729,4177461
2019,Cancer Insurance,North Carolina,5319622,5167139
2019,Indemnity Health,Virginia,4518767,3929866
2019,Dental & Vision,New York,8194068,5881069
2017,Accident Insurance,New York,8164818,6880438
2024,Dental & Vision,North Carolina,4088654,3698055
2019,Cancer Insurance,New Jersey,4553760,3352929
2017,Accident Insurance,Michigan,3653505,3370493
2017,Long-term Care,Georgia,5176281,5670669
2017,Accident Insurance,Wisconsin,3474217,2820786
2024,Critical Illness,Illinois,4828324,3978090
2024,Cancer Insurance,Wisconsin,3892735,2836898
2020,Critical Illness,Florida,8389142,5222878
2024,Indemnity Health,Washington,3512803,3768774
2024,Accident Insurance,Massachusetts,3996809,3352803
2015,Accident Insurance,Illinois,7159492,5225002
2017,Indemnity Health,California,14336936,12083755
2020,Indemnity Health,Texas,10328292,9970472
2023,Cancer Insurance,Tennessee,3756611,2743737
2018,Accident Insurance,Maryland,3959211,3141651
2015,Dental & Vision,Illinois,6732260,4958600
2020,Dental & Vision,Ohio,4456662,3124786
2024,Critical Illness,Wisconsin,2433774,1722066
2023,Cancer Insurance,Pennsylvania,4096871,3415579
2017,Long-term Care,Texas,9631896,8903378
2016,Critical Illness,Georgia,5422563,4464897
2019,Dental & Vision,Michigan,4459121,3729237
2017,Accident Insurance,Maryland,3362982,2992525
2017,Accident Insurance,Missouri,4180907,3498310
2022,Accident Insurance,Ohio,5815455,4258742
2021,Long-term Care,Washington,4298366,4883010
2020,Long-term Care,Indiana,2552507,2678181
2021,Cancer Insurance,Maryland,4214166,3250258
2022,Indemnity Health,Illinois,6843628,7062749
2023,Critical Illness,Wisconsin,3518721,2828698
2016,Cancer Insurance,New Jersey,5952455,4800479
2016,Critical Illness,Massachusetts,5367503,3114545
2018,Long-term Care,Maryland,3681680,3400852
2022,Critical Illness,Texas,7642642,3960317
2017,Long-term Care,North Carolina,5238023,5647761
2020,Long-term Care,Massachusetts,4705395,4872129
2015,Accident Insurance,Maryland,4506850,3685484
2024,Dental & Vision,North Carolina,5073228,3503932
2020,Accident Insurance,Pennsylvania,4020493,3409312
2024,Indemnity Health,Florida,9731699,7305495
2016,Dental & Vision,North Carolina,5502031,5184689
2015,Long-term Care,New York,10470589,9709637
2017,Indemnity Health,North Carolina,5348581,4630515
2019,Dental & Vision,Florida,6322111,5953239
2015,Indemnity Health,Maryland,3662597,2920561
2018,Accident Insurance,North Carolina,4612567,3877977
2024,Long-term Care,Missouri,3001824,3320221
2016,Cancer Insurance,Maryland,3680651,2307688
2024,Long-term Care,Maryland,4083143,3796981
2017,Accident Insurance,Wisconsin,4150672,3284244
2022,Long-term Care,Ohio,3909346,4720706
2021,Dental & Vision,California,10490654,9494479
2016,Dental & Vision,North Carolina,4056560,2650472
2023,Cancer Insurance,Pennsylvania,6546988,5203515
2020,Dental & Vision,Maryland,4003090,3638996
2019,Dental & Vision,Texas,10152548,8170810
2015,Cancer Insurance,Tennessee,4276649,2365870
2024,Critical Illness,Texas,9213299,7002584
2015,Accident Insurance,Wisconsin,2673757,1652034
2018,Dental & Vision,Washington,4906019,4140399
2023,Long-term Care,Virginia,3655822,3879643
2023,Dental & Vision,New Jersey,4274605,3375879
2018,Long-term Care,Washington,5300354,4976350
2016,Accident Insurance,California,14079685,9473834
2016,Cancer Insurance,Illinois,4766382,3166279
2020,Cancer Insurance,Wisconsin,2797814,2581307
2015,Long-term Care,Illinois,6805452,7353597
2022,Long-term Care,Missouri,3482474,3306020
2021,Indemnity Health,Michigan,3359446,3450545
2024,Accident Insurance,Texas,11087603,7929540
2022,Dental & Vision,Illinois,6241510,5171143
2023,Accident Insurance,Washington,5103215,4216073
2015,Indemnity Health,North Carolina,4015520,3771729
2023,Indemnity Health,North Carolina,5028706,4616476
2020,Dental & Vision,Massachusetts,6079511,4398467
2021,Cancer Insurance,Tennessee,3012145,2224439
2016,Long-term Care,Missouri,2897746,3447711
2017,Indemnity Health,Wisconsin,3232059,2462415
2018,Indemnity Health,Massachusetts,5473529,4618866
2015,Long-term Care,Indiana,3266051,3909805
2016,Cancer Insurance,Maryland,4828079,3636903
2021,Cancer Insurance,Texas,10017890,8624589
2022,Critical Illness,Virginia,4008695,2320430
2024,Dental & Vision,Virginia,5193948,5354047
2016,Accident Insurance,California,13236464,12750211
2015,Indemnity Health,Wisconsin,3206760,3009751
2020,Accident Insurance,Wisconsin,4174723,3346055
2017,Accident Insurance,North Carolina,4058033,3285299
2024,Dental & Vision,Illinois,7403421,5335551
2018,Critical Illness,Massachusetts,4768957,3624438
2017,Critical Illness,North Carolina,5709128,4181683
2018,Long-term Care,North Carolina,4066237,4684267
2016,Dental & Vision,North Carolina,4191156,3285608
2017,Accident Insurance,Maryland,4874941,3660807
2021,Dental & Vision,Georgia,3520004,2863740
2024,Long-term Care,Missouri,3716534,3468940
2016,Dental & Vision,Washington,4913606,3922282
2021,Cancer Insurance,New York,12212115,7994326
2021,Accident Insurance,Georgia,5266208,3444973
2021,Indemnity Health,Illinois,4529608,3459883
2020,Accident Insurance,Virginia,3913735,3308740
2022,Long-term Care,California,14149578,12815486
2016,Critical Illness,Missouri,2799598,1421692
2019,Long-term Care,Michigan,3070435,3138768
2020,Indemnity Health,California,12670850,11878994
2019,Accident Insurance,Maryland,4953252,4469219
2018,Dental & Vision,California,10358916,8266455
2019,Accident Insurance,New York,10025311,6876159
2024,Indemnity Health,Virginia,5073833,4579988
2022,Long-term Care,Florida,9147224,10295011
2015,Cancer Insurance,Michigan,3887629,2211862
2019,Accident Insurance,Florida,9385810,7471130
2022,Indemnity Health,Tennessee,2590883,2134405
2019,Cancer Insurance,Texas,9343058,7989415
2017,Dental & Vision,California,11801224,9066449
2023,Accident Insurance,Indiana,3640006,3019091
2015,Indemnity Health,Washington,5688364,5690635
2021,Dental & Vision,Pennsylvania,6341801,4149942
2019,Cancer Insurance,Washington,3889284,2930528
2016,Indemnity Health,Maryland,4370565,3541233
2023,Critical Illness,Massachusetts,5205575,4076138
